student_id,class_id,attendance_rate,participation_rate,correctness_rate,semantic_score,engagement_score,consistency_score,response_time,recent_activity_count,xp,level,badges_count,streak,weak_concepts_count,risk_label
stu_00001,class_040,82.65,79.79,86.18,96.61,81.71,81.16,26.23,10.0,1791.0,8.0,4.0,8.0,0.0,low
stu_00002,class_010,53.5,47.47,35.99,31.67,55.29,68.77,29.04,8.0,1005.0,5.0,2.0,11.0,2.0,medium
stu_00003,class_030,36.22,62.2,34.44,47.62,46.18,60.62,41.55,10.0,1549.0,7.0,2.0,15.0,1.0,medium
stu_00004,class_008,88.13,82.74,85.79,94.06,83.99,87.03,28.48,9.0,1772.0,8.0,4.0,5.0,0.0,low
stu_00005,class_014,82.05,92.61,70.7,67.58,75.22,59.59,25.43,17.0,2178.0,9.0,4.0,32.0,0.0,low
stu_00006,class_034,75.71,67.16,80.39,84.49,76.84,73.39,22.48,8.0,1481.0,6.0,3.0,10.0,0.0,low
stu_00007,class_035,43.51,33.19,66.93,74.71,47.83,51.35,30.34,0.0,851.0,4.0,2.0,0.0,1.0,medium
stu_00008,class_009,74.71,62.78,82.43,81.66,73.23,80.92,21.02,12.0,1582.0,7.0,3.0,14.0,0.0,low
stu_00009,class_039,94.37,64.07,77.3,80.61,71.3,31.38,20.27,0.0,1342.0,6.0,3.0,0.0,0.0,low
stu_00010,class_022,83.58,74.95,40.84,31.13,63.72,23.3,21.42,1.0,895.0,4.0,1.0,0.0,7.0,high
stu_00011,class_032,66.9,88.33,88.74,91.02,78.31,94.22,26.44,11.0,1797.0,8.0,4.0,18.0,0.0,low
stu_00012,class_002,86.85,84.87,83.95,80.61,81.65,98.86,15.44,7.0,1696.0,7.0,4.0,7.0,0.0,low
stu_00013,class_005,20.19,9.45,60.01,57.65,30.92,45.67,173.07,3.0,306.0,2.0,0.0,5.0,5.0,high
stu_00014,class_025,69.96,74.19,28.72,71.45,55.63,71.35,20.46,8.0,4696.0,18.0,8.0,16.0,2.0,medium
stu_00015,class_003,43.97,34.75,94.37,79.62,62.94,88.22,22.05,16.0,1873.0,8.0,3.0,15.0,1.0,low
stu_00016,class_016,73.1,56.15,60.66,58.55,62.81,59.69,22.01,4.0,996.0,4.0,1.0,4.0,1.0,medium
stu_00017,class_013,,51.26,63.12,68.39,64.91,67.66,14.43,9.0,1063.0,5.0,2.0,12.0,1.0,medium
stu_00018,class_002,80.2,84.24,61.49,50.85,79.85,82.67,23.6,10.0,1636.0,7.0,4.0,6.0,0.0,low
stu_00019,class_010,81.96,86.33,92.75,94.44,72.58,,23.36,0.0,1785.0,8.0,5.0,0.0,0.0,low
stu_00020,class_022,81.65,81.91,78.32,69.89,82.64,76.61,28.79,8.0,1578.0,7.0,4.0,6.0,1.0,low
stu_00021,class_024,76.26,83.45,46.58,61.3,72.49,95.54,,10.0,1564.0,7.0,4.0,14.0,4.0,low
stu_00022,class_036,38.54,15.97,77.78,74.6,39.93,14.87,45.08,3.0,268.0,2.0,1.0,1.0,5.0,high
stu_00023,class_025,57.15,31.84,84.17,82.94,53.08,46.95,93.74,3.0,731.0,3.0,3.0,2.0,0.0,medium
stu_00024,class_019,81.52,95.63,87.29,70.89,88.65,91.06,19.68,11.0,2009.0,9.0,5.0,13.0,0.0,low
stu_00025,class_011,29.03,15.22,54.09,54.91,30.72,28.19,20.67,5.0,491.0,2.0,0.0,8.0,4.0,high
stu_00026,class_010,77.69,35.08,50.19,48.82,52.56,57.84,35.28,3.0,640.0,3.0,1.0,1.0,2.0,medium
stu_00027,class_033,82.06,96.01,90.97,87.03,81.62,35.77,40.96,0.0,2073.0,9.0,5.0,0.0,0.0,low
stu_00028,class_012,,52.51,43.8,31.61,64.41,67.95,37.78,9.0,1212.0,5.0,1.0,15.0,0.0,medium
stu_00029,class_003,97.03,100.0,90.22,82.03,94.95,88.26,21.58,13.0,2275.0,10.0,6.0,16.0,0.0,low
stu_00030,class_039,29.35,24.38,17.04,16.21,29.2,54.94,72.24,5.0,648.0,3.0,0.0,5.0,5.0,high
stu_00031,class_035,77.46,91.6,91.71,78.5,85.3,91.35,23.03,17.0,1969.0,8.0,4.0,14.0,0.0,low
stu_00032,class_006,72.0,39.32,64.79,72.66,57.58,42.69,28.43,5.0,887.0,4.0,1.0,7.0,3.0,medium
stu_00033,class_009,26.24,49.47,94.3,78.23,57.55,88.31,35.96,5.0,1619.0,7.0,5.0,2.0,0.0,low
stu_00034,class_033,93.66,73.36,100.0,,79.04,28.7,13.47,0.0,1347.0,6.0,4.0,0.0,0.0,low
stu_00035,class_032,97.23,59.36,57.91,46.79,70.37,46.57,21.41,5.0,1276.0,6.0,2.0,10.0,2.0,medium
stu_00036,class_028,72.52,100.0,83.24,86.41,76.36,67.23,20.24,9.0,1975.0,8.0,4.0,18.0,0.0,low
stu_00037,class_004,51.47,,29.15,33.82,42.6,52.58,36.33,1.0,726.0,3.0,1.0,0.0,5.0,high
stu_00038,class_013,91.46,65.14,73.6,87.57,76.8,71.33,26.16,8.0,1541.0,7.0,3.0,10.0,0.0,low
stu_00039,class_013,93.75,74.64,79.97,78.84,79.64,54.17,22.84,6.0,1594.0,7.0,3.0,6.0,1.0,low
stu_00040,class_004,72.43,86.77,76.44,75.29,74.17,,19.74,8.0,1764.0,8.0,3.0,10.0,1.0,low
stu_00041,class_014,88.84,75.08,89.48,85.69,86.08,78.38,67.16,5.0,1614.0,7.0,4.0,9.0,0.0,low
stu_00042,class_001,84.33,66.25,89.32,87.48,81.8,80.94,42.94,7.0,1447.0,6.0,5.0,15.0,0.0,low
stu_00043,class_033,84.4,74.87,,69.3,78.54,81.89,30.68,12.0,1658.0,7.0,4.0,10.0,0.0,low
stu_00044,class_007,60.66,65.03,51.93,52.45,55.21,69.72,83.28,2.0,1120.0,5.0,1.0,2.0,2.0,medium
stu_00045,class_027,37.41,70.76,69.23,73.14,52.9,67.54,25.81,3.0,1241.0,5.0,2.0,4.0,1.0,medium
stu_00046,class_025,88.9,85.96,91.23,81.64,92.68,74.0,20.21,18.0,2004.0,9.0,5.0,17.0,1.0,low
stu_00047,class_028,93.02,92.38,93.62,94.73,92.94,75.72,14.93,16.0,2316.0,10.0,5.0,23.0,0.0,low
stu_00048,class_022,61.45,34.96,77.06,84.89,56.87,27.2,36.59,8.0,892.0,4.0,1.0,8.0,1.0,medium
stu_00049,class_010,87.1,81.5,79.45,88.17,83.34,87.66,23.34,11.0,1905.0,8.0,3.0,13.0,0.0,low
stu_00050,class_032,98.32,81.27,68.77,68.31,79.44,54.91,30.24,0.0,1905.0,8.0,4.0,0.0,0.0,low
stu_00051,class_027,81.55,100.0,55.9,59.49,76.99,56.6,37.93,3.0,1751.0,8.0,,1.0,0.0,medium
stu_00052,class_031,57.12,50.25,61.77,81.55,57.86,29.77,26.63,8.0,1026.0,5.0,1.0,10.0,2.0,medium
stu_00053,class_031,40.36,34.33,88.54,82.47,56.12,82.97,21.52,9.0,1417.0,6.0,4.0,7.0,0.0,low
stu_00054,class_013,76.38,57.68,57.14,56.57,67.68,88.39,70.89,8.0,1046.0,5.0,1.0,12.0,0.0,medium
stu_00055,class_040,59.81,43.82,68.46,66.45,53.89,33.87,26.79,6.0,832.0,4.0,1.0,4.0,1.0,medium
stu_00056,class_018,40.17,65.4,88.6,85.04,61.82,46.59,65.73,8.0,1545.0,7.0,4.0,7.0,1.0,medium
stu_00057,class_033,42.18,60.49,100.0,100.0,65.44,64.13,66.76,1.0,1190.0,5.0,2.0,1.0,3.0,medium
stu_00058,class_002,52.95,60.93,42.64,46.57,49.91,53.99,24.5,2.0,1256.0,6.0,1.0,0.0,3.0,high
stu_00059,class_039,100.0,96.88,90.33,94.29,89.42,72.63,29.25,12.0,1930.0,8.0,4.0,8.0,1.0,low
stu_00060,class_038,100.0,13.75,64.86,56.23,60.84,41.77,33.68,5.0,467.0,2.0,1.0,6.0,3.0,medium
stu_00061,class_024,78.66,92.83,32.59,37.04,69.4,54.64,78.31,10.0,2025.0,9.0,3.0,12.0,3.0,medium
stu_00062,class_025,92.26,84.76,81.26,83.38,79.89,41.35,,0.0,1964.0,8.0,5.0,0.0,0.0,low
stu_00063,class_001,83.52,91.12,81.92,78.35,85.45,84.03,17.47,17.0,2181.0,9.0,5.0,,0.0,low
stu_00064,class_008,57.55,71.27,48.55,60.61,55.6,25.51,31.06,7.0,1649.0,7.0,3.0,14.0,3.0,medium
stu_00065,class_025,50.26,58.42,50.85,48.86,49.81,10.9,29.4,0.0,1206.0,5.0,1.0,0.0,2.0,medium
stu_00066,class_019,100.0,75.65,75.6,73.72,83.25,77.32,20.89,6.0,1464.0,6.0,3.0,6.0,2.0,low
stu_00067,class_020,44.3,43.15,69.59,78.86,51.45,61.31,38.3,5.0,889.0,4.0,1.0,0.0,4.0,medium
stu_00068,class_032,76.25,81.51,84.07,94.87,69.9,39.51,36.33,0.0,1535.0,7.0,3.0,0.0,0.0,low
stu_00069,class_029,100.0,79.1,81.32,88.1,84.92,74.41,28.69,12.0,1703.0,7.0,4.0,24.0,0.0,low
stu_00070,class_038,29.02,39.13,,75.22,46.07,32.04,55.29,1.0,644.0,3.0,0.0,0.0,6.0,high
stu_00071,class_038,47.0,24.67,78.99,89.49,49.03,37.93,129.07,1.0,526.0,3.0,0.0,2.0,1.0,high
stu_00072,class_004,80.74,90.03,61.54,,76.1,86.39,37.5,12.0,2041.0,9.0,5.0,10.0,0.0,low
stu_00073,class_008,100.0,52.25,39.44,41.49,60.88,24.4,59.44,1.0,14.0,1.0,0.0,0.0,7.0,high
stu_00074,class_007,87.14,83.83,93.36,89.54,86.17,95.41,10.86,8.0,1905.0,8.0,5.0,9.0,0.0,low
stu_00075,class_020,91.78,92.87,87.98,87.45,87.74,73.67,24.07,16.0,1991.0,8.0,5.0,25.0,0.0,low
stu_00076,class_027,100.0,85.3,85.53,71.55,89.72,97.64,38.4,12.0,1689.0,7.0,4.0,12.0,0.0,low
stu_00077,class_005,28.44,20.4,37.05,31.23,29.48,11.88,82.32,4.0,408.0,2.0,0.0,5.0,1.0,high
stu_00078,class_035,76.31,73.57,76.1,93.53,70.33,67.53,43.25,1.0,1309.0,6.0,3.0,1.0,2.0,medium
stu_00079,class_006,35.54,49.46,82.29,75.64,51.27,42.82,30.87,1.0,722.0,3.0,2.0,2.0,4.0,medium
stu_00080,class_004,43.27,76.77,79.38,85.56,64.63,57.34,75.45,7.0,1675.0,7.0,3.0,12.0,0.0,medium
stu_00081,class_016,100.0,17.53,71.74,67.66,67.4,68.19,43.85,2.0,160.0,1.0,1.0,1.0,3.0,medium
stu_00082,class_015,65.21,70.69,29.68,28.72,50.37,6.66,88.67,3.0,1347.0,6.0,3.0,5.0,2.0,high
stu_00083,class_011,45.56,65.65,56.39,48.72,48.12,25.9,65.45,1.0,1567.0,7.0,3.0,0.0,5.0,medium
stu_00084,class_018,62.36,55.19,51.25,55.92,59.77,79.79,62.33,5.0,1159.0,5.0,2.0,8.0,2.0,medium
stu_00085,class_027,53.14,78.84,65.78,66.2,69.28,98.89,39.75,5.0,1556.0,7.0,2.0,4.0,2.0,medium
stu_00086,class_015,87.87,91.26,80.84,99.75,79.83,60.7,25.14,17.0,2157.0,9.0,5.0,24.0,0.0,low
stu_00087,class_037,74.2,56.16,41.96,41.42,60.75,99.29,14.13,4.0,1105.0,5.0,1.0,4.0,1.0,medium
stu_00088,class_028,69.97,75.92,68.84,76.57,76.01,71.24,52.34,9.0,1595.0,7.0,2.0,19.0,4.0,medium
stu_00089,class_038,83.5,94.15,87.8,94.29,90.13,85.72,31.47,17.0,2178.0,9.0,6.0,23.0,0.0,low
stu_00090,class_010,79.41,85.76,89.69,99.17,78.26,72.84,20.15,10.0,1758.0,8.0,3.0,18.0,0.0,low
stu_00091,class_005,25.57,69.51,51.97,72.03,37.98,15.53,35.67,2.0,1298.0,6.0,1.0,4.0,1.0,medium
stu_00092,class_014,,80.96,89.7,98.24,86.98,88.84,26.89,8.0,1583.0,7.0,4.0,13.0,1.0,low
stu_00093,class_031,88.6,71.49,77.57,89.48,76.66,90.75,21.38,6.0,1723.0,7.0,4.0,3.0,0.0,low
stu_00094,class_002,79.7,82.7,82.2,77.15,84.1,77.23,20.56,12.0,1617.0,7.0,4.0,18.0,0.0,low
stu_00095,class_008,40.27,60.59,42.54,46.38,40.84,28.3,95.43,0.0,1116.0,5.0,1.0,0.0,1.0,high
stu_00096,class_019,51.46,0.92,42.11,43.46,35.04,12.54,30.89,5.0,43.0,1.0,0.0,6.0,4.0,high
stu_00097,class_022,94.99,54.07,88.53,94.8,83.36,84.12,44.83,18.0,1352.0,6.0,5.0,31.0,1.0,low
stu_00098,class_001,77.76,49.0,67.84,74.79,60.45,21.97,13.66,0.0,904.0,4.0,1.0,0.0,2.0,medium
stu_00099,class_022,79.34,100.0,75.96,71.5,81.75,75.62,11.5,7.0,2054.0,9.0,3.0,9.0,0.0,low
stu_00100,class_040,42.17,50.37,51.11,65.04,41.77,47.99,30.56,4.0,844.0,4.0,1.0,3.0,1.0,medium
stu_00101,class_028,34.88,49.01,59.98,59.04,48.8,38.72,49.25,7.0,1222.0,5.0,1.0,14.0,1.0,medium
stu_00102,class_037,86.93,86.66,52.84,58.2,77.11,74.4,21.78,9.0,1650.0,7.0,3.0,11.0,5.0,medium
stu_00103,class_038,67.77,27.54,75.91,83.53,56.39,79.07,14.03,1.0,413.0,2.0,0.0,0.0,2.0,medium
stu_00104,class_002,98.93,96.32,66.07,57.41,81.06,26.34,18.72,0.0,1843.0,8.0,3.0,0.0,1.0,low
stu_00105,class_010,83.42,89.21,91.06,96.42,93.13,100.0,22.42,7.0,1657.0,7.0,5.0,13.0,0.0,low
stu_00106,class_012,56.05,48.3,74.43,75.09,60.99,73.42,44.44,6.0,1106.0,5.0,1.0,3.0,3.0,medium
stu_00107,class_037,82.71,36.73,76.42,74.21,63.69,42.51,35.58,7.0,919.0,4.0,2.0,,0.0,medium
stu_00108,class_021,36.26,39.49,38.9,36.68,35.23,28.29,24.81,0.0,787.0,4.0,1.0,0.0,3.0,high
stu_00109,class_007,94.07,68.49,45.83,58.2,68.74,62.51,32.51,4.0,1617.0,7.0,3.0,8.0,3.0,medium
stu_00110,class_040,63.54,26.63,59.62,54.5,50.08,46.8,26.71,6.0,680.0,3.0,1.0,6.0,0.0,medium
stu_00111,class_016,82.8,74.93,95.41,100.0,84.9,70.7,24.07,5.0,1535.0,7.0,4.0,6.0,0.0,low
stu_00112,class_003,25.76,40.43,87.89,81.47,54.41,79.61,22.3,16.0,1774.0,8.0,4.0,26.0,2.0,low
stu_00113,class_025,19.74,24.03,5.24,0.0,17.12,9.46,61.84,2.0,393.0,2.0,0.0,5.0,2.0,high
stu_00114,class_026,99.5,48.91,96.43,94.3,86.8,100.0,19.85,13.0,1330.0,6.0,4.0,25.0,0.0,low
stu_00115,class_015,90.77,87.72,81.6,78.69,85.68,88.49,24.03,5.0,1817.0,8.0,5.0,4.0,0.0,low
stu_00116,class_012,88.03,85.85,79.69,83.22,76.0,63.36,22.02,7.0,1768.0,8.0,,8.0,1.0,low
stu_00117,class_033,30.92,45.88,66.57,74.21,51.69,53.06,49.1,10.0,1090.0,5.0,1.0,15.0,1.0,medium
stu_00118,class_024,88.26,65.31,87.67,82.29,82.6,80.32,18.7,10.0,1308.0,6.0,4.0,7.0,0.0,low
stu_00119,class_034,78.1,75.08,61.23,67.9,71.01,18.68,31.8,9.0,1734.0,7.0,2.0,15.0,2.0,medium
stu_00120,class_029,80.17,90.12,69.62,76.58,86.5,95.83,27.49,10.0,2041.0,9.0,5.0,18.0,0.0,low
stu_00121,class_037,76.55,51.68,36.0,59.48,57.75,58.35,37.73,10.0,3308.0,13.0,7.0,25.0,4.0,medium
stu_00122,class_020,53.86,46.84,44.79,51.53,52.22,51.7,38.72,9.0,1107.0,5.0,2.0,11.0,3.0,medium
stu_00123,class_010,68.1,74.89,64.7,59.05,67.53,64.31,29.13,3.0,,7.0,2.0,1.0,0.0,medium
stu_00124,class_031,41.84,57.33,36.73,44.65,45.34,62.12,25.69,0.0,1111.0,5.0,2.0,0.0,3.0,high
stu_00125,class_019,67.73,85.99,100.0,100.0,83.62,94.79,21.95,16.0,2044.0,9.0,4.0,14.0,0.0,low
stu_00126,class_021,30.59,32.66,75.51,82.81,48.57,74.91,32.92,7.0,709.0,3.0,1.0,14.0,3.0,medium
stu_00127,class_001,79.42,85.72,66.31,65.09,79.76,87.45,17.08,16.0,2050.0,9.0,4.0,26.0,1.0,low
stu_00128,class_023,90.61,89.58,92.95,81.11,97.04,88.78,21.16,18.0,2048.0,9.0,5.0,21.0,1.0,low
stu_00129,class_001,43.94,47.75,66.07,66.43,55.61,65.54,51.4,8.0,1134.0,5.0,2.0,9.0,3.0,medium
stu_00130,class_012,66.14,54.7,66.1,64.88,60.3,45.79,27.38,1.0,1093.0,5.0,2.0,0.0,1.0,medium
stu_00131,class_027,5.17,37.41,49.35,59.41,32.53,43.7,42.99,4.0,809.0,4.0,1.0,9.0,3.0,high
stu_00132,class_034,86.91,87.69,90.02,98.15,91.49,76.96,39.11,6.0,1837.0,8.0,5.0,6.0,0.0,low
stu_00133,class_012,63.31,76.04,79.41,78.68,64.04,56.52,70.92,6.0,1665.0,7.0,3.0,6.0,3.0,medium
stu_00134,class_034,80.82,100.0,80.62,88.21,84.8,92.03,37.47,6.0,1889.0,8.0,5.0,5.0,1.0,low
stu_00135,class_026,18.65,46.32,77.6,79.31,51.38,86.96,22.82,13.0,2150.0,9.0,4.0,12.0,0.0,low
stu_00136,class_017,91.75,88.38,94.12,85.16,99.11,90.15,17.53,12.0,1882.0,8.0,5.0,12.0,1.0,low
stu_00137,class_038,40.64,70.13,69.13,76.92,54.19,44.06,91.7,5.0,1515.0,7.0,2.0,4.0,1.0,medium
stu_00138,class_002,35.69,55.65,31.81,16.98,33.38,7.62,71.13,3.0,1144.0,5.0,1.0,6.0,2.0,high
stu_00139,class_015,75.8,67.9,90.13,97.22,77.6,92.99,24.33,18.0,1513.0,7.0,3.0,17.0,0.0,low
stu_00140,class_009,67.41,72.42,35.64,41.87,50.35,9.92,59.1,0.0,1493.0,6.0,3.0,0.0,0.0,medium
stu_00141,class_025,93.1,82.23,90.44,85.73,82.1,74.99,35.36,5.0,1698.0,7.0,4.0,8.0,0.0,low
stu_00142,class_004,23.39,31.67,63.78,91.73,46.39,66.38,18.16,10.0,2116.0,9.0,4.0,12.0,0.0,low
stu_00143,class_027,87.36,78.95,76.75,77.01,83.55,82.35,25.14,13.0,1638.0,7.0,3.0,16.0,2.0,low
stu_00144,class_039,64.66,68.64,71.92,78.99,69.76,,69.05,7.0,1482.0,6.0,3.0,11.0,2.0,medium
stu_00145,class_012,7.52,35.39,95.52,78.72,40.05,25.98,109.18,2.0,806.0,4.0,1.0,2.0,1.0,high
stu_00146,class_013,58.78,26.05,61.75,71.18,48.46,61.04,104.17,8.0,638.0,3.0,1.0,9.0,2.0,medium
stu_00147,class_028,83.95,85.47,78.93,66.36,80.95,100.0,39.47,16.0,1950.0,8.0,4.0,18.0,1.0,low
stu_00148,class_020,54.55,42.8,24.14,23.8,44.0,68.34,57.47,6.0,995.0,4.0,2.0,7.0,2.0,medium
stu_00149,class_007,37.76,62.33,83.87,95.88,61.47,84.07,18.68,8.0,1528.0,7.0,4.0,8.0,4.0,medium
stu_00150,class_026,97.42,69.6,94.69,97.37,87.35,60.8,18.42,15.0,1776.0,8.0,4.0,26.0,1.0,low
stu_00151,class_037,98.32,79.95,83.81,89.5,82.66,38.36,21.31,0.0,1605.0,7.0,4.0,0.0,0.0,low
stu_00152,class_014,70.79,49.2,53.68,42.91,62.23,83.39,34.67,7.0,1128.0,5.0,2.0,13.0,2.0,medium
stu_00153,class_025,79.37,44.7,61.53,64.09,62.66,36.63,29.74,5.0,1160.0,5.0,2.0,6.0,3.0,medium
stu_00154,class_014,86.82,69.34,72.25,73.72,76.51,66.98,38.34,13.0,1582.0,7.0,3.0,15.0,0.0,low
stu_00155,class_029,76.36,69.66,80.59,73.77,74.46,100.0,15.92,8.0,1557.0,7.0,3.0,7.0,0.0,low
stu_00156,class_011,49.37,28.22,27.46,14.95,30.49,0.0,56.65,0.0,576.0,3.0,1.0,0.0,1.0,high
stu_00157,class_029,75.72,48.06,84.73,72.55,68.37,61.02,20.19,7.0,1121.0,5.0,2.0,0.0,3.0,medium
stu_00158,class_034,74.04,23.94,72.48,48.12,58.3,47.94,44.75,8.0,4273.0,17.0,9.0,14.0,2.0,medium
stu_00159,class_017,16.58,53.69,59.42,48.89,38.85,42.51,23.97,1.0,896.0,4.0,1.0,0.0,7.0,high
stu_00160,class_030,64.01,22.1,33.53,27.24,44.43,28.69,33.2,6.0,574.0,3.0,1.0,3.0,1.0,medium
stu_00161,class_028,38.45,1.59,51.3,59.12,28.68,38.06,55.38,1.0,179.0,1.0,1.0,4.0,3.0,high
stu_00162,class_015,49.57,50.33,43.53,39.92,50.06,61.83,31.63,5.0,921.0,4.0,1.0,5.0,2.0,medium
stu_00163,class_018,93.74,82.08,95.59,97.91,89.79,88.04,,6.0,1394.0,6.0,5.0,7.0,0.0,low
stu_00164,class_027,70.3,95.3,78.34,83.26,74.24,56.51,24.01,0.0,1867.0,8.0,2.0,0.0,0.0,low
stu_00165,class_009,47.02,17.25,81.06,81.88,44.77,40.86,50.86,5.0,561.0,3.0,0.0,5.0,0.0,high
stu_00166,class_002,81.78,83.73,89.94,100.0,87.31,75.07,29.29,8.0,1638.0,7.0,4.0,8.0,1.0,low
stu_00167,class_033,85.87,59.17,50.42,56.0,62.74,45.14,38.86,6.0,1325.0,6.0,3.0,5.0,2.0,medium
stu_00168,class_036,99.37,68.52,84.41,89.01,82.87,82.58,18.96,,1185.0,5.0,3.0,8.0,,low
stu_00169,class_008,75.34,67.89,32.46,37.31,53.21,17.02,21.94,6.0,1329.0,6.0,2.0,12.0,4.0,medium
stu_00170,class_013,85.48,68.79,,82.77,80.61,58.94,40.94,8.0,1557.0,7.0,3.0,7.0,4.0,medium
stu_00171,class_024,24.58,17.44,28.41,34.11,22.34,26.99,71.64,5.0,432.0,2.0,0.0,8.0,2.0,high
stu_00172,class_022,75.17,39.08,89.83,96.67,65.22,50.45,22.07,7.0,914.0,4.0,2.0,2.0,3.0,medium
stu_00173,class_005,65.98,32.12,29.41,25.35,42.2,29.77,27.18,1.0,380.0,2.0,0.0,1.0,3.0,high
stu_00174,class_016,25.76,43.12,6.26,7.03,24.26,29.13,89.21,0.0,0.0,4.0,1.0,0.0,1.0,high
stu_00175,class_019,89.95,92.96,80.15,68.98,86.02,66.62,28.41,16.0,2120.0,9.0,6.0,21.0,0.0,low
stu_00176,class_003,91.17,77.49,68.06,64.57,77.85,85.65,43.09,7.0,1583.0,7.0,4.0,12.0,0.0,low
stu_00177,class_021,33.16,37.45,76.65,74.83,48.53,84.04,41.33,3.0,889.0,4.0,1.0,5.0,0.0,medium
stu_00178,class_015,100.0,96.17,83.08,81.63,90.21,80.37,32.52,18.0,2183.0,9.0,5.0,28.0,1.0,low
stu_00179,class_039,49.58,21.1,24.58,25.98,28.57,15.11,38.51,2.0,571.0,3.0,0.0,2.0,5.0,high
stu_00180,class_021,50.38,75.39,100.0,95.3,69.05,60.81,25.15,7.0,1393.0,6.0,4.0,5.0,3.0,medium
stu_00181,class_012,94.61,77.42,89.79,84.77,87.52,85.56,25.01,11.0,1821.0,8.0,4.0,16.0,0.0,low
stu_00182,class_002,88.96,80.26,90.53,89.97,84.82,83.02,17.06,17.0,1821.0,8.0,4.0,14.0,1.0,low
stu_00183,class_034,93.53,73.19,78.78,94.62,84.0,81.26,21.14,6.0,1603.0,7.0,3.0,5.0,0.0,low
stu_00184,class_028,78.92,65.61,96.68,89.05,80.49,97.72,14.04,14.0,1488.0,6.0,3.0,11.0,0.0,low
stu_00185,class_012,89.18,80.81,81.28,74.08,87.42,100.0,18.26,12.0,1838.0,8.0,4.0,17.0,1.0,low
stu_00186,class_018,87.61,89.48,98.59,96.49,87.99,76.64,23.53,9.0,1887.0,8.0,4.0,15.0,1.0,low
stu_00187,class_027,51.71,44.9,43.55,40.86,50.42,60.35,57.84,7.0,787.0,4.0,1.0,5.0,0.0,medium
stu_00188,class_028,54.94,57.67,77.16,94.84,64.43,50.99,36.65,4.0,1366.0,6.0,2.0,1.0,0.0,medium
stu_00189,class_036,13.74,20.18,25.31,26.47,16.04,15.47,51.98,4.0,414.0,2.0,0.0,6.0,4.0,high
stu_00190,class_011,59.79,69.34,56.78,60.69,60.33,38.03,33.76,3.0,1403.0,6.0,2.0,2.0,1.0,medium
stu_00191,class_017,90.08,89.5,73.67,81.3,87.6,71.07,31.75,17.0,2019.0,9.0,4.0,33.0,0.0,low
stu_00192,class_014,41.63,15.82,11.45,10.18,28.67,35.2,81.57,3.0,424.0,2.0,0.0,3.0,3.0,high
stu_00193,class_038,82.04,61.6,,45.74,71.43,87.5,10.48,7.0,1249.0,5.0,2.0,2.0,0.0,low
stu_00194,class_020,66.2,61.53,39.83,37.54,59.26,42.19,58.41,5.0,1147.0,5.0,2.0,8.0,2.0,medium
stu_00195,class_032,49.21,82.19,49.23,47.9,57.52,41.24,58.99,5.0,1662.0,7.0,2.0,4.0,0.0,medium
stu_00196,class_010,17.12,43.53,26.55,14.34,31.06,39.03,40.93,4.0,931.0,4.0,1.0,1.0,4.0,high
stu_00197,class_015,84.84,91.51,86.23,,85.32,65.92,21.27,17.0,2324.0,,5.0,19.0,1.0,low
stu_00198,class_028,83.93,79.97,68.73,70.45,79.8,84.86,14.04,15.0,1893.0,8.0,4.0,29.0,0.0,low
stu_00199,class_040,31.47,25.53,35.96,38.6,31.58,64.35,165.01,0.0,469.0,2.0,1.0,0.0,3.0,high
stu_00200,class_015,35.99,51.01,89.95,85.93,59.1,30.73,41.23,2.0,1056.0,5.0,2.0,5.0,0.0,high
stu_00201,class_016,83.86,50.0,77.4,86.41,72.54,60.38,40.6,9.0,1345.0,6.0,3.0,7.0,2.0,medium
stu_00202,class_018,38.39,56.81,63.47,63.43,52.16,70.93,65.71,2.0,1068.0,5.0,1.0,3.0,2.0,medium
stu_00203,class_002,79.79,72.96,96.82,100.0,79.17,83.48,21.91,14.0,1776.0,8.0,3.0,11.0,0.0,low
stu_00204,class_013,47.66,32.32,80.47,86.33,57.65,52.42,32.72,10.0,1006.0,5.0,2.0,12.0,0.0,medium
stu_00205,class_010,84.72,83.32,88.23,77.88,84.55,75.89,18.99,10.0,1852.0,8.0,4.0,10.0,0.0,low
stu_00206,class_031,99.11,79.92,91.15,84.01,93.29,89.09,33.6,12.0,1693.0,7.0,5.0,19.0,1.0,low
stu_00207,class_002,84.38,96.12,85.48,95.84,88.3,,19.16,9.0,2078.0,9.0,6.0,14.0,0.0,low
stu_00208,class_003,33.79,13.64,55.26,47.23,35.89,41.62,32.78,2.0,161.0,1.0,1.0,2.0,3.0,high
stu_00209,class_014,75.26,64.24,55.31,53.93,67.52,76.96,41.55,,1156.0,5.0,2.0,0.0,1.0,medium
stu_00210,class_020,53.19,69.82,89.56,98.16,65.13,55.54,28.59,3.0,1295.0,6.0,2.0,0.0,2.0,medium
stu_00211,class_002,45.97,72.31,83.24,87.77,68.13,46.56,40.8,9.0,1389.0,6.0,3.0,7.0,0.0,medium
stu_00212,class_032,48.4,68.71,57.75,47.27,59.53,77.91,73.02,4.0,3569.0,14.0,11.0,25.0,5.0,medium
stu_00213,class_024,88.92,63.33,77.49,64.82,74.57,57.71,15.39,16.0,1562.0,7.0,3.0,21.0,0.0,low
stu_00214,class_023,0.0,34.2,47.92,48.52,25.05,34.89,57.76,2.0,665.0,3.0,1.0,4.0,3.0,high
stu_00215,class_009,83.59,80.99,74.97,72.2,79.05,82.32,16.05,8.0,1660.0,7.0,,16.0,0.0,low
stu_00216,class_020,95.83,76.43,72.98,85.13,88.17,94.13,27.05,13.0,1833.0,8.0,4.0,14.0,0.0,low
stu_00217,class_018,44.69,81.73,61.64,64.19,55.11,18.93,50.43,1.0,1723.0,7.0,3.0,2.0,1.0,medium
stu_00218,class_015,82.22,73.1,80.83,97.81,85.52,96.6,19.94,18.0,1749.0,7.0,5.0,16.0,1.0,low
stu_00219,class_034,78.84,62.49,66.64,64.01,63.16,56.56,88.38,2.0,1286.0,6.0,1.0,5.0,0.0,medium
stu_00220,class_019,80.75,100.0,94.56,92.54,93.35,93.17,27.88,11.0,2076.0,9.0,6.0,10.0,0.0,low
stu_00221,class_003,92.12,85.92,98.51,100.0,90.76,84.51,18.04,16.0,1845.0,8.0,4.0,17.0,0.0,low
stu_00222,class_010,98.23,76.84,69.72,66.67,80.7,98.27,28.85,4.0,1455.0,6.0,3.0,6.0,3.0,medium
stu_00223,class_029,52.19,64.82,45.63,40.12,53.58,35.35,34.05,2.0,1336.0,6.0,3.0,0.0,1.0,medium
stu_00224,class_013,53.73,29.66,49.56,47.56,42.69,20.87,108.4,4.0,769.0,4.0,1.0,1.0,2.0,high
stu_00225,class_034,44.96,62.98,78.93,72.05,54.61,38.76,50.84,3.0,1207.0,5.0,2.0,6.0,4.0,medium
stu_00226,class_010,19.7,22.86,29.45,19.27,22.65,13.76,24.45,2.0,268.0,2.0,0.0,0.0,2.0,high
stu_00227,class_022,93.72,97.77,97.36,100.0,96.28,80.11,21.87,13.0,2201.0,9.0,5.0,19.0,0.0,low
stu_00228,class_027,45.6,64.46,77.04,69.05,61.55,77.86,44.5,4.0,1202.0,5.0,1.0,5.0,3.0,medium
stu_00229,class_011,55.95,45.49,71.11,60.38,56.78,52.78,64.15,8.0,1295.0,6.0,1.0,12.0,2.0,medium
stu_00230,class_007,25.53,54.58,36.36,42.93,36.54,19.78,47.26,4.0,1085.0,5.0,1.0,6.0,2.0,high
stu_00231,class_021,61.91,78.39,89.35,78.39,76.66,93.29,28.49,16.0,2080.0,9.0,4.0,28.0,0.0,low
stu_00232,class_001,31.34,54.26,61.91,59.58,45.58,52.55,34.41,1.0,1114.0,5.0,2.0,3.0,1.0,medium
stu_00233,class_035,36.87,52.18,62.2,63.64,52.85,80.05,26.85,9.0,1170.0,5.0,1.0,17.0,2.0,medium
stu_00234,class_040,62.03,53.14,55.8,45.04,53.96,48.48,24.58,3.0,962.0,4.0,1.0,0.0,0.0,medium
stu_00235,class_030,67.28,36.53,59.74,72.01,57.12,54.41,75.8,3.0,622.0,3.0,0.0,2.0,0.0,medium
stu_00236,class_031,55.95,50.83,38.2,33.75,52.08,50.19,55.26,5.0,1107.0,5.0,2.0,6.0,1.0,medium
stu_00237,class_033,98.8,84.54,61.64,63.94,87.04,76.44,24.19,18.0,1822.0,8.0,3.0,11.0,0.0,low
stu_00238,class_019,67.35,47.31,62.19,52.77,54.86,9.5,34.09,0.0,1236.0,5.0,1.0,0.0,1.0,medium
stu_00239,class_020,38.94,23.04,54.39,58.75,36.8,48.79,82.19,3.0,239.0,1.0,1.0,6.0,2.0,medium
stu_00240,class_021,89.02,77.84,,70.81,88.95,96.0,17.32,10.0,1714.0,7.0,4.0,8.0,1.0,low
stu_00241,class_005,74.7,60.56,84.05,79.84,74.7,88.49,28.11,12.0,1585.0,7.0,4.0,0.0,,low
stu_00242,class_021,100.0,88.96,87.61,75.85,94.4,79.45,24.49,16.0,1894.0,8.0,5.0,21.0,1.0,low
stu_00243,class_021,79.94,100.0,89.94,85.34,93.36,73.97,22.87,15.0,2264.0,10.0,5.0,19.0,0.0,low
stu_00244,class_016,80.48,63.41,100.0,100.0,83.92,85.78,15.62,13.0,1333.0,6.0,5.0,20.0,0.0,low
stu_00245,class_007,49.28,32.85,76.71,64.92,41.73,9.6,74.64,0.0,865.0,4.0,2.0,0.0,4.0,high
stu_00246,class_006,52.52,31.0,78.22,83.9,54.43,36.54,19.66,6.0,555.0,3.0,0.0,5.0,1.0,medium
stu_00247,class_008,84.85,83.98,80.66,90.13,82.44,92.94,36.67,15.0,1848.0,8.0,4.0,11.0,1.0,low
stu_00248,class_025,41.81,40.26,58.87,48.02,47.82,48.73,34.03,3.0,843.0,4.0,2.0,5.0,3.0,high
stu_00249,class_001,87.1,59.46,69.63,75.34,69.86,53.84,34.89,5.0,892.0,4.0,2.0,8.0,2.0,medium
stu_00250,class_006,72.42,52.29,99.92,100.0,69.28,62.25,68.38,3.0,1164.0,5.0,2.0,1.0,1.0,medium
stu_00251,class_024,62.02,67.29,32.32,18.0,54.31,28.79,86.42,7.0,1505.0,,3.0,2.0,2.0,medium
stu_00252,class_022,22.9,38.79,24.26,31.11,27.7,34.28,56.37,0.0,809.0,4.0,1.0,0.0,4.0,high
stu_00253,class_013,85.43,79.64,78.77,77.02,82.26,76.98,45.46,13.0,1717.0,7.0,3.0,12.0,0.0,low
stu_00254,class_036,55.28,62.22,83.3,84.51,59.23,49.5,100.6,,1094.0,5.0,2.0,0.0,3.0,medium
stu_00255,class_027,77.23,28.72,75.39,72.33,64.93,47.24,40.22,10.0,826.0,4.0,1.0,14.0,2.0,medium
stu_00256,class_002,52.65,48.22,40.35,45.22,38.37,18.6,32.95,0.0,946.0,4.0,2.0,0.0,6.0,high
stu_00257,class_023,95.18,92.32,88.89,84.61,79.46,35.81,39.34,0.0,2296.0,10.0,5.0,0.0,0.0,low
stu_00258,class_026,48.78,52.11,36.27,35.91,46.61,72.49,76.34,2.0,1065.0,5.0,2.0,3.0,0.0,medium
stu_00259,class_025,36.97,31.1,76.88,74.29,37.77,9.86,44.58,1.0,526.0,3.0,1.0,0.0,1.0,high
stu_00260,class_039,33.55,31.86,82.76,83.86,49.05,21.29,39.72,1.0,634.0,3.0,1.0,4.0,3.0,high
stu_00261,class_020,43.71,39.82,30.78,23.14,38.64,0.0,38.72,2.0,764.0,4.0,2.0,3.0,5.0,high
stu_00262,class_007,82.28,67.94,73.86,55.78,74.99,73.3,44.41,5.0,1399.0,6.0,3.0,3.0,0.0,low
stu_00263,class_005,19.48,67.14,51.85,65.48,44.01,38.33,24.3,2.0,883.0,4.0,1.0,0.0,5.0,high
stu_00264,class_022,83.46,74.82,29.65,24.9,61.48,35.51,46.71,3.0,1048.0,5.0,1.0,2.0,6.0,medium
stu_00265,class_029,87.04,72.12,82.95,82.38,83.76,85.57,18.09,15.0,1548.0,7.0,4.0,26.0,0.0,low
stu_00266,class_023,45.24,56.09,86.73,82.36,64.22,66.2,18.87,9.0,901.0,4.0,2.0,10.0,0.0,medium
stu_00267,class_015,49.88,59.73,47.18,49.8,56.33,74.78,70.44,7.0,1204.0,5.0,1.0,13.0,1.0,medium
stu_00268,class_019,94.05,96.32,69.41,68.71,83.81,86.67,42.19,14.0,1784.0,8.0,3.0,17.0,0.0,low
stu_00269,class_003,89.2,74.52,82.7,89.39,84.33,72.3,31.99,11.0,1648.0,7.0,5.0,18.0,0.0,low
stu_00270,class_016,70.89,91.05,86.75,82.78,79.21,94.39,28.95,10.0,1863.0,8.0,4.0,15.0,0.0,low
stu_00271,class_012,81.39,56.1,50.58,57.13,56.76,22.17,28.04,2.0,1077.0,5.0,3.0,0.0,3.0,medium
stu_00272,class_028,96.8,80.62,81.15,84.96,87.68,79.65,24.37,14.0,1894.0,8.0,4.0,27.0,0.0,low
stu_00273,class_038,91.96,76.55,81.16,,85.45,88.14,29.07,6.0,1345.0,6.0,,9.0,0.0,low
stu_00274,class_019,,100.0,93.19,95.25,83.38,83.65,21.32,15.0,2291.0,10.0,4.0,22.0,2.0,low
stu_00275,class_040,30.46,9.06,23.22,14.27,24.06,39.45,101.44,3.0,225.0,1.0,0.0,6.0,1.0,high
stu_00276,class_008,17.94,14.67,43.64,42.07,20.59,20.46,46.9,0.0,244.0,1.0,0.0,0.0,5.0,high
stu_00277,class_010,88.2,87.44,91.6,,86.97,76.21,8.96,14.0,1860.0,8.0,4.0,15.0,1.0,low
stu_00278,class_035,82.08,56.91,80.44,73.98,69.83,43.02,51.15,5.0,987.0,4.0,3.0,4.0,2.0,medium
stu_00279,class_001,71.34,63.95,90.59,85.66,70.79,73.04,12.19,6.0,1285.0,6.0,2.0,8.0,2.0,medium
stu_00280,class_005,81.93,85.06,83.0,72.87,88.36,100.0,12.08,17.0,1995.0,8.0,5.0,32.0,0.0,low
stu_00281,class_012,77.48,48.77,91.42,95.53,72.25,68.29,31.63,9.0,1317.0,6.0,3.0,18.0,0.0,medium
stu_00282,class_007,22.09,45.64,41.12,54.53,34.09,40.39,69.64,0.0,908.0,4.0,2.0,0.0,2.0,high
stu_00283,class_012,37.69,61.67,88.86,67.43,58.4,80.39,95.64,1.0,1352.0,6.0,3.0,0.0,0.0,medium
stu_00284,class_038,93.4,70.99,95.79,100.0,89.41,72.08,41.9,8.0,1459.0,6.0,4.0,17.0,0.0,low
stu_00285,class_028,36.11,42.35,58.09,65.19,38.59,13.93,74.9,2.0,938.0,4.0,1.0,3.0,6.0,high
stu_00286,class_026,19.74,22.26,64.13,70.8,33.48,63.71,26.74,0.0,434.0,2.0,0.0,2.0,3.0,high
stu_00287,class_001,90.74,67.43,90.39,88.42,84.39,79.21,43.4,17.0,1939.0,8.0,4.0,14.0,0.0,low
stu_00288,class_023,90.78,100.0,90.41,,82.82,41.18,16.58,0.0,1865.0,8.0,4.0,0.0,0.0,low
stu_00289,class_025,83.33,85.65,87.44,82.99,85.54,83.63,17.71,11.0,1794.0,8.0,5.0,15.0,0.0,low
stu_00290,class_010,54.92,100.0,57.89,58.86,64.22,60.53,53.42,2.0,1953.0,8.0,3.0,3.0,3.0,medium
stu_00291,class_009,85.55,76.28,67.38,62.03,75.16,55.16,,9.0,1574.0,7.0,3.0,8.0,0.0,low
stu_00292,class_014,37.07,4.86,6.15,0.0,14.61,0.0,29.01,0.0,109.0,1.0,1.0,2.0,2.0,high
stu_00293,class_017,39.89,83.38,80.15,74.12,62.99,22.04,24.22,8.0,1632.0,7.0,3.0,8.0,1.0,medium
stu_00294,class_040,37.9,25.31,51.57,43.14,37.05,27.44,61.94,3.0,526.0,3.0,0.0,0.0,3.0,high
stu_00295,class_032,64.02,88.73,94.22,100.0,77.7,68.57,23.91,10.0,1676.0,7.0,3.0,7.0,0.0,low
stu_00296,class_024,34.89,25.14,,34.95,42.0,65.25,28.83,6.0,767.0,4.0,1.0,5.0,1.0,medium
stu_00297,class_013,64.91,58.51,74.24,56.4,58.49,32.92,33.37,2.0,1226.0,5.0,1.0,0.0,2.0,high
stu_00298,class_012,84.21,76.83,99.55,100.0,88.7,71.81,18.28,7.0,1731.0,7.0,4.0,8.0,0.0,low
stu_00299,class_010,39.46,20.46,19.41,25.64,30.64,36.36,46.63,4.0,482.0,2.0,0.0,9.0,3.0,high
stu_00300,class_040,87.52,83.74,76.56,85.14,84.8,100.0,49.86,16.0,1781.0,8.0,3.0,31.0,0.0,low
stu_00301,class_023,70.12,52.51,75.26,72.09,64.39,77.47,22.22,8.0,1256.0,6.0,1.0,13.0,3.0,medium
stu_00302,class_028,82.99,85.41,78.77,76.95,82.12,80.38,13.25,6.0,1609.0,7.0,4.0,9.0,1.0,low
stu_00303,class_022,95.67,91.3,83.88,78.03,94.21,86.94,26.85,13.0,1949.0,8.0,4.0,12.0,0.0,low
stu_00304,class_031,78.93,100.0,98.72,97.71,86.06,73.59,24.37,15.0,2146.0,9.0,5.0,12.0,0.0,low
stu_00305,class_007,77.66,89.39,60.0,60.46,75.94,72.43,32.31,14.0,1973.0,8.0,4.0,12.0,6.0,low
stu_00306,class_014,71.66,49.88,74.61,80.79,58.71,5.14,17.0,3.0,934.0,4.0,2.0,1.0,2.0,medium
stu_00307,class_026,88.47,84.87,92.5,100.0,86.59,62.66,30.08,12.0,1770.0,8.0,4.0,20.0,0.0,low
stu_00308,class_004,62.53,73.64,62.08,66.06,66.46,66.79,43.86,10.0,1714.0,7.0,3.0,9.0,3.0,medium
stu_00309,class_039,81.4,91.45,92.23,100.0,90.33,74.2,33.95,11.0,1746.0,7.0,4.0,12.0,0.0,low
stu_00310,class_009,77.92,74.3,100.0,96.75,82.69,65.82,39.78,15.0,1735.0,7.0,3.0,16.0,0.0,low
stu_00311,class_022,54.97,80.06,69.65,70.27,60.07,40.61,19.15,2.0,1649.0,7.0,2.0,1.0,0.0,medium
stu_00312,class_019,29.83,45.31,29.68,43.65,34.07,44.9,60.36,0.0,929.0,4.0,2.0,1.0,5.0,high
stu_00313,class_010,53.15,20.77,47.48,42.96,45.95,48.86,49.82,10.0,625.0,3.0,0.0,10.0,1.0,medium
stu_00314,class_028,53.15,48.79,65.99,70.09,58.61,62.31,41.01,7.0,1085.0,5.0,1.0,11.0,2.0,medium
stu_00315,class_002,59.92,35.16,58.97,59.69,53.51,75.79,23.37,4.0,788.0,4.0,1.0,5.0,4.0,medium
stu_00316,class_031,20.19,16.12,46.43,40.51,24.2,14.33,113.0,4.0,437.0,2.0,1.0,5.0,6.0,high
stu_00317,class_030,79.12,73.36,84.44,88.0,73.56,75.25,22.15,7.0,1401.0,6.0,4.0,8.0,0.0,low
stu_00318,class_025,78.65,92.88,86.59,90.77,75.46,44.93,25.9,4.0,1848.0,8.0,3.0,2.0,0.0,medium
stu_00319,class_028,70.14,86.38,92.7,100.0,86.28,80.75,20.1,15.0,1919.0,8.0,4.0,18.0,0.0,low
stu_00320,class_038,87.76,76.51,77.35,91.47,78.21,67.11,17.4,7.0,1515.0,7.0,3.0,3.0,2.0,low
stu_00321,class_024,90.99,86.27,94.27,100.0,93.7,90.9,31.47,17.0,2096.0,9.0,5.0,32.0,0.0,low
stu_00322,class_025,90.24,55.9,73.25,60.29,69.62,32.0,50.73,1.0,1036.0,5.0,2.0,0.0,4.0,medium
stu_00323,class_027,74.8,63.76,44.01,44.24,56.13,40.68,27.71,2.0,1019.0,5.0,1.0,3.0,0.0,medium
stu_00324,class_011,83.51,59.79,50.06,65.76,65.89,68.84,20.45,9.0,1538.0,7.0,2.0,17.0,7.0,medium
stu_00325,class_007,,54.98,86.29,83.04,82.26,93.46,16.01,16.0,1380.0,6.0,4.0,13.0,1.0,low
stu_00326,class_034,76.32,100.0,82.8,82.3,86.63,61.44,39.45,11.0,2187.0,9.0,4.0,20.0,0.0,low
stu_00327,class_033,28.0,22.45,13.18,20.12,16.67,0.0,33.41,0.0,614.0,3.0,0.0,0.0,1.0,high
stu_00328,class_026,88.47,50.36,67.51,78.19,72.22,91.89,21.9,14.0,1122.0,5.0,2.0,14.0,0.0,low
stu_00329,class_019,47.08,54.3,57.96,52.62,47.23,20.43,18.82,0.0,1223.0,5.0,1.0,0.0,2.0,medium
stu_00330,class_023,74.14,77.18,83.42,97.8,77.77,70.68,27.48,18.0,1961.0,8.0,4.0,30.0,0.0,low
stu_00331,class_020,80.05,56.86,41.79,52.68,57.95,46.0,49.54,0.0,1218.0,5.0,3.0,0.0,3.0,medium
stu_00332,class_020,100.0,73.72,94.07,93.93,90.92,84.52,28.43,0.0,1722.0,7.0,5.0,16.0,0.0,low
stu_00333,class_011,79.29,83.32,89.32,100.0,80.77,92.24,17.74,5.0,1828.0,8.0,3.0,7.0,0.0,low
stu_00334,class_014,47.91,37.14,59.71,59.57,45.8,40.26,33.66,1.0,677.0,3.0,1.0,2.0,1.0,medium
stu_00335,class_031,94.53,75.63,93.02,93.27,84.8,71.69,24.07,6.0,1597.0,7.0,5.0,14.0,0.0,low
stu_00336,class_025,87.1,84.27,91.8,88.23,90.26,83.24,23.52,17.0,1870.0,8.0,4.0,18.0,2.0,low
stu_00337,class_019,91.38,84.97,84.45,79.44,73.94,16.64,22.67,0.0,1980.0,8.0,5.0,0.0,0.0,low
stu_00338,class_005,79.29,97.24,77.67,72.56,82.55,91.84,58.71,13.0,2171.0,9.0,4.0,15.0,1.0,low
stu_00339,class_032,0.0,32.84,20.25,17.19,18.71,27.55,36.38,4.0,683.0,3.0,1.0,7.0,4.0,high
stu_00340,class_013,77.2,77.72,78.56,65.66,75.19,83.81,28.24,18.0,1897.0,8.0,3.0,22.0,0.0,low
stu_00341,class_034,73.69,74.45,78.75,83.23,79.58,93.1,49.65,6.0,1438.0,6.0,3.0,3.0,1.0,low
stu_00342,class_016,71.81,41.98,75.54,32.01,64.79,88.38,44.25,8.0,3688.0,14.0,9.0,20.0,2.0,medium
stu_00343,class_036,71.49,94.05,76.18,63.34,80.73,70.01,25.83,10.0,2080.0,9.0,3.0,6.0,0.0,low
stu_00344,class_040,69.75,79.09,50.09,50.09,60.91,50.14,30.03,8.0,1404.0,6.0,2.0,7.0,2.0,medium
stu_00345,class_023,81.95,68.67,80.24,86.17,80.1,84.14,47.29,11.0,1580.0,7.0,5.0,21.0,0.0,low
stu_00346,class_032,95.75,84.24,88.33,90.38,89.57,86.3,30.99,7.0,1636.0,7.0,4.0,3.0,1.0,low
stu_00347,class_014,87.24,67.7,86.57,90.09,82.14,78.75,21.35,16.0,1713.0,7.0,4.0,29.0,0.0,low
stu_00348,class_032,87.39,91.74,85.61,80.6,87.9,83.15,21.98,17.0,2280.0,10.0,5.0,18.0,0.0,low
stu_00349,class_005,88.92,,75.29,76.03,82.24,48.54,29.81,0.0,1809.0,8.0,3.0,0.0,0.0,low
stu_00350,class_021,37.7,42.18,77.34,64.62,49.03,77.75,42.21,1.0,799.0,4.0,2.0,0.0,3.0,medium
stu_00351,class_033,82.12,79.58,94.73,84.96,83.38,75.85,24.31,18.0,1844.0,8.0,4.0,14.0,0.0,low
stu_00352,class_021,88.71,77.21,81.52,90.12,82.57,81.38,27.28,11.0,1496.0,6.0,4.0,15.0,0.0,low
stu_00353,class_040,,4.88,36.31,32.99,21.71,0.0,40.36,2.0,133.0,1.0,0.0,5.0,4.0,high
stu_00354,class_036,87.6,46.03,41.77,29.91,61.15,44.07,75.44,10.0,1057.0,5.0,2.0,13.0,1.0,medium
stu_00355,class_021,18.09,54.8,94.99,82.57,58.26,69.48,17.46,16.0,2268.0,10.0,4.0,24.0,1.0,low
stu_00356,class_009,58.33,48.41,67.82,69.27,58.04,64.72,52.97,8.0,1053.0,5.0,2.0,10.0,2.0,medium
stu_00357,class_027,92.98,89.64,89.09,92.01,89.49,83.16,36.08,15.0,1996.0,8.0,5.0,10.0,1.0,low
stu_00358,class_012,84.99,95.51,76.57,72.09,80.2,90.0,22.03,11.0,1706.0,7.0,3.0,11.0,1.0,low
stu_00359,class_027,85.5,92.19,87.64,86.15,92.3,78.79,23.93,11.0,1764.0,8.0,5.0,15.0,0.0,low
stu_00360,class_004,69.3,85.46,77.81,58.5,78.56,66.56,10.72,15.0,1805.0,8.0,2.0,12.0,0.0,low
stu_00361,class_038,31.57,46.48,50.78,45.78,34.14,3.64,86.95,0.0,869.0,4.0,1.0,0.0,4.0,high
stu_00362,class_025,95.8,100.0,79.08,61.32,94.81,96.27,26.62,9.0,2154.0,9.0,4.0,14.0,0.0,low
stu_00363,class_040,86.88,100.0,79.89,90.79,94.54,80.12,22.03,18.0,2407.0,10.0,4.0,35.0,0.0,low
stu_00364,class_036,93.45,90.48,89.53,81.32,93.66,92.73,35.66,18.0,2173.0,9.0,6.0,19.0,1.0,low
stu_00365,class_013,32.36,75.45,61.62,50.02,55.15,53.74,43.0,5.0,1691.0,7.0,3.0,4.0,1.0,medium
stu_00366,class_034,82.51,72.59,71.29,79.63,82.81,87.09,15.81,8.0,0.0,7.0,3.0,4.0,0.0,low
stu_00367,class_022,92.03,63.22,81.37,79.63,84.36,87.91,17.93,7.0,1321.0,6.0,4.0,10.0,0.0,low
stu_00368,class_003,78.28,97.53,87.75,85.83,87.52,77.02,33.62,13.0,2230.0,9.0,5.0,9.0,1.0,low
stu_00369,class_012,71.16,90.29,44.31,36.04,73.25,58.84,56.18,5.0,1787.0,8.0,2.0,1.0,4.0,medium
stu_00370,class_009,91.18,10.0,42.94,44.97,51.06,61.03,34.14,3.0,193.0,1.0,1.0,0.0,1.0,medium
stu_00371,class_021,81.47,87.86,99.85,85.84,90.45,80.8,25.53,15.0,1908.0,8.0,4.0,16.0,0.0,low
stu_00372,class_032,88.6,88.85,69.97,62.82,80.99,93.16,27.59,12.0,1827.0,8.0,3.0,21.0,0.0,low
stu_00373,class_014,97.91,82.72,86.01,94.85,88.81,72.76,31.11,7.0,1743.0,7.0,4.0,8.0,0.0,low
stu_00374,class_039,37.81,22.08,34.51,23.64,27.91,48.11,31.52,1.0,463.0,2.0,0.0,0.0,3.0,high
stu_00375,class_033,16.98,39.95,25.24,22.41,26.39,39.33,54.46,1.0,880.0,4.0,2.0,1.0,3.0,high
stu_00376,class_023,91.81,78.04,46.18,62.28,70.49,41.49,43.74,4.0,1264.0,6.0,1.0,4.0,5.0,medium
stu_00377,class_018,62.96,94.7,56.47,47.63,72.76,68.01,41.76,3.0,1711.0,7.0,3.0,6.0,2.0,medium
stu_00378,class_031,96.49,100.0,74.97,74.81,92.2,90.76,20.02,18.0,2155.0,9.0,5.0,14.0,0.0,low
stu_00379,class_018,86.11,83.04,72.98,75.79,79.37,70.27,33.21,13.0,1907.0,8.0,3.0,21.0,0.0,low
stu_00380,class_037,81.73,54.12,62.71,65.66,70.38,88.14,53.85,6.0,1135.0,5.0,3.0,9.0,2.0,medium
stu_00381,class_009,70.24,81.58,82.98,72.39,77.59,65.31,27.75,18.0,0.0,8.0,3.0,31.0,0.0,low
stu_00382,class_006,49.53,36.09,77.35,92.03,58.24,87.44,35.13,5.0,671.0,3.0,1.0,9.0,3.0,medium
stu_00383,class_006,36.3,38.28,51.36,,37.34,8.96,97.67,0.0,648.0,3.0,0.0,0.0,6.0,high
stu_00384,class_027,92.15,74.03,86.17,92.13,91.57,94.37,19.16,10.0,1456.0,6.0,4.0,16.0,0.0,low
stu_00385,class_006,79.48,88.73,100.0,100.0,78.52,39.94,18.47,0.0,2100.0,9.0,4.0,0.0,0.0,low
stu_00386,class_018,60.94,40.14,59.9,71.17,53.12,54.19,53.73,1.0,850.0,4.0,1.0,2.0,3.0,medium
stu_00387,class_006,95.09,84.42,73.95,61.34,88.78,95.83,10.88,5.0,1623.0,7.0,4.0,7.0,1.0,low
stu_00388,class_019,90.59,91.07,88.52,84.83,86.76,63.66,22.23,5.0,1796.0,8.0,4.0,5.0,0.0,low
stu_00389,class_022,78.44,88.14,65.14,64.82,75.19,73.81,16.91,16.0,1904.0,8.0,3.0,8.0,0.0,low
stu_00390,class_029,85.46,67.98,100.0,100.0,89.21,78.89,28.26,15.0,1553.0,7.0,5.0,18.0,0.0,low
stu_00391,class_020,94.44,69.54,79.46,80.22,77.59,83.26,21.71,7.0,1492.0,6.0,3.0,8.0,0.0,low
stu_00392,class_033,55.32,43.32,77.02,78.27,59.96,74.49,41.74,7.0,0.0,5.0,2.0,11.0,2.0,medium
stu_00393,class_029,97.45,82.95,88.36,87.38,91.14,90.9,15.12,18.0,1829.0,8.0,4.0,30.0,0.0,low
stu_00394,class_039,62.51,79.99,35.4,88.45,57.8,30.16,22.13,5.0,4216.0,16.0,14.0,8.0,2.0,medium
stu_00395,class_010,32.7,46.2,26.87,35.66,37.53,50.29,85.44,5.0,847.0,4.0,1.0,7.0,2.0,high
stu_00396,class_026,41.44,79.3,59.5,85.9,54.38,55.19,28.74,5.0,4682.0,18.0,13.0,19.0,4.0,medium
stu_00397,class_039,64.36,71.92,89.74,89.22,68.14,45.97,20.28,0.0,1730.0,7.0,4.0,0.0,0.0,low
stu_00398,class_028,71.78,36.38,57.59,61.64,55.93,23.25,28.89,9.0,880.0,4.0,1.0,12.0,0.0,medium
stu_00399,class_005,89.34,82.11,80.15,80.07,86.93,96.67,13.41,15.0,1707.0,7.0,5.0,16.0,0.0,low
stu_00400,class_036,98.98,100.0,72.6,95.26,92.38,100.0,15.11,15.0,2273.0,10.0,4.0,19.0,0.0,low
stu_00401,class_032,77.25,85.58,92.88,82.77,85.6,88.66,19.25,14.0,1625.0,7.0,3.0,25.0,0.0,low
stu_00402,class_019,35.45,1.54,40.35,36.4,29.25,34.66,37.88,5.0,202.0,1.0,0.0,0.0,5.0,high
stu_00403,class_013,56.21,61.7,60.29,55.57,58.42,48.08,,8.0,1046.0,5.0,1.0,13.0,2.0,medium
stu_00404,class_035,75.81,60.51,94.02,83.16,79.06,84.05,38.07,12.0,1519.0,7.0,4.0,15.0,1.0,low
stu_00405,class_013,80.04,70.52,92.95,89.08,78.22,80.93,25.74,7.0,1289.0,6.0,3.0,11.0,1.0,low
stu_00406,class_022,84.07,77.03,82.76,79.93,73.03,46.8,36.07,0.0,1942.0,8.0,5.0,0.0,1.0,low
stu_00407,class_016,46.43,48.33,32.92,23.73,43.16,26.53,75.74,5.0,1048.0,5.0,1.0,4.0,5.0,high
stu_00408,class_034,42.13,72.24,74.28,90.85,57.78,36.55,73.71,4.0,1495.0,6.0,2.0,5.0,1.0,medium
stu_00409,class_030,86.14,73.09,95.65,95.06,84.75,81.45,26.71,10.0,1395.0,6.0,4.0,5.0,0.0,low
stu_00410,class_008,85.44,96.04,85.18,92.14,88.55,76.81,27.52,10.0,1986.0,8.0,5.0,10.0,0.0,low
stu_00411,class_037,46.26,69.85,40.55,67.72,55.06,57.0,34.4,9.0,4535.0,18.0,7.0,18.0,5.0,medium
stu_00412,class_013,99.58,87.91,99.0,100.0,99.09,99.52,27.82,6.0,1931.0,8.0,5.0,3.0,0.0,low
stu_00413,class_026,96.03,66.31,88.66,95.69,86.99,84.53,26.04,5.0,1166.0,5.0,4.0,8.0,0.0,low
stu_00414,class_019,76.63,82.23,76.61,76.94,75.03,35.66,15.75,1.0,1506.0,7.0,2.0,1.0,2.0,medium
stu_00415,class_027,52.17,78.88,55.01,42.56,61.66,50.67,29.62,9.0,1523.0,7.0,2.0,10.0,2.0,medium
stu_00416,class_027,71.24,69.14,,62.64,63.1,50.06,52.98,8.0,1647.0,7.0,2.0,10.0,4.0,medium
stu_00417,class_039,32.06,17.45,23.17,15.25,24.95,34.76,68.29,3.0,291.0,2.0,1.0,1.0,2.0,high
stu_00418,class_001,85.28,52.08,83.6,75.92,75.57,91.74,51.24,7.0,910.0,4.0,3.0,8.0,0.0,low
stu_00419,class_025,75.66,85.15,66.58,59.5,71.94,81.21,23.36,17.0,1984.0,8.0,3.0,10.0,1.0,low
stu_00420,class_001,79.31,85.01,85.39,72.93,75.52,29.77,55.3,0.0,1977.0,8.0,4.0,0.0,1.0,low
stu_00421,class_017,90.57,80.93,84.41,79.46,86.76,93.83,24.93,10.0,1726.0,7.0,4.0,12.0,0.0,low
stu_00422,class_040,90.63,80.5,74.2,76.28,81.69,91.87,32.36,5.0,1629.0,7.0,3.0,7.0,0.0,low
stu_00423,class_033,88.46,87.81,89.39,90.07,87.82,95.25,17.54,6.0,0.0,7.0,4.0,7.0,0.0,low
stu_00424,class_037,42.21,82.59,35.85,31.8,55.42,70.1,85.18,6.0,1610.0,7.0,2.0,0.0,0.0,medium
stu_00425,class_036,91.31,78.57,67.03,68.75,84.15,72.68,20.53,18.0,1839.0,8.0,3.0,,1.0,low
stu_00426,class_002,88.51,86.14,86.05,81.02,85.35,90.32,31.46,17.0,2097.0,9.0,5.0,30.0,0.0,low
stu_00427,class_032,73.0,73.56,58.0,48.81,66.09,50.41,46.0,9.0,1703.0,7.0,3.0,4.0,4.0,medium
stu_00428,class_007,48.78,88.41,57.75,51.21,64.81,47.4,28.39,9.0,1607.0,7.0,2.0,13.0,1.0,medium
stu_00429,class_036,95.81,95.34,96.19,97.5,92.41,71.75,17.63,11.0,2121.0,9.0,5.0,12.0,0.0,low
stu_00430,class_021,83.32,100.0,61.27,63.82,80.34,84.07,13.2,12.0,2239.0,9.0,4.0,13.0,1.0,low
stu_00431,class_029,75.95,77.45,93.65,86.11,80.03,100.0,30.35,6.0,1472.0,6.0,4.0,11.0,1.0,low
stu_00432,class_011,81.2,80.23,74.61,76.02,77.45,79.25,19.19,11.0,1575.0,7.0,3.0,12.0,0.0,low
stu_00433,class_031,55.02,34.22,53.04,46.32,40.7,0.0,30.79,2.0,486.0,2.0,0.0,1.0,7.0,high
stu_00434,class_019,90.78,68.93,77.61,82.26,75.26,74.27,52.84,2.0,1283.0,6.0,3.0,1.0,3.0,medium
stu_00435,class_018,3.16,21.2,23.93,36.82,16.13,33.56,49.63,1.0,533.0,3.0,0.0,0.0,3.0,high
stu_00436,class_026,66.01,80.53,82.91,86.93,72.03,67.0,17.56,6.0,1613.0,7.0,3.0,6.0,0.0,low
stu_00437,class_005,94.04,70.55,95.92,93.94,86.54,71.13,12.47,12.0,1686.0,7.0,5.0,13.0,0.0,low
stu_00438,class_005,77.89,89.88,80.72,79.86,80.85,77.82,27.34,10.0,1975.0,8.0,5.0,13.0,0.0,low
stu_00439,class_034,54.08,48.96,80.78,77.24,61.02,35.81,25.7,5.0,,5.0,3.0,3.0,4.0,medium
stu_00440,class_007,41.55,31.88,35.18,37.02,36.11,40.63,31.59,0.0,534.0,3.0,1.0,0.0,4.0,high
stu_00441,class_014,81.23,83.98,85.88,92.89,85.49,88.71,12.04,14.0,1873.0,8.0,5.0,21.0,0.0,low
stu_00442,class_028,55.25,50.91,78.88,88.43,59.28,45.27,31.07,10.0,1125.0,5.0,1.0,16.0,4.0,medium
stu_00443,class_024,54.02,30.78,77.64,90.79,57.13,48.84,53.74,8.0,877.0,4.0,2.0,12.0,2.0,medium
stu_00444,class_027,92.25,69.5,72.57,76.63,81.88,69.64,17.99,8.0,1267.0,6.0,2.0,11.0,0.0,low
stu_00445,class_014,46.67,16.0,18.92,16.14,31.03,30.37,,0.0,543.0,3.0,0.0,0.0,1.0,high
stu_00446,class_014,100.0,51.48,50.98,63.23,67.57,62.1,56.91,5.0,897.0,4.0,3.0,5.0,2.0,medium
stu_00447,class_003,96.37,55.15,47.25,43.44,68.63,61.21,52.59,8.0,1484.0,6.0,2.0,4.0,7.0,medium
stu_00448,class_036,56.26,13.58,73.11,80.57,51.97,39.25,47.41,4.0,392.0,2.0,1.0,9.0,1.0,medium
stu_00449,class_007,28.41,45.57,63.84,80.21,45.16,54.72,13.02,4.0,,21.0,7.0,23.0,2.0,medium
stu_00450,class_003,90.64,80.19,88.65,81.71,71.78,0.0,32.38,0.0,1839.0,8.0,4.0,0.0,0.0,low
stu_00451,class_032,18.26,21.04,28.61,50.24,22.49,15.66,73.19,3.0,619.0,3.0,1.0,4.0,1.0,high
stu_00452,class_002,42.99,36.92,45.67,47.19,38.15,39.1,27.0,0.0,799.0,4.0,,0.0,0.0,medium
stu_00453,class_033,78.47,78.34,74.7,80.6,68.6,26.03,20.79,0.0,1749.0,7.0,2.0,0.0,0.0,low
stu_00454,class_021,89.96,82.04,82.3,86.49,78.7,64.91,25.07,12.0,,7.0,4.0,20.0,0.0,low
stu_00455,class_033,49.71,60.96,74.74,64.55,63.09,71.13,22.75,2.0,1048.0,5.0,1.0,0.0,0.0,medium
stu_00456,class_026,83.61,55.3,59.06,62.59,66.93,51.08,36.03,4.0,1281.0,6.0,3.0,2.0,2.0,medium
stu_00457,class_006,77.07,69.2,80.71,83.46,75.58,85.35,32.03,14.0,1718.0,7.0,3.0,13.0,0.0,low
stu_00458,class_016,88.56,89.91,45.58,43.04,72.91,38.09,14.87,1.0,939.0,4.0,1.0,0.0,5.0,high
stu_00459,class_040,35.78,41.89,45.51,39.4,32.92,5.49,93.21,2.0,796.0,4.0,1.0,2.0,1.0,high
stu_00460,class_016,77.06,79.87,46.46,47.26,69.38,80.26,50.49,,1836.0,8.0,3.0,8.0,7.0,low
stu_00461,class_015,83.99,94.57,75.41,74.29,88.54,78.98,15.33,14.0,2043.0,9.0,4.0,21.0,0.0,low
stu_00462,class_021,59.5,49.97,76.31,79.72,63.39,64.53,34.95,8.0,1244.0,5.0,1.0,8.0,1.0,medium
stu_00463,class_003,49.9,54.22,50.08,47.66,45.34,41.14,106.96,1.0,1139.0,5.0,1.0,2.0,3.0,high
stu_00464,class_003,82.44,78.28,60.96,52.81,78.52,84.13,17.54,16.0,1859.0,8.0,3.0,27.0,0.0,low
stu_00465,class_037,91.95,79.28,86.42,78.86,88.29,71.51,20.43,18.0,1954.0,8.0,6.0,21.0,1.0,low
stu_00466,class_024,86.08,59.53,82.63,79.05,78.38,72.68,37.83,8.0,1473.0,6.0,4.0,,0.0,low
stu_00467,class_004,8.8,57.65,31.26,45.11,35.58,53.99,64.77,3.0,879.0,4.0,1.0,5.0,3.0,high
stu_00468,class_037,97.14,55.29,61.82,67.47,68.82,51.25,39.57,1.0,1333.0,6.0,4.0,2.0,2.0,medium
stu_00469,class_001,76.65,75.17,47.83,39.2,68.42,68.64,45.84,10.0,1492.0,6.0,2.0,19.0,2.0,medium
stu_00470,class_030,58.09,53.12,71.72,81.08,64.1,60.04,19.4,6.0,1056.0,5.0,2.0,8.0,1.0,medium
stu_00471,class_025,68.23,32.51,40.82,39.41,39.65,0.0,44.32,0.0,926.0,4.0,1.0,0.0,1.0,medium
stu_00472,class_022,81.75,73.98,96.45,100.0,81.97,71.33,29.5,8.0,1501.0,,4.0,14.0,0.0,low
stu_00473,class_001,88.3,76.93,78.48,87.87,86.28,90.47,27.14,16.0,1951.0,8.0,4.0,10.0,0.0,low
stu_00474,class_019,25.17,48.11,59.93,58.58,38.76,40.17,57.74,0.0,1071.0,5.0,1.0,0.0,3.0,medium
stu_00475,class_009,97.8,62.68,31.68,41.55,73.54,67.59,17.92,17.0,1867.0,8.0,4.0,30.0,5.0,low
stu_00476,class_037,36.63,72.47,44.81,43.3,55.34,82.36,22.9,10.0,1330.0,6.0,2.0,6.0,2.0,medium
stu_00477,class_034,91.76,86.55,84.91,78.73,87.65,100.0,21.23,13.0,1933.0,8.0,4.0,20.0,1.0,low
stu_00478,class_016,81.62,72.74,87.79,94.64,80.52,80.56,24.63,5.0,1364.0,6.0,5.0,7.0,0.0,low
stu_00479,class_040,83.65,62.17,77.85,77.86,75.86,100.0,13.46,5.0,1246.0,5.0,3.0,7.0,1.0,low
stu_00480,class_040,96.87,64.43,69.92,81.28,83.81,70.87,32.03,16.0,1783.0,8.0,4.0,22.0,2.0,low
stu_00481,class_023,16.79,43.61,2.17,0.0,24.03,34.5,56.97,4.0,816.0,4.0,1.0,5.0,5.0,high
stu_00482,class_031,100.0,41.08,55.04,53.29,71.93,65.33,61.88,10.0,1172.0,5.0,2.0,15.0,2.0,medium
stu_00483,class_020,98.2,69.97,78.53,96.63,84.25,93.33,58.75,8.0,1300.0,6.0,3.0,11.0,1.0,low
stu_00484,class_039,90.94,82.63,85.53,80.8,84.58,85.81,32.89,16.0,2041.0,9.0,5.0,11.0,1.0,low
stu_00485,class_018,12.75,50.76,56.0,52.43,37.1,50.26,54.03,4.0,1051.0,5.0,1.0,5.0,6.0,high
stu_00486,class_036,20.04,44.98,16.73,25.8,23.41,23.62,19.23,3.0,972.0,4.0,1.0,5.0,4.0,high
stu_00487,class_004,96.1,100.0,70.36,65.66,91.0,91.78,19.16,13.0,2101.0,9.0,5.0,12.0,1.0,low
stu_00488,class_022,100.0,70.29,77.98,82.95,81.26,74.89,24.25,17.0,1738.0,7.0,3.0,24.0,0.0,low
stu_00489,class_023,90.25,65.11,88.02,81.35,84.77,83.93,21.3,15.0,1786.0,8.0,4.0,10.0,1.0,low
stu_00490,class_029,97.74,89.7,91.32,87.33,89.81,74.88,16.34,10.0,1837.0,8.0,4.0,10.0,0.0,low
stu_00491,class_032,70.29,80.65,79.04,79.79,74.25,82.52,25.22,14.0,1766.0,8.0,2.0,21.0,0.0,low
stu_00492,class_010,91.2,70.05,62.79,67.09,77.99,69.61,23.53,9.0,1567.0,7.0,4.0,13.0,1.0,low
stu_00493,class_027,41.18,22.22,32.15,31.33,37.17,47.33,13.86,4.0,454.0,2.0,1.0,7.0,4.0,high
stu_00494,class_029,69.37,83.39,86.28,89.81,80.38,84.52,16.41,13.0,1995.0,8.0,4.0,11.0,1.0,low
stu_00495,class_014,75.36,76.81,90.09,87.84,78.82,81.77,46.67,9.0,1754.0,8.0,3.0,9.0,0.0,low
stu_00496,class_005,83.38,89.57,83.39,83.17,81.77,84.15,20.42,13.0,1943.0,8.0,4.0,12.0,1.0,low
stu_00497,class_024,49.85,49.55,40.57,46.39,46.87,56.8,22.28,1.0,,4.0,1.0,0.0,3.0,medium
stu_00498,class_033,78.28,50.51,36.8,29.25,54.61,59.27,19.04,6.0,1078.0,5.0,1.0,10.0,1.0,medium
stu_00499,class_014,78.68,,89.41,68.42,83.72,79.67,14.26,7.0,1429.0,6.0,3.0,5.0,0.0,low
stu_00500,class_015,77.13,88.35,88.86,84.84,83.25,70.02,24.62,11.0,1861.0,8.0,4.0,15.0,0.0,low
stu_00501,class_026,56.19,69.21,94.12,96.03,69.14,70.48,40.05,1.0,1328.0,6.0,3.0,0.0,1.0,medium
stu_00502,class_021,81.66,82.32,75.15,65.29,80.76,76.47,36.77,10.0,1749.0,7.0,3.0,9.0,0.0,low
stu_00503,class_032,82.13,81.79,87.3,72.68,84.44,73.0,30.81,18.0,2184.0,9.0,5.0,28.0,0.0,low
stu_00504,class_038,86.94,65.75,66.44,69.37,67.67,43.44,52.6,3.0,1265.0,6.0,2.0,5.0,0.0,medium
stu_00505,class_036,79.27,40.43,80.28,73.93,67.34,22.56,28.44,5.0,844.0,4.0,3.0,4.0,2.0,medium
stu_00506,class_005,88.66,68.72,88.78,75.48,83.03,87.28,38.46,16.0,1493.0,6.0,4.0,23.0,0.0,low
stu_00507,class_020,89.76,80.35,70.24,73.84,79.77,63.47,47.18,18.0,2145.0,9.0,4.0,20.0,1.0,low
stu_00508,class_003,55.66,51.84,32.1,31.65,44.12,32.8,51.5,2.0,1073.0,5.0,1.0,2.0,2.0,high
stu_00509,class_006,90.95,95.12,86.41,96.62,87.92,79.8,18.16,7.0,1859.0,8.0,0.0,10.0,0.0,low
stu_00510,class_033,85.76,73.27,89.87,86.21,87.14,100.0,23.96,15.0,1748.0,7.0,5.0,17.0,1.0,low
stu_00511,class_014,93.66,69.54,99.02,96.04,83.18,71.48,40.06,10.0,1463.0,,4.0,12.0,1.0,low
stu_00512,class_028,32.38,7.33,23.7,28.44,24.13,39.56,48.84,3.0,235.0,1.0,0.0,4.0,2.0,high
stu_00513,class_028,94.19,82.0,73.71,75.48,88.27,76.22,27.98,5.0,1497.0,6.0,3.0,6.0,0.0,low
stu_00514,class_021,99.04,70.61,74.68,79.96,84.06,85.41,23.97,16.0,1748.0,7.0,3.0,20.0,0.0,low
stu_00515,class_024,22.05,42.49,35.92,39.91,27.01,32.68,89.52,0.0,874.0,4.0,2.0,0.0,1.0,high
stu_00516,class_030,9.74,30.68,37.5,42.45,19.86,2.93,39.23,1.0,542.0,3.0,0.0,2.0,6.0,high
stu_00517,class_031,52.45,68.2,57.11,64.45,54.29,67.96,95.8,5.0,1553.0,7.0,2.0,12.0,2.0,medium
stu_00518,class_022,97.17,87.34,87.12,81.94,88.34,63.28,24.75,5.0,1827.0,8.0,4.0,4.0,1.0,low
stu_00519,class_029,61.47,51.16,57.18,53.59,58.92,22.07,53.47,10.0,1262.0,6.0,1.0,11.0,,medium
stu_00520,class_015,96.75,,79.15,90.26,81.54,78.01,14.68,14.0,1554.0,7.0,3.0,17.0,1.0,low
stu_00521,class_015,79.55,67.26,44.9,61.61,68.3,69.41,22.4,4.0,984.0,4.0,1.0,7.0,4.0,medium
stu_00522,class_021,85.46,80.71,78.65,76.19,84.26,89.16,33.16,9.0,1602.0,7.0,4.0,10.0,1.0,low
stu_00523,class_020,30.84,45.09,89.88,83.29,62.22,87.95,17.11,18.0,2345.0,10.0,4.0,33.0,0.0,low
stu_00524,class_007,60.8,50.37,60.05,60.18,59.96,71.18,19.05,6.0,1084.0,5.0,1.0,3.0,3.0,medium
stu_00525,class_025,90.87,95.45,97.42,97.84,95.98,100.0,32.51,18.0,1965.0,8.0,6.0,35.0,1.0,low
stu_00526,class_032,86.95,66.7,43.98,40.02,68.1,80.13,37.23,11.0,1494.0,6.0,3.0,16.0,5.0,low
stu_00527,class_012,83.02,78.98,74.18,71.09,81.64,100.0,25.65,17.0,2033.0,9.0,5.0,20.0,0.0,low
stu_00528,class_040,48.86,49.84,39.79,35.34,50.54,72.22,16.79,4.0,996.0,4.0,0.0,3.0,1.0,medium
stu_00529,class_011,57.18,87.68,65.67,66.74,68.3,50.79,43.09,10.0,1664.0,7.0,3.0,15.0,3.0,medium
stu_00530,class_010,82.56,66.04,58.82,56.86,70.49,45.74,37.47,7.0,1361.0,6.0,4.0,,2.0,medium
stu_00531,class_037,78.4,45.1,35.41,39.28,57.18,67.84,37.73,7.0,977.0,4.0,2.0,9.0,1.0,medium
stu_00532,class_021,80.48,66.17,81.19,93.14,81.13,94.19,21.9,15.0,1723.0,7.0,,17.0,1.0,low
stu_00533,class_031,84.91,78.13,63.75,78.72,77.23,48.49,45.51,6.0,1689.0,7.0,4.0,10.0,3.0,medium
stu_00534,class_018,47.28,17.94,39.61,47.23,41.11,60.21,47.69,4.0,359.0,2.0,1.0,1.0,3.0,high
stu_00535,class_025,92.41,60.15,38.16,38.3,59.36,2.05,75.24,2.0,869.0,4.0,2.0,3.0,4.0,high
stu_00536,class_012,94.63,89.67,75.61,75.22,89.05,83.17,12.23,6.0,1977.0,8.0,4.0,9.0,0.0,low
stu_00537,class_004,90.23,100.0,86.62,80.6,91.12,100.0,22.54,13.0,2049.0,9.0,6.0,6.0,0.0,low
stu_00538,class_032,84.93,98.18,89.52,98.5,91.07,64.0,23.93,16.0,2189.0,9.0,5.0,11.0,0.0,low
stu_00539,class_020,85.85,72.68,63.42,63.3,72.75,82.11,27.23,6.0,1425.0,6.0,4.0,9.0,1.0,low
stu_00540,class_002,56.99,35.16,80.53,75.41,56.89,54.27,38.45,4.0,763.0,4.0,3.0,7.0,1.0,medium
stu_00541,class_027,85.96,71.51,86.45,100.0,79.68,71.82,21.63,13.0,1517.0,7.0,4.0,13.0,,low
stu_00542,class_001,92.51,95.45,90.38,85.45,91.33,78.68,15.82,11.0,1778.0,8.0,5.0,12.0,0.0,low
stu_00543,class_021,93.98,57.28,79.74,80.29,78.26,59.23,23.91,7.0,1271.0,6.0,2.0,12.0,0.0,low
stu_00544,class_035,98.01,73.28,89.77,77.33,79.36,30.2,33.11,0.0,1668.0,7.0,4.0,0.0,1.0,low
stu_00545,class_001,100.0,82.38,91.09,91.46,86.34,85.06,21.65,7.0,1816.0,8.0,4.0,12.0,0.0,low
stu_00546,class_028,87.57,61.61,79.08,76.78,78.57,76.99,15.79,9.0,1496.0,6.0,3.0,13.0,0.0,low
stu_00547,class_001,79.35,79.02,91.78,79.85,80.71,76.89,22.62,14.0,1704.0,7.0,3.0,18.0,0.0,low
stu_00548,class_016,81.18,78.82,74.42,74.15,80.97,83.82,11.49,7.0,1513.0,7.0,4.0,11.0,0.0,low
stu_00549,class_004,62.43,71.78,66.1,78.83,63.8,29.54,,8.0,4490.0,17.0,6.0,14.0,5.0,medium
stu_00550,class_031,1.4,41.8,3.21,0.0,13.54,38.99,42.47,3.0,680.0,3.0,0.0,1.0,6.0,high
stu_00551,class_024,76.27,39.45,45.24,50.89,51.68,5.96,68.62,4.0,640.0,3.0,0.0,1.0,3.0,medium
stu_00552,class_038,80.78,83.81,81.48,77.15,81.47,72.48,36.52,13.0,2054.0,9.0,6.0,22.0,0.0,low
stu_00553,class_023,79.39,70.23,91.19,100.0,81.29,72.37,17.06,11.0,1442.0,6.0,4.0,20.0,1.0,low
stu_00554,class_022,33.75,49.57,45.71,41.23,35.17,0.0,42.76,0.0,945.0,4.0,1.0,0.0,5.0,high
stu_00555,class_028,43.17,42.85,38.67,44.19,33.21,21.37,59.02,1.0,805.0,4.0,1.0,0.0,5.0,high
stu_00556,class_027,38.54,71.7,28.98,44.48,48.07,58.03,75.82,5.0,1206.0,5.0,2.0,4.0,3.0,high
stu_00557,class_005,12.1,27.91,28.59,44.66,25.05,55.47,124.46,5.0,568.0,3.0,0.0,5.0,4.0,high
stu_00558,class_032,90.45,73.69,37.34,48.01,72.92,77.37,41.28,,2072.0,9.0,5.0,25.0,7.0,low
stu_00559,class_038,41.95,40.53,42.25,50.73,44.46,46.01,79.54,4.0,970.0,4.0,1.0,6.0,5.0,high
stu_00560,class_020,73.86,68.96,100.0,97.82,80.39,72.27,12.34,17.0,1751.0,8.0,4.0,14.0,2.0,low
stu_00561,class_037,68.46,75.35,47.57,51.09,67.93,79.87,34.13,7.0,1602.0,7.0,3.0,11.0,5.0,medium
stu_00562,class_010,41.82,45.22,78.0,69.07,52.44,63.72,26.02,3.0,0.0,25.0,10.0,28.0,4.0,medium
stu_00563,class_031,87.84,74.63,78.69,79.25,80.83,92.88,11.76,16.0,0.0,7.0,4.0,23.0,1.0,low
stu_00564,class_004,73.49,74.25,77.72,76.96,73.65,70.36,22.64,18.0,1953.0,8.0,3.0,30.0,0.0,low
stu_00565,class_007,31.13,34.08,32.75,26.08,38.61,40.64,63.68,5.0,740.0,3.0,1.0,6.0,5.0,high
stu_00566,class_021,43.05,78.24,54.48,55.34,55.99,56.56,32.3,4.0,1584.0,7.0,2.0,5.0,2.0,medium
stu_00567,class_031,67.57,50.48,63.34,65.89,58.5,87.14,67.26,1.0,1117.0,5.0,2.0,6.0,4.0,medium
stu_00568,class_025,97.71,98.05,75.33,64.5,90.19,58.55,22.0,15.0,2258.0,10.0,4.0,12.0,1.0,low
stu_00569,class_027,55.36,62.0,71.29,70.12,61.31,58.89,37.61,3.0,1181.0,5.0,1.0,3.0,1.0,medium
stu_00570,class_015,87.06,84.6,78.8,65.33,86.05,80.91,28.11,12.0,1926.0,8.0,3.0,14.0,0.0,low
stu_00571,class_023,44.86,23.21,14.97,20.9,31.08,32.64,45.35,3.0,421.0,2.0,0.0,6.0,2.0,high
stu_00572,class_007,62.62,45.53,63.41,54.58,58.67,27.17,26.51,8.0,1004.0,5.0,1.0,6.0,1.0,medium
stu_00573,class_002,85.92,80.12,41.4,47.17,75.62,83.77,16.41,12.0,1450.0,6.0,3.0,16.0,4.0,low
stu_00574,class_001,41.45,42.83,100.0,86.85,55.55,50.51,21.62,3.0,1584.0,7.0,2.0,0.0,2.0,medium
stu_00575,class_005,9.59,36.08,53.65,61.75,27.3,2.76,46.05,0.0,857.0,4.0,1.0,0.0,0.0,high
stu_00576,class_039,81.15,89.4,87.59,91.2,84.92,99.16,23.45,18.0,1924.0,8.0,4.0,26.0,0.0,low
stu_00577,class_004,95.12,100.0,85.57,80.32,91.52,96.35,13.24,8.0,2127.0,9.0,5.0,10.0,0.0,low
stu_00578,class_015,82.82,96.72,82.22,88.8,86.58,83.33,39.97,9.0,,8.0,4.0,2.0,0.0,low
stu_00579,class_034,70.07,34.38,91.67,97.14,63.92,48.86,48.06,1.0,690.0,3.0,2.0,2.0,2.0,medium
stu_00580,class_007,89.65,63.95,86.96,91.96,72.73,40.34,43.7,0.0,1446.0,6.0,4.0,0.0,1.0,low
stu_00581,class_004,54.83,79.94,37.94,36.94,62.89,70.41,34.26,6.0,1579.0,7.0,2.0,6.0,1.0,medium
stu_00582,class_037,68.13,92.69,82.48,76.06,71.8,25.01,20.89,0.0,2229.0,9.0,4.0,0.0,0.0,low
stu_00583,class_024,56.29,85.51,64.03,60.43,67.04,33.87,52.89,6.0,1549.0,7.0,2.0,4.0,1.0,medium
stu_00584,class_040,84.15,74.68,95.02,100.0,85.52,,34.86,5.0,1525.0,7.0,5.0,6.0,2.0,low
stu_00585,class_021,0.0,26.1,15.68,27.36,18.86,22.65,42.42,5.0,736.0,3.0,2.0,4.0,4.0,high
stu_00586,class_016,30.43,51.2,28.73,35.16,37.78,65.4,49.93,2.0,908.0,4.0,2.0,4.0,3.0,medium
stu_00587,class_028,63.18,36.74,48.43,50.75,50.6,43.78,62.82,3.0,740.0,3.0,2.0,4.0,1.0,medium
stu_00588,class_026,86.11,39.94,48.76,48.18,60.95,80.81,15.87,,1778.0,8.0,3.0,24.0,3.0,low
stu_00589,class_023,18.61,5.0,90.59,81.98,37.06,62.92,74.94,2.0,832.0,4.0,2.0,3.0,0.0,high
stu_00590,class_015,44.64,82.68,54.64,53.98,65.34,78.01,19.57,9.0,,8.0,3.0,16.0,2.0,medium
stu_00591,class_040,74.08,71.27,79.79,74.74,71.91,20.93,32.81,7.0,1389.0,6.0,2.0,0.0,3.0,medium
stu_00592,class_028,71.91,44.81,37.45,32.87,54.05,73.43,29.74,,1008.0,5.0,2.0,0.0,0.0,medium
stu_00593,class_001,67.3,50.61,89.15,87.9,66.43,52.92,46.77,6.0,1291.0,6.0,2.0,6.0,2.0,medium
stu_00594,class_013,42.69,26.66,36.17,48.66,34.05,8.57,84.22,3.0,545.0,3.0,1.0,0.0,3.0,high
stu_00595,class_009,48.59,0.0,13.15,12.79,29.24,66.89,105.82,2.0,63.0,1.0,1.0,0.0,4.0,high
stu_00596,class_001,79.72,96.13,91.16,93.54,95.35,87.95,24.04,17.0,2149.0,9.0,4.0,19.0,0.0,low
stu_00597,class_008,97.59,79.6,61.0,51.79,74.63,52.32,21.54,2.0,1425.0,6.0,4.0,2.0,3.0,medium
stu_00598,class_037,88.7,81.74,65.4,71.42,78.13,68.95,24.05,7.0,1576.0,7.0,4.0,4.0,0.0,low
stu_00599,class_029,92.58,76.75,78.64,64.22,83.36,82.99,38.75,18.0,1882.0,8.0,4.0,28.0,0.0,low
stu_00600,class_020,50.22,51.32,38.76,42.2,44.97,35.7,32.88,6.0,787.0,4.0,2.0,7.0,0.0,medium
stu_00601,class_012,91.5,45.4,59.41,62.11,62.72,46.17,53.7,4.0,988.0,4.0,3.0,6.0,1.0,medium
stu_00602,class_017,34.72,45.44,74.35,88.78,56.42,70.06,42.23,17.0,2017.0,9.0,5.0,33.0,0.0,low
stu_00603,class_017,100.0,41.04,66.62,75.24,69.83,64.1,76.21,3.0,939.0,,2.0,3.0,1.0,medium
stu_00604,class_012,35.68,39.36,28.85,27.09,35.36,28.98,60.97,5.0,722.0,3.0,1.0,11.0,3.0,high
stu_00605,class_011,32.55,35.97,52.97,48.2,42.09,,38.16,3.0,745.0,3.0,1.0,7.0,4.0,high
stu_00606,class_002,38.33,71.0,86.89,89.35,59.32,44.97,37.9,6.0,1662.0,7.0,3.0,4.0,3.0,medium
stu_00607,class_001,13.62,9.33,8.1,11.83,13.41,47.44,244.12,5.0,180.0,1.0,0.0,8.0,3.0,high
stu_00608,class_003,82.72,83.68,79.33,71.89,79.26,81.95,26.34,11.0,1834.0,8.0,3.0,10.0,0.0,low
stu_00609,class_002,29.92,,40.33,37.43,48.24,64.64,27.87,6.0,1593.0,7.0,3.0,8.0,2.0,medium
stu_00610,class_031,83.57,86.69,100.0,93.67,87.14,62.88,18.34,14.0,1986.0,8.0,5.0,11.0,0.0,low
stu_00611,class_029,85.88,93.12,100.0,92.94,86.61,54.43,25.4,17.0,2006.0,9.0,6.0,12.0,0.0,low
stu_00612,class_034,100.0,86.93,66.91,53.62,87.49,100.0,31.32,8.0,1697.0,7.0,3.0,11.0,1.0,low
stu_00613,class_007,60.34,46.98,59.78,49.95,61.08,52.38,29.02,8.0,999.0,4.0,1.0,13.0,0.0,medium
stu_00614,class_023,83.61,82.94,100.0,100.0,77.72,42.41,27.58,0.0,1475.0,6.0,4.0,0.0,1.0,low
stu_00615,class_012,89.4,70.31,78.97,79.16,79.55,64.99,19.3,13.0,1761.0,8.0,3.0,15.0,1.0,low
stu_00616,class_014,14.67,26.81,,7.69,26.33,32.6,63.63,2.0,549.0,3.0,1.0,6.0,4.0,high
stu_00617,class_004,70.4,78.61,77.35,90.96,80.92,81.2,30.45,16.0,1848.0,8.0,2.0,16.0,1.0,low
stu_00618,class_001,50.73,65.49,20.46,6.71,42.72,7.02,28.61,0.0,1328.0,6.0,2.0,0.0,3.0,high
stu_00619,class_012,48.91,30.57,75.98,78.8,47.62,46.95,59.25,5.0,1273.0,6.0,1.0,3.0,2.0,high
stu_00620,class_022,76.61,86.99,79.37,76.38,78.72,81.19,21.86,,2134.0,9.0,4.0,18.0,0.0,low
stu_00621,class_003,90.95,83.1,90.31,100.0,84.03,72.82,26.57,18.0,2137.0,9.0,5.0,35.0,0.0,low
stu_00622,class_019,69.13,65.16,71.14,67.86,70.77,59.0,32.41,6.0,1385.0,6.0,3.0,6.0,0.0,medium
stu_00623,class_029,84.62,90.66,82.36,86.08,83.16,67.82,28.65,16.0,2181.0,9.0,6.0,17.0,0.0,low
stu_00624,class_004,80.41,77.78,79.59,92.41,76.73,61.91,39.62,10.0,1438.0,6.0,3.0,8.0,5.0,medium
stu_00625,class_002,94.95,44.41,91.73,82.9,75.11,90.24,27.17,11.0,1197.0,5.0,3.0,11.0,0.0,low
stu_00626,class_024,75.51,96.65,96.93,86.54,85.58,85.32,37.08,5.0,2034.0,9.0,4.0,10.0,0.0,low
stu_00627,class_002,54.75,54.37,34.45,45.51,48.38,56.46,89.25,2.0,1221.0,5.0,2.0,2.0,4.0,medium
stu_00628,class_040,98.87,87.01,71.52,78.67,89.12,88.77,28.86,11.0,1966.0,8.0,5.0,16.0,0.0,low
stu_00629,class_038,97.65,76.58,100.0,100.0,93.21,73.36,24.71,13.0,1556.0,7.0,4.0,13.0,0.0,low
stu_00630,class_014,93.38,80.61,80.79,70.43,86.67,78.2,16.04,15.0,2033.0,9.0,5.0,13.0,0.0,low
stu_00631,class_002,55.85,35.59,54.76,83.08,46.09,42.53,49.39,7.0,6483.0,25.0,6.0,18.0,5.0,medium
stu_00632,class_014,80.89,81.25,63.75,75.12,73.31,74.62,37.69,1.0,1335.0,6.0,3.0,0.0,1.0,medium
stu_00633,class_002,90.26,94.36,99.28,96.92,86.04,63.0,33.71,18.0,2305.0,10.0,5.0,17.0,0.0,low
stu_00634,class_030,86.63,90.41,78.89,81.24,86.8,87.81,32.44,11.0,,8.0,3.0,14.0,0.0,low
stu_00635,class_022,87.96,92.47,92.46,87.99,92.98,85.17,16.76,11.0,1939.0,8.0,5.0,13.0,1.0,low
stu_00636,class_009,73.09,92.95,49.31,45.94,66.48,32.21,29.8,6.0,1812.0,8.0,2.0,11.0,0.0,medium
stu_00637,class_002,43.09,27.26,74.09,77.54,45.18,49.34,56.9,8.0,830.0,4.0,1.0,8.0,0.0,medium
stu_00638,class_011,95.37,100.0,83.6,85.13,96.06,96.53,21.87,11.0,1922.0,8.0,5.0,15.0,0.0,low
stu_00639,class_007,47.65,28.56,54.86,64.72,43.27,32.89,19.88,3.0,760.0,4.0,1.0,0.0,0.0,medium
stu_00640,class_032,55.34,33.36,69.8,62.58,49.12,46.36,103.9,6.0,847.0,4.0,1.0,10.0,4.0,medium
stu_00641,class_006,96.09,81.06,100.0,99.27,94.89,85.89,24.81,17.0,1874.0,8.0,4.0,13.0,0.0,low
stu_00642,class_037,72.67,55.85,64.62,23.64,65.19,55.54,100.64,8.0,2854.0,11.0,14.0,8.0,3.0,medium
stu_00643,class_027,76.82,52.62,79.48,69.81,67.47,80.07,21.14,5.0,1123.0,5.0,1.0,6.0,0.0,low
stu_00644,class_018,84.13,72.64,84.4,92.81,78.31,68.54,16.78,15.0,1673.0,7.0,4.0,21.0,0.0,low
stu_00645,class_030,89.99,89.86,83.66,85.51,88.88,84.81,64.82,11.0,1835.0,8.0,4.0,9.0,2.0,low
stu_00646,class_023,52.36,79.95,82.88,85.99,71.75,77.89,34.11,18.0,2014.0,9.0,4.0,21.0,0.0,low
stu_00647,class_035,71.66,46.19,26.42,27.35,54.42,82.63,27.16,5.0,970.0,4.0,1.0,4.0,2.0,medium
stu_00648,class_032,90.37,97.2,78.64,85.99,86.94,67.58,21.76,15.0,2103.0,9.0,4.0,19.0,0.0,low
stu_00649,class_007,26.47,69.59,79.46,82.15,50.58,27.31,35.35,0.0,1407.0,6.0,2.0,0.0,6.0,high
stu_00650,class_010,79.62,63.81,36.89,44.34,68.2,79.16,16.49,12.0,1965.0,8.0,5.0,10.0,4.0,low
stu_00651,class_025,77.72,88.0,79.5,81.29,76.47,70.2,22.49,6.0,1699.0,7.0,3.0,6.0,0.0,low
stu_00652,class_036,40.9,9.31,40.54,27.52,37.11,30.51,59.16,4.0,395.0,2.0,1.0,1.0,4.0,high
stu_00653,class_015,87.75,66.05,69.37,68.9,80.48,100.0,14.9,6.0,1483.0,6.0,4.0,10.0,0.0,low
stu_00654,class_021,82.28,83.5,69.18,82.79,80.31,76.4,17.55,13.0,1926.0,8.0,4.0,14.0,0.0,low
stu_00655,class_004,86.0,79.59,53.4,51.08,71.6,38.56,38.61,4.0,1635.0,7.0,4.0,0.0,1.0,medium
stu_00656,class_027,97.29,80.17,,74.92,88.98,87.69,12.93,,1837.0,8.0,4.0,23.0,0.0,low
stu_00657,class_024,67.69,71.77,48.45,50.58,64.12,71.02,23.27,9.0,1500.0,7.0,2.0,12.0,4.0,medium
stu_00658,class_014,96.53,99.16,80.01,62.37,90.32,60.71,26.4,18.0,2393.0,10.0,6.0,13.0,0.0,low
stu_00659,class_004,78.52,92.61,73.26,90.19,78.72,92.57,24.29,9.0,1713.0,7.0,2.0,14.0,1.0,low
stu_00660,class_022,87.7,98.46,95.42,91.22,87.17,57.22,15.77,8.0,1839.0,8.0,4.0,6.0,0.0,low
stu_00661,class_036,65.41,62.42,63.65,58.45,65.19,73.45,18.11,9.0,1244.0,5.0,2.0,14.0,3.0,medium
stu_00662,class_023,14.59,46.41,42.61,45.87,31.53,53.19,104.61,4.0,1213.0,5.0,1.0,2.0,2.0,high
stu_00663,class_035,31.81,,56.08,68.07,35.69,0.0,44.95,0.0,767.0,4.0,1.0,0.0,3.0,high
stu_00664,class_012,78.17,69.17,24.24,24.67,61.61,75.94,46.82,8.0,1405.0,6.0,3.0,10.0,7.0,medium
stu_00665,class_005,88.05,80.51,88.97,91.46,72.95,47.92,13.18,0.0,1661.0,7.0,5.0,0.0,1.0,low
stu_00666,class_010,68.89,63.07,68.7,65.0,62.01,50.71,21.56,2.0,1142.0,5.0,1.0,6.0,0.0,medium
stu_00667,class_036,82.58,94.71,78.19,73.1,84.26,78.36,17.19,17.0,2276.0,10.0,4.0,33.0,0.0,low
stu_00668,class_024,78.09,82.3,80.49,85.43,79.2,66.66,27.21,6.0,1750.0,8.0,3.0,7.0,,low
stu_00669,class_016,31.75,41.72,43.81,55.92,37.66,7.73,44.33,2.0,896.0,4.0,1.0,4.0,3.0,high
stu_00670,class_014,45.15,5.66,17.54,34.18,23.99,10.21,59.64,4.0,86.0,1.0,0.0,2.0,2.0,high
stu_00671,class_023,87.21,,75.82,66.45,86.75,100.0,37.64,16.0,2145.0,9.0,4.0,14.0,0.0,low
stu_00672,class_037,75.98,41.26,30.18,22.57,56.89,58.84,26.23,8.0,983.0,4.0,1.0,10.0,2.0,medium
stu_00673,class_002,81.94,79.95,76.32,87.64,80.23,78.65,30.76,18.0,2108.0,9.0,5.0,16.0,0.0,low
stu_00674,class_036,92.07,85.68,78.66,79.13,84.2,76.44,12.9,6.0,1719.0,7.0,4.0,5.0,0.0,low
stu_00675,class_017,59.86,56.18,72.45,70.35,57.85,22.54,34.52,2.0,998.0,4.0,2.0,3.0,2.0,medium
stu_00676,class_026,99.1,80.06,80.48,86.12,89.64,77.77,14.31,12.0,1732.0,7.0,5.0,6.0,1.0,low
stu_00677,class_012,52.17,44.48,,46.51,47.28,32.27,57.69,3.0,1039.0,5.0,1.0,2.0,2.0,medium
stu_00678,class_026,59.63,81.81,67.21,68.13,72.2,82.99,32.16,18.0,1971.0,8.0,3.0,33.0,2.0,low
stu_00679,class_034,18.66,52.15,36.94,34.33,32.08,16.4,93.93,3.0,1120.0,5.0,1.0,7.0,4.0,high
stu_00680,class_018,96.56,,88.78,86.36,88.57,95.12,21.33,8.0,1490.0,6.0,4.0,9.0,1.0,low
stu_00681,class_037,83.68,92.65,82.15,72.96,83.71,48.51,28.39,0.0,2070.0,9.0,6.0,0.0,1.0,low
stu_00682,class_023,76.01,61.52,70.74,72.27,65.69,57.99,25.13,7.0,1250.0,6.0,1.0,8.0,4.0,medium
stu_00683,class_014,100.0,75.41,80.1,87.79,89.61,74.71,19.3,18.0,1748.0,7.0,5.0,35.0,0.0,low
stu_00684,class_022,51.64,36.7,,33.81,39.92,18.94,73.27,4.0,985.0,4.0,1.0,3.0,4.0,high
stu_00685,class_012,71.47,57.5,52.95,56.55,60.48,,38.58,10.0,1463.0,6.0,3.0,18.0,2.0,medium
stu_00686,class_039,84.96,74.26,77.87,75.66,82.0,85.89,26.94,18.0,1852.0,8.0,3.0,26.0,2.0,low
stu_00687,class_010,69.27,58.92,55.71,46.62,59.16,58.7,30.89,6.0,1101.0,5.0,1.0,11.0,5.0,medium
stu_00688,class_033,18.96,44.03,79.84,68.5,50.39,87.87,38.21,12.0,2188.0,9.0,6.0,11.0,2.0,low
stu_00689,class_010,47.49,35.64,35.92,24.43,36.17,46.0,45.91,2.0,756.0,4.0,2.0,6.0,3.0,high
stu_00690,class_007,60.69,58.26,82.89,85.01,66.77,52.51,140.13,1.0,1028.0,5.0,3.0,5.0,2.0,medium
stu_00691,class_004,73.68,86.54,87.67,90.07,85.29,81.12,27.91,7.0,1730.0,7.0,3.0,12.0,0.0,low
stu_00692,class_031,79.72,82.26,36.9,42.03,64.04,43.82,35.89,7.0,1711.0,7.0,4.0,8.0,3.0,medium
stu_00693,class_013,73.05,36.75,57.76,54.77,53.95,39.01,21.68,2.0,768.0,4.0,1.0,2.0,3.0,medium
stu_00694,class_012,88.27,84.23,91.34,86.99,85.87,92.54,30.21,6.0,1682.0,7.0,4.0,7.0,0.0,low
stu_00695,class_040,99.3,68.73,76.73,80.56,84.65,61.93,21.37,13.0,1659.0,7.0,3.0,0.0,0.0,low
stu_00696,class_009,28.51,16.0,31.03,53.86,22.93,32.23,89.36,3.0,399.0,2.0,0.0,3.0,1.0,high
stu_00697,class_030,6.9,22.15,,50.73,28.03,42.66,44.07,2.0,395.0,2.0,0.0,1.0,4.0,high
stu_00698,class_016,46.14,52.22,65.99,70.25,56.24,71.39,50.97,5.0,1222.0,5.0,1.0,4.0,1.0,medium
stu_00699,class_001,55.09,62.54,70.02,73.77,59.41,21.55,64.9,8.0,1189.0,5.0,2.0,6.0,1.0,medium
stu_00700,class_003,33.05,45.28,69.09,85.3,54.92,100.0,26.38,12.0,1639.0,7.0,5.0,24.0,2.0,low
stu_00701,class_017,81.46,72.8,77.81,77.67,83.37,80.04,21.77,0.0,1633.0,7.0,3.0,21.0,0.0,low
stu_00702,class_015,66.0,50.36,43.28,42.68,51.54,36.08,19.61,1.0,903.0,4.0,1.0,0.0,2.0,medium
stu_00703,class_005,74.72,82.89,89.04,77.25,85.19,88.1,46.76,11.0,1789.0,8.0,3.0,14.0,1.0,low
stu_00704,class_012,75.72,60.28,87.92,82.03,76.92,100.0,18.02,9.0,1464.0,6.0,3.0,18.0,0.0,low
stu_00705,class_005,65.0,53.37,61.59,64.18,57.52,38.35,16.41,4.0,1007.0,5.0,2.0,4.0,1.0,medium
stu_00706,class_011,80.21,59.02,75.02,82.94,77.24,78.31,19.59,12.0,1322.0,6.0,4.0,20.0,0.0,low
stu_00707,class_004,97.75,61.91,31.93,25.48,69.43,50.85,20.55,9.0,1313.0,6.0,3.0,10.0,6.0,medium
stu_00708,class_030,2.53,17.17,27.97,28.55,17.52,37.71,81.62,4.0,599.0,3.0,0.0,0.0,1.0,high
stu_00709,class_039,74.42,80.76,77.06,77.25,72.96,48.05,22.45,12.0,1660.0,7.0,2.0,15.0,1.0,low
stu_00710,class_012,83.99,75.26,81.18,83.1,81.97,80.23,22.95,15.0,1918.0,8.0,5.0,27.0,0.0,low
stu_00711,class_004,100.0,84.92,88.05,88.33,87.85,75.62,22.37,15.0,1954.0,8.0,6.0,26.0,0.0,low
stu_00712,class_017,96.82,77.04,91.33,80.83,84.9,84.12,13.61,,1783.0,8.0,4.0,17.0,0.0,low
stu_00713,class_040,94.37,53.21,17.53,19.02,57.03,68.85,65.38,8.0,1686.0,7.0,2.0,17.0,7.0,medium
stu_00714,class_017,95.63,79.52,86.18,92.87,91.19,100.0,28.01,11.0,1821.0,8.0,4.0,6.0,1.0,low
stu_00715,class_006,90.56,,79.45,81.24,92.68,96.82,40.02,11.0,1801.0,8.0,3.0,11.0,0.0,low
stu_00716,class_007,24.19,71.88,80.33,88.73,61.46,79.77,38.79,13.0,1808.0,8.0,5.0,8.0,0.0,low
stu_00717,class_034,69.51,81.49,84.87,85.7,82.41,85.18,13.97,16.0,1810.0,8.0,3.0,23.0,0.0,low
stu_00718,class_011,59.4,10.0,33.73,36.73,41.34,66.48,56.52,3.0,316.0,2.0,0.0,5.0,0.0,medium
stu_00719,class_038,76.22,87.3,89.21,88.14,83.92,90.29,15.0,9.0,1711.0,7.0,3.0,15.0,0.0,low
stu_00720,class_019,8.03,44.67,42.27,26.74,30.26,30.9,132.08,0.0,925.0,4.0,1.0,0.0,4.0,high
stu_00721,class_030,3.61,21.84,26.32,22.84,21.31,29.22,98.07,3.0,463.0,2.0,1.0,4.0,1.0,high
stu_00722,class_033,90.0,25.67,58.57,52.25,58.18,30.4,91.81,0.0,616.0,3.0,2.0,0.0,4.0,high
stu_00723,class_020,87.26,77.64,72.03,73.03,73.65,29.79,43.98,6.0,1470.0,6.0,4.0,9.0,3.0,medium
stu_00724,class_029,38.83,71.52,76.53,87.47,55.13,28.63,20.72,8.0,1353.0,6.0,3.0,12.0,0.0,medium
stu_00725,class_007,90.24,81.69,95.08,79.45,89.23,81.5,17.86,11.0,2054.0,9.0,5.0,18.0,1.0,low
stu_00726,class_020,97.79,87.99,74.39,68.55,88.43,82.4,25.72,17.0,1952.0,8.0,4.0,16.0,1.0,low
stu_00727,class_005,61.33,34.59,78.19,84.53,56.38,76.34,45.31,3.0,817.0,4.0,2.0,2.0,2.0,medium
stu_00728,class_027,89.04,67.45,100.0,94.77,85.5,96.08,28.31,8.0,1434.0,6.0,4.0,7.0,0.0,low
stu_00729,class_013,100.0,96.0,87.63,76.85,94.1,66.51,15.21,14.0,2277.0,10.0,6.0,11.0,0.0,low
stu_00730,class_027,82.81,76.12,80.79,70.56,79.07,69.8,32.08,15.0,2070.0,9.0,5.0,20.0,0.0,low
stu_00731,class_027,100.0,68.14,29.9,23.64,72.74,69.66,29.68,17.0,1803.0,8.0,4.0,29.0,7.0,low
stu_00732,class_039,45.07,48.75,52.11,56.78,43.52,34.06,19.86,2.0,784.0,4.0,2.0,1.0,3.0,high
stu_00733,class_024,78.82,83.84,79.82,87.35,69.79,9.4,19.03,0.0,2019.0,9.0,3.0,0.0,0.0,low
stu_00734,class_038,23.45,20.59,48.73,63.58,30.87,47.98,30.59,1.0,538.0,3.0,0.0,0.0,2.0,high
stu_00735,class_029,95.13,82.87,79.51,69.11,88.19,82.85,14.48,15.0,1903.0,8.0,4.0,13.0,0.0,low
stu_00736,class_038,48.92,35.29,52.26,61.01,46.86,64.83,85.61,4.0,606.0,3.0,0.0,8.0,0.0,medium
stu_00737,class_014,75.52,79.53,82.77,74.54,71.19,60.48,21.89,5.0,1637.0,7.0,3.0,5.0,1.0,low
stu_00738,class_004,70.13,50.71,68.96,66.87,64.51,47.72,54.78,7.0,1217.0,5.0,1.0,10.0,2.0,medium
stu_00739,class_012,92.35,64.65,90.97,93.66,81.05,53.65,21.76,14.0,1474.0,6.0,5.0,16.0,0.0,low
stu_00740,class_015,67.72,97.83,68.83,78.96,80.59,74.49,32.92,11.0,2164.0,9.0,3.0,11.0,0.0,low
stu_00741,class_009,45.09,30.08,28.51,32.93,31.7,36.8,56.04,3.0,599.0,3.0,0.0,,1.0,high
stu_00742,class_013,41.82,58.65,30.03,30.29,42.93,3.83,105.92,5.0,1307.0,6.0,2.0,8.0,6.0,high
stu_00743,class_004,62.6,56.92,39.51,41.93,57.51,100.0,49.93,3.0,944.0,4.0,1.0,0.0,3.0,medium
stu_00744,class_005,94.74,65.78,48.0,52.98,75.1,69.6,39.38,10.0,1315.0,6.0,3.0,9.0,3.0,medium
stu_00745,class_035,81.18,69.74,77.84,83.25,76.64,88.89,50.92,9.0,1422.0,6.0,3.0,8.0,1.0,low
stu_00746,class_024,68.65,80.13,50.01,55.31,68.22,62.1,66.15,5.0,1703.0,7.0,3.0,4.0,3.0,medium
stu_00747,class_029,,84.59,93.96,84.29,81.6,86.37,22.06,14.0,2188.0,9.0,4.0,26.0,0.0,low
stu_00748,class_037,86.58,87.33,100.0,100.0,86.93,77.91,16.27,8.0,1865.0,8.0,4.0,5.0,0.0,low
stu_00749,class_029,97.09,79.6,78.22,74.33,81.25,87.79,32.3,6.0,1473.0,6.0,4.0,5.0,2.0,low
stu_00750,class_033,75.34,100.0,83.03,90.24,84.8,77.5,22.63,12.0,1998.0,8.0,4.0,20.0,1.0,low
stu_00751,class_033,77.18,77.86,44.32,66.88,63.91,48.46,44.34,4.0,1107.0,5.0,1.0,4.0,3.0,medium
stu_00752,class_031,92.97,95.62,91.96,87.11,88.63,79.17,11.01,15.0,2142.0,9.0,5.0,23.0,0.0,low
stu_00753,class_030,57.68,47.29,55.2,62.99,51.12,20.56,44.18,2.0,848.0,4.0,2.0,0.0,4.0,high
stu_00754,class_013,89.92,33.22,15.0,17.2,50.88,60.72,30.67,1.0,598.0,3.0,1.0,2.0,1.0,medium
stu_00755,class_025,38.33,48.41,28.14,25.66,36.48,47.78,108.32,1.0,1011.0,5.0,2.0,0.0,2.0,high
stu_00756,class_005,84.95,90.27,81.12,66.82,84.61,58.37,22.31,18.0,2157.0,9.0,5.0,15.0,1.0,low
stu_00757,class_034,76.4,66.3,69.63,72.99,75.9,78.6,15.0,18.0,1633.0,7.0,3.0,31.0,0.0,low
stu_00758,class_037,32.46,41.28,49.38,65.38,39.38,21.64,31.8,2.0,640.0,3.0,0.0,1.0,6.0,high
stu_00759,class_012,75.84,66.53,84.88,80.94,76.24,82.36,18.32,10.0,1392.0,6.0,3.0,10.0,1.0,low
stu_00760,class_037,100.0,56.96,93.34,79.04,78.33,39.72,19.23,7.0,1154.0,5.0,3.0,10.0,0.0,medium
stu_00761,class_017,63.99,83.48,74.08,64.34,66.84,31.29,30.22,3.0,1769.0,8.0,2.0,3.0,3.0,medium
stu_00762,class_028,77.05,57.36,34.51,31.75,62.33,96.13,33.86,12.0,1786.0,8.0,4.0,10.0,4.0,low
stu_00763,class_005,85.06,39.19,76.99,83.28,68.56,81.4,15.12,9.0,889.0,4.0,2.0,12.0,1.0,medium
stu_00764,class_023,100.0,83.03,90.27,81.06,83.89,44.85,51.03,0.0,2017.0,9.0,5.0,0.0,0.0,low
stu_00765,class_020,51.36,58.94,51.93,49.97,55.37,51.65,53.93,10.0,1330.0,6.0,2.0,8.0,2.0,medium
stu_00766,class_034,83.94,79.52,94.57,98.37,82.28,77.95,18.97,9.0,1604.0,7.0,5.0,14.0,0.0,low
stu_00767,class_028,46.24,47.33,46.22,58.85,41.63,11.93,123.46,5.0,897.0,4.0,1.0,3.0,6.0,high
stu_00768,class_021,97.65,76.63,95.66,100.0,94.58,100.0,32.06,14.0,1691.0,7.0,5.0,23.0,1.0,low
stu_00769,class_024,76.29,66.61,90.73,89.73,81.09,100.0,30.55,14.0,1729.0,7.0,3.0,13.0,0.0,low
stu_00770,class_006,90.29,83.17,75.19,86.67,85.08,68.63,32.11,18.0,1982.0,8.0,5.0,14.0,0.0,low
stu_00771,class_034,76.39,82.53,91.54,92.85,81.59,88.9,24.09,15.0,1934.0,8.0,3.0,9.0,0.0,low
stu_00772,class_014,64.68,85.15,60.28,60.62,65.76,43.42,33.46,8.0,1829.0,8.0,2.0,6.0,1.0,medium
stu_00773,class_022,90.1,73.36,34.12,22.34,71.54,87.3,13.98,12.0,1727.0,7.0,4.0,22.0,3.0,low
stu_00774,class_036,99.04,81.62,73.67,76.56,87.38,91.0,18.37,18.0,1898.0,8.0,3.0,27.0,0.0,low
stu_00775,class_029,49.03,34.81,32.66,49.79,41.83,33.6,51.84,5.0,585.0,3.0,0.0,1.0,3.0,high
stu_00776,class_018,83.5,77.34,88.28,75.53,81.95,82.36,33.83,17.0,1868.0,8.0,4.0,23.0,1.0,low
stu_00777,class_037,100.0,79.43,80.36,87.97,86.54,93.38,21.02,7.0,1759.0,8.0,4.0,9.0,0.0,low
stu_00778,class_026,88.69,74.48,70.67,72.34,78.36,79.66,44.34,8.0,1544.0,7.0,4.0,8.0,0.0,low
stu_00779,class_027,83.91,79.25,91.49,100.0,82.7,87.69,20.15,8.0,1716.0,7.0,4.0,7.0,0.0,low
stu_00780,class_008,88.17,85.53,77.09,82.44,83.21,81.93,17.63,14.0,1822.0,8.0,3.0,11.0,1.0,low
stu_00781,class_015,70.22,96.29,34.12,42.72,62.74,29.81,61.87,6.0,1902.0,8.0,2.0,8.0,2.0,medium
stu_00782,class_008,88.65,48.86,34.94,9.73,62.22,49.06,62.86,7.0,871.0,4.0,3.0,5.0,0.0,medium
stu_00783,class_040,87.86,72.5,45.41,55.82,66.7,61.37,32.7,1.0,1405.0,6.0,3.0,2.0,2.0,medium
stu_00784,class_028,73.81,68.38,84.15,88.79,75.29,66.83,26.41,9.0,1502.0,7.0,3.0,7.0,0.0,low
stu_00785,class_014,89.12,88.97,78.33,70.67,86.08,91.91,21.05,14.0,2119.0,9.0,4.0,17.0,0.0,low
stu_00786,class_009,12.79,51.16,49.46,39.28,33.32,15.97,40.78,2.0,996.0,4.0,1.0,3.0,4.0,high
stu_00787,class_023,63.07,88.97,63.54,62.93,69.41,11.78,20.18,6.0,1677.0,7.0,2.0,8.0,4.0,medium
stu_00788,class_022,75.17,73.72,87.26,81.07,84.02,88.56,20.63,15.0,1990.0,8.0,5.0,23.0,0.0,low
stu_00789,class_017,100.0,74.02,79.2,88.07,87.39,86.4,26.27,7.0,1503.0,7.0,3.0,10.0,0.0,low
stu_00790,class_031,15.61,47.36,83.3,79.78,40.11,24.97,83.3,1.0,818.0,4.0,1.0,0.0,0.0,high
stu_00791,class_021,56.1,73.45,42.78,34.13,60.23,87.75,24.56,4.0,1587.0,7.0,2.0,5.0,2.0,medium
stu_00792,class_019,78.35,60.5,69.23,72.35,69.67,34.29,19.69,0.0,1283.0,6.0,1.0,0.0,1.0,medium
stu_00793,class_040,43.62,56.15,48.35,30.27,50.09,38.89,37.23,0.0,5243.0,20.0,10.0,27.0,4.0,medium
stu_00794,class_020,96.6,52.97,58.7,46.37,70.61,37.58,33.46,9.0,1203.0,5.0,2.0,12.0,3.0,medium
stu_00795,class_021,81.91,61.95,76.87,78.14,70.25,51.38,20.27,0.0,1602.0,7.0,3.0,0.0,0.0,low
stu_00796,class_027,22.97,0.0,64.61,62.79,33.35,44.49,33.26,3.0,193.0,1.0,1.0,6.0,4.0,high
stu_00797,class_039,84.57,71.39,83.41,87.91,75.22,76.49,20.85,7.0,1444.0,6.0,4.0,7.0,0.0,low
stu_00798,class_024,48.24,62.02,100.0,100.0,66.1,64.74,23.5,10.0,1585.0,7.0,3.0,11.0,2.0,medium
stu_00799,class_021,6.07,61.61,50.79,53.97,35.04,53.63,38.34,5.0,1256.0,6.0,1.0,4.0,1.0,high
stu_00800,class_020,95.93,65.1,29.12,34.8,64.87,71.84,50.71,8.0,1975.0,8.0,5.0,13.0,6.0,low
stu_00801,class_004,68.73,74.29,84.37,74.0,79.07,74.65,17.38,16.0,1914.0,8.0,4.0,19.0,0.0,low
stu_00802,class_009,93.35,91.45,96.18,92.24,88.98,88.51,13.44,13.0,1929.0,8.0,5.0,9.0,0.0,low
stu_00803,class_002,92.29,83.28,78.26,74.39,83.78,93.22,34.71,16.0,1978.0,8.0,4.0,28.0,0.0,low
stu_00804,class_003,71.19,59.29,,39.79,53.06,52.65,41.91,2.0,1074.0,5.0,1.0,3.0,2.0,medium
stu_00805,class_021,42.96,60.03,69.99,82.57,56.86,80.82,31.16,4.0,1103.0,5.0,1.0,7.0,2.0,medium
stu_00806,class_012,78.15,94.61,75.92,68.22,82.03,48.68,34.63,16.0,2110.0,9.0,3.0,17.0,0.0,low
stu_00807,class_037,95.09,84.5,84.17,86.99,86.5,95.49,21.94,5.0,1472.0,6.0,4.0,8.0,0.0,low
stu_00808,class_029,100.0,81.62,99.97,100.0,93.16,87.67,26.22,6.0,1635.0,7.0,4.0,6.0,1.0,low
stu_00809,class_002,79.06,100.0,76.71,66.92,84.41,93.29,34.49,17.0,2332.0,10.0,0.0,20.0,0.0,low
stu_00810,class_036,74.57,69.03,79.86,75.89,79.55,86.32,23.48,18.0,1823.0,8.0,3.0,13.0,0.0,low
stu_00811,class_017,76.52,69.41,84.73,87.89,74.09,65.72,31.35,9.0,1366.0,6.0,3.0,11.0,0.0,low
stu_00812,class_028,81.71,95.6,80.24,85.97,84.89,85.59,21.32,13.0,2034.0,9.0,5.0,23.0,0.0,low
stu_00813,class_024,92.55,87.58,93.31,88.57,88.48,67.33,33.49,8.0,1826.0,8.0,4.0,14.0,0.0,low
stu_00814,class_027,85.75,41.83,28.96,28.12,56.52,59.74,63.73,2.0,938.0,4.0,3.0,1.0,2.0,medium
stu_00815,class_023,30.48,35.01,28.0,46.36,31.23,23.17,140.19,0.0,654.0,3.0,2.0,0.0,1.0,high
stu_00816,class_007,33.87,24.64,48.52,49.93,38.5,40.98,30.64,4.0,477.0,2.0,0.0,4.0,7.0,high
stu_00817,class_026,28.87,57.82,46.49,45.9,44.88,48.26,30.14,1.0,1140.0,5.0,2.0,3.0,1.0,high
stu_00818,class_010,80.56,77.14,100.0,94.9,84.23,64.39,56.24,15.0,1965.0,8.0,6.0,0.0,0.0,low
stu_00819,class_025,76.5,79.31,85.09,74.05,76.74,77.55,32.58,16.0,1721.0,7.0,3.0,16.0,0.0,low
stu_00820,class_011,72.13,78.51,100.0,98.64,81.31,82.37,19.33,10.0,1746.0,7.0,3.0,12.0,0.0,low
stu_00821,class_012,80.17,81.31,100.0,93.61,85.44,92.86,24.23,18.0,,9.0,5.0,26.0,2.0,low
stu_00822,class_010,28.89,35.92,66.15,70.23,34.58,23.21,30.44,0.0,841.0,4.0,1.0,0.0,7.0,high
stu_00823,class_004,63.97,44.4,76.27,86.19,65.31,73.93,35.08,9.0,924.0,4.0,2.0,10.0,5.0,medium
stu_00824,class_019,78.51,82.61,88.26,85.77,81.55,85.58,18.32,0.0,1642.0,7.0,0.0,10.0,0.0,low
stu_00825,class_031,62.96,47.6,59.93,63.09,48.12,16.64,53.64,0.0,928.0,4.0,1.0,0.0,1.0,medium
stu_00826,class_034,62.62,75.75,57.42,58.88,62.5,79.54,22.45,9.0,1502.0,7.0,3.0,10.0,5.0,medium
stu_00827,class_003,21.65,8.86,41.06,45.39,24.08,26.34,133.22,4.0,164.0,1.0,0.0,6.0,5.0,high
stu_00828,class_033,80.86,75.73,86.25,78.06,81.58,93.26,37.73,16.0,1824.0,8.0,5.0,21.0,0.0,low
stu_00829,class_023,25.0,48.99,80.74,80.39,45.46,34.87,23.2,2.0,1422.0,6.0,4.0,0.0,2.0,medium
stu_00830,class_004,81.03,76.13,64.57,63.68,77.21,72.04,19.14,6.0,1746.0,7.0,3.0,9.0,1.0,low
stu_00831,class_024,88.78,57.09,35.17,20.66,57.81,41.45,62.75,3.0,1006.0,5.0,2.0,4.0,2.0,medium
stu_00832,class_004,89.95,65.79,79.44,75.73,80.47,80.17,17.19,10.0,1547.0,7.0,3.0,11.0,0.0,low
stu_00833,class_030,85.56,72.25,70.41,85.02,77.16,91.43,12.36,9.0,1461.0,6.0,3.0,10.0,1.0,low
stu_00834,class_012,75.06,62.9,77.84,79.62,64.23,5.0,17.95,9.0,1408.0,6.0,2.0,10.0,0.0,medium
stu_00835,class_005,36.51,57.43,33.62,47.19,44.17,53.52,107.13,5.0,1125.0,5.0,1.0,6.0,2.0,high
stu_00836,class_035,87.32,82.31,82.75,82.61,80.13,62.32,14.69,12.0,1878.0,8.0,4.0,12.0,0.0,low
stu_00837,class_002,65.04,90.91,94.62,100.0,79.53,87.28,31.58,12.0,1955.0,8.0,4.0,14.0,0.0,low
stu_00838,class_003,95.1,66.03,96.72,95.72,84.5,68.15,31.37,5.0,1511.0,7.0,4.0,4.0,0.0,low
stu_00839,class_002,32.13,30.62,73.03,79.04,41.76,32.96,61.75,2.0,397.0,2.0,1.0,1.0,3.0,high
stu_00840,class_023,46.52,0.0,60.93,72.29,33.09,26.74,22.38,0.0,235.0,1.0,0.0,0.0,6.0,high
stu_00841,class_002,72.11,82.15,87.65,75.05,80.66,90.99,19.91,10.0,1849.0,8.0,3.0,14.0,0.0,low
stu_00842,class_021,61.41,81.45,41.13,43.92,59.89,57.22,38.05,3.0,1689.0,7.0,3.0,1.0,1.0,medium
stu_00843,class_035,75.73,69.4,80.95,87.4,77.88,78.22,20.83,14.0,1748.0,7.0,3.0,24.0,0.0,low
stu_00844,class_018,87.94,52.89,30.89,30.15,64.27,94.21,14.83,5.0,1556.0,7.0,3.0,9.0,4.0,low
stu_00845,class_026,37.15,39.67,69.23,80.69,44.03,54.32,75.51,3.0,804.0,4.0,1.0,3.0,0.0,medium
stu_00846,class_034,66.3,73.73,46.91,47.54,66.39,44.14,27.24,8.0,1721.0,7.0,3.0,16.0,2.0,medium
stu_00847,class_022,98.04,75.6,71.22,75.22,82.07,66.9,37.37,10.0,1751.0,8.0,4.0,19.0,0.0,low
stu_00848,class_008,23.74,55.35,37.07,44.76,40.62,32.76,73.86,3.0,1007.0,5.0,2.0,2.0,2.0,high
stu_00849,class_007,96.18,46.07,100.0,89.65,86.29,89.62,46.32,8.0,1131.0,5.0,3.0,2.0,1.0,medium
stu_00850,class_038,97.11,89.25,57.06,57.63,84.18,94.3,33.02,5.0,1824.0,8.0,4.0,3.0,0.0,low
stu_00851,class_004,81.59,91.18,81.19,78.21,83.1,92.58,21.95,,2022.0,9.0,5.0,21.0,0.0,low
stu_00852,class_015,83.94,79.39,82.89,74.61,73.78,46.41,26.43,0.0,1806.0,8.0,5.0,0.0,0.0,low
stu_00853,class_005,47.1,59.03,100.0,100.0,67.05,58.14,67.41,2.0,1036.0,5.0,2.0,3.0,3.0,medium
stu_00854,class_025,76.46,61.75,37.77,33.85,57.35,30.08,63.49,7.0,1381.0,6.0,3.0,12.0,2.0,medium
stu_00855,class_022,73.42,84.3,80.77,75.52,80.91,72.07,21.19,11.0,1664.0,7.0,4.0,15.0,2.0,low
stu_00856,class_024,90.73,87.95,86.73,83.7,80.4,57.88,37.48,8.0,1830.0,8.0,4.0,8.0,0.0,low
stu_00857,class_039,76.66,80.88,54.22,56.62,74.81,62.25,29.44,9.0,1712.0,7.0,3.0,10.0,6.0,medium
stu_00858,class_026,44.47,58.14,53.28,47.42,49.83,40.85,17.07,8.0,1235.0,5.0,2.0,1.0,2.0,medium
stu_00859,class_029,85.78,93.76,75.68,72.14,86.45,73.13,33.49,17.0,2276.0,10.0,4.0,27.0,0.0,low
stu_00860,class_011,44.07,68.14,23.16,30.82,43.01,30.11,34.43,2.0,1345.0,6.0,2.0,0.0,2.0,high
stu_00861,class_017,77.8,93.4,77.28,64.04,86.22,68.36,22.36,13.0,2189.0,9.0,3.0,16.0,0.0,low
stu_00862,class_003,77.7,84.94,86.86,76.11,86.86,77.32,24.94,18.0,2043.0,9.0,5.0,31.0,0.0,low
stu_00863,class_040,95.39,68.08,59.18,62.89,76.7,86.45,25.48,8.0,1433.0,6.0,3.0,8.0,0.0,low
stu_00864,class_027,20.78,13.41,43.59,48.13,17.12,0.58,33.3,1.0,285.0,2.0,1.0,1.0,4.0,high
stu_00865,class_006,97.48,71.08,98.53,92.02,89.45,76.4,29.45,15.0,1802.0,8.0,4.0,16.0,0.0,low
stu_00866,class_040,9.55,0.0,30.72,41.25,13.26,17.26,45.37,3.0,85.0,1.0,0.0,2.0,4.0,high
stu_00867,class_001,79.75,49.34,97.54,93.26,72.12,40.5,28.05,4.0,1296.0,6.0,3.0,5.0,1.0,medium
stu_00868,class_029,44.55,53.78,57.39,50.73,49.88,50.22,37.3,7.0,1192.0,5.0,1.0,7.0,3.0,medium
stu_00869,class_008,47.94,59.46,47.76,50.54,53.79,70.71,31.99,3.0,1203.0,5.0,1.0,5.0,2.0,medium
stu_00870,class_033,82.49,50.79,75.46,71.79,71.51,74.23,19.69,1.0,858.0,4.0,2.0,0.0,1.0,medium
stu_00871,class_014,63.18,42.95,53.24,39.41,49.25,46.03,93.3,5.0,0.0,5.0,2.0,7.0,0.0,medium
stu_00872,class_019,14.47,23.6,31.34,30.22,20.89,32.14,135.04,0.0,507.0,3.0,1.0,1.0,5.0,high
stu_00873,class_029,80.71,83.99,94.6,85.18,81.69,64.35,19.61,14.0,1994.0,8.0,5.0,17.0,0.0,low
stu_00874,class_037,90.06,75.0,88.56,86.96,92.5,84.7,19.14,9.0,1805.0,8.0,4.0,12.0,0.0,low
stu_00875,class_019,99.35,69.98,83.7,94.07,86.63,79.27,22.76,17.0,1525.0,7.0,4.0,27.0,1.0,low
stu_00876,class_010,51.42,13.62,43.14,36.96,30.65,0.0,26.35,2.0,294.0,2.0,1.0,2.0,1.0,high
stu_00877,class_019,45.17,65.19,31.82,18.1,51.11,28.9,74.63,9.0,1395.0,6.0,3.0,10.0,3.0,medium
stu_00878,class_007,47.3,68.67,41.39,51.14,55.32,62.92,37.29,3.0,1242.0,5.0,2.0,3.0,1.0,medium
stu_00879,class_012,76.58,97.11,80.71,84.9,85.32,72.24,24.03,12.0,2138.0,9.0,4.0,7.0,0.0,low
stu_00880,class_040,91.06,81.73,93.16,90.34,88.35,76.72,22.11,15.0,2014.0,9.0,6.0,23.0,0.0,low
stu_00881,class_026,87.99,84.11,93.73,86.09,88.42,76.13,16.18,8.0,1753.0,8.0,4.0,9.0,0.0,low
stu_00882,class_019,45.94,42.82,49.12,46.36,41.3,50.34,27.77,1.0,707.0,3.0,1.0,0.0,3.0,high
stu_00883,class_030,42.52,70.89,40.82,43.87,51.33,52.01,28.5,6.0,1349.0,6.0,2.0,7.0,2.0,medium
stu_00884,class_018,50.35,51.15,65.31,67.49,55.83,59.99,62.18,7.0,1180.0,5.0,1.0,4.0,5.0,medium
stu_00885,class_011,86.0,91.93,94.26,98.22,92.43,91.34,19.38,14.0,2054.0,9.0,5.0,13.0,0.0,low
stu_00886,class_009,21.24,41.66,28.31,22.27,30.94,34.78,38.91,4.0,1034.0,5.0,2.0,0.0,5.0,high
stu_00887,class_020,98.39,95.41,77.57,76.46,87.57,76.98,35.31,12.0,2245.0,9.0,4.0,9.0,0.0,low
stu_00888,class_006,76.95,63.53,59.9,66.42,63.19,53.22,36.72,5.0,1389.0,6.0,2.0,3.0,2.0,medium
stu_00889,class_005,48.29,90.31,65.3,59.83,68.09,26.72,104.97,8.0,1895.0,8.0,2.0,15.0,2.0,medium
stu_00890,class_028,95.62,77.35,59.58,52.53,82.15,61.03,50.12,9.0,1912.0,8.0,3.0,12.0,1.0,medium
stu_00891,class_021,97.72,75.41,81.61,58.99,86.95,92.22,19.63,17.0,1770.0,8.0,4.0,22.0,0.0,low
stu_00892,class_021,78.6,68.8,78.72,66.55,78.92,74.27,24.88,17.0,1890.0,8.0,2.0,32.0,0.0,low
stu_00893,class_005,66.04,56.24,37.43,37.28,54.62,87.85,38.61,3.0,1119.0,5.0,1.0,2.0,1.0,medium
stu_00894,class_016,31.64,5.81,12.68,14.21,24.34,48.85,76.79,0.0,62.0,1.0,0.0,2.0,3.0,high
stu_00895,class_012,60.07,68.96,48.6,55.22,57.02,37.78,19.9,3.0,1587.0,7.0,2.0,4.0,2.0,medium
stu_00896,class_014,78.65,39.21,88.3,71.79,70.2,35.18,27.46,10.0,993.0,4.0,3.0,11.0,2.0,medium
stu_00897,class_009,80.27,83.09,96.74,94.34,84.99,73.95,33.85,7.0,1500.0,7.0,5.0,12.0,0.0,low
stu_00898,class_040,100.0,79.0,75.04,92.37,88.82,75.11,14.68,13.0,0.0,8.0,4.0,19.0,1.0,low
stu_00899,class_023,98.38,69.14,80.11,89.7,84.81,78.54,19.02,17.0,1748.0,7.0,4.0,31.0,1.0,low
stu_00900,class_003,73.67,50.23,15.0,15.15,46.65,60.76,80.26,3.0,1037.0,5.0,1.0,5.0,2.0,medium
stu_00901,class_014,48.12,83.81,72.58,67.67,62.73,57.16,115.51,4.0,1633.0,7.0,2.0,5.0,2.0,medium
stu_00902,class_008,59.57,78.37,80.99,83.24,75.83,84.58,21.34,6.0,1556.0,7.0,4.0,7.0,1.0,medium
stu_00903,class_012,86.35,62.58,90.58,96.35,77.87,67.9,18.42,0.0,1598.0,7.0,5.0,28.0,1.0,low
stu_00904,class_020,89.69,,78.49,76.39,76.0,74.89,32.92,5.0,1342.0,6.0,3.0,8.0,0.0,low
stu_00905,class_007,100.0,86.14,72.37,80.95,75.13,20.26,18.59,0.0,2093.0,9.0,4.0,0.0,0.0,low
stu_00906,class_024,61.53,44.84,65.58,83.65,59.4,74.67,51.23,7.0,1032.0,5.0,2.0,10.0,1.0,medium
stu_00907,class_021,87.8,85.13,66.11,71.89,83.4,93.22,22.45,18.0,2010.0,9.0,,27.0,0.0,low
stu_00908,class_017,43.56,81.65,39.54,38.42,58.12,71.87,97.96,9.0,1914.0,8.0,2.0,9.0,3.0,medium
stu_00909,class_032,45.38,51.75,43.85,43.65,47.86,78.13,26.8,10.0,1209.0,5.0,2.0,16.0,2.0,medium
stu_00910,class_019,91.74,70.58,68.95,60.86,79.52,82.99,18.87,12.0,1644.0,7.0,3.0,22.0,0.0,low
stu_00911,class_033,46.82,44.11,81.61,98.67,50.51,12.61,76.62,0.0,845.0,4.0,3.0,0.0,2.0,medium
stu_00912,class_030,7.44,37.99,30.23,15.8,20.5,25.88,149.04,0.0,930.0,4.0,1.0,0.0,6.0,high
stu_00913,class_028,94.12,94.2,91.17,90.72,91.86,70.39,16.7,13.0,2057.0,9.0,5.0,23.0,1.0,low
stu_00914,class_004,93.86,58.94,100.0,100.0,81.44,32.95,58.85,10.0,1381.0,6.0,4.0,7.0,1.0,medium
stu_00915,class_006,66.75,43.48,55.85,48.98,52.2,15.55,29.79,3.0,865.0,4.0,2.0,2.0,5.0,high
stu_00916,class_011,72.78,98.93,100.0,90.66,85.17,76.02,25.04,12.0,2030.0,9.0,5.0,8.0,0.0,low
stu_00917,class_023,41.36,37.53,65.24,90.9,51.67,92.87,22.72,7.0,1693.0,7.0,4.0,5.0,1.0,low
stu_00918,class_001,25.25,20.69,0.0,16.13,21.65,25.22,109.64,1.0,419.0,2.0,1.0,2.0,2.0,high
stu_00919,class_002,70.96,54.55,85.9,100.0,69.39,38.64,61.38,3.0,1066.0,5.0,2.0,7.0,2.0,medium
stu_00920,class_033,87.45,80.09,31.69,37.32,66.92,82.43,25.3,8.0,1188.0,5.0,1.0,8.0,3.0,medium
stu_00921,class_040,98.02,93.5,88.84,88.39,97.25,82.39,23.09,12.0,2110.0,9.0,5.0,10.0,0.0,low
stu_00922,class_001,30.92,31.68,62.95,54.09,35.88,35.04,38.75,1.0,530.0,3.0,0.0,5.0,3.0,high
stu_00923,class_034,57.57,89.22,67.13,80.37,66.33,48.29,54.63,8.0,1959.0,8.0,0.0,9.0,2.0,medium
stu_00924,class_003,93.33,86.96,87.39,81.8,89.79,98.95,23.07,14.0,2039.0,9.0,6.0,9.0,0.0,low
stu_00925,class_015,57.21,32.47,74.27,76.94,54.59,69.26,20.62,3.0,525.0,3.0,1.0,3.0,0.0,medium
stu_00926,class_025,43.57,57.58,43.22,45.92,55.44,64.57,38.97,6.0,1268.0,6.0,1.0,8.0,2.0,medium
stu_00927,class_027,,45.68,45.98,42.78,53.28,48.4,19.23,5.0,1155.0,5.0,1.0,5.0,,medium
stu_00928,class_021,70.15,99.26,79.14,77.65,80.65,81.79,13.2,12.0,2196.0,9.0,3.0,8.0,0.0,low
stu_00929,class_029,71.86,62.74,83.86,93.38,72.75,69.64,17.26,8.0,1560.0,7.0,3.0,8.0,0.0,low
stu_00930,class_036,89.69,100.0,79.75,62.75,90.39,89.27,20.83,5.0,1989.0,8.0,4.0,9.0,0.0,low
stu_00931,class_028,85.22,78.12,85.71,96.83,74.54,61.99,43.4,4.0,1303.0,6.0,5.0,3.0,1.0,medium
stu_00932,class_014,45.73,69.63,68.96,53.27,55.1,43.72,41.22,0.0,0.0,6.0,3.0,0.0,0.0,medium
stu_00933,class_023,95.88,37.36,46.97,47.75,60.81,61.62,76.88,1.0,731.0,3.0,3.0,2.0,0.0,medium
stu_00934,class_005,55.83,42.24,22.01,5.66,40.76,48.98,19.11,3.0,629.0,3.0,0.0,0.0,0.0,medium
stu_00935,class_023,34.46,57.49,84.11,83.3,49.61,22.31,86.98,0.0,718.0,3.0,1.0,0.0,2.0,high
stu_00936,class_002,38.17,36.76,43.56,46.79,37.15,33.81,78.0,4.0,874.0,4.0,2.0,3.0,1.0,high
stu_00937,class_017,99.85,91.34,79.22,82.1,76.42,22.04,12.12,0.0,2135.0,9.0,4.0,0.0,0.0,low
stu_00938,class_020,36.99,31.94,40.97,51.74,33.44,43.78,49.7,0.0,454.0,2.0,0.0,0.0,5.0,high
stu_00939,class_017,86.75,88.51,79.79,86.34,81.21,53.07,20.69,13.0,2017.0,9.0,5.0,17.0,0.0,low
stu_00940,class_028,46.67,49.12,57.69,23.98,52.71,58.0,43.28,1.0,4977.0,19.0,6.0,26.0,2.0,medium
stu_00941,class_011,86.48,74.79,68.85,59.56,73.11,97.3,29.13,7.0,1288.0,6.0,3.0,12.0,0.0,low
stu_00942,class_023,62.25,47.15,47.72,42.65,51.31,72.52,23.29,3.0,939.0,4.0,2.0,6.0,1.0,medium
stu_00943,class_011,100.0,73.76,94.14,100.0,90.74,91.34,27.02,10.0,1492.0,6.0,4.0,14.0,0.0,low
stu_00944,class_026,0.0,55.85,34.26,25.69,27.83,20.7,25.0,4.0,1079.0,5.0,1.0,10.0,6.0,high
stu_00945,class_012,58.87,44.6,,100.0,67.23,46.83,28.11,10.0,956.0,4.0,3.0,11.0,1.0,medium
stu_00946,class_029,60.96,60.06,71.34,84.24,63.05,54.42,52.18,8.0,1364.0,6.0,2.0,15.0,2.0,medium
stu_00947,class_026,76.48,42.25,58.98,46.33,65.69,53.34,38.67,9.0,1051.0,5.0,1.0,11.0,3.0,medium
stu_00948,class_037,24.59,7.08,40.95,32.15,25.8,38.43,27.4,1.0,320.0,2.0,0.0,5.0,1.0,high
stu_00949,class_014,52.39,84.19,78.11,85.17,67.6,45.63,29.15,10.0,1605.0,7.0,2.0,17.0,3.0,medium
stu_00950,class_013,90.25,76.62,32.52,43.05,75.13,81.65,20.39,13.0,2014.0,9.0,4.0,7.0,3.0,low
stu_00951,class_029,11.61,23.31,45.68,61.46,20.44,13.81,55.79,0.0,579.0,3.0,0.0,0.0,5.0,high
stu_00952,class_008,33.03,44.07,29.83,30.93,39.98,73.5,49.41,5.0,851.0,4.0,1.0,8.0,5.0,high
stu_00953,class_030,74.06,68.43,82.13,100.0,76.73,61.9,16.38,17.0,0.0,7.0,3.0,18.0,0.0,low
stu_00954,class_030,65.12,48.21,60.93,55.99,55.32,79.75,65.13,5.0,,4.0,1.0,11.0,2.0,medium
stu_00955,class_037,50.61,69.64,67.76,68.38,59.62,58.03,36.24,1.0,1172.0,5.0,1.0,1.0,1.0,medium
stu_00956,class_034,93.01,72.01,97.3,89.0,90.35,82.06,24.19,12.0,1568.0,7.0,4.0,12.0,0.0,low
stu_00957,class_035,92.95,61.3,69.85,69.81,75.87,83.62,20.56,4.0,1114.0,5.0,3.0,5.0,2.0,medium
stu_00958,class_002,64.83,56.17,26.93,21.49,53.67,36.79,34.72,4.0,1144.0,5.0,2.0,3.0,6.0,high
stu_00959,class_006,94.37,70.45,100.0,83.43,82.74,50.81,18.16,0.0,1462.0,6.0,5.0,0.0,0.0,low
stu_00960,class_039,35.16,49.29,85.63,68.41,55.48,75.99,22.37,15.0,1722.0,7.0,4.0,9.0,0.0,low
stu_00961,class_040,69.37,93.68,62.12,54.5,70.35,59.8,75.18,5.0,1680.0,7.0,3.0,5.0,1.0,medium
stu_00962,class_021,39.17,44.22,35.99,37.47,29.57,0.0,84.28,2.0,760.0,4.0,0.0,4.0,2.0,high
stu_00963,class_024,70.39,76.66,62.11,64.89,68.99,53.44,45.97,6.0,1668.0,7.0,2.0,11.0,4.0,medium
stu_00964,class_019,75.97,76.14,78.94,84.06,71.41,28.7,34.82,2.0,1614.0,7.0,3.0,5.0,3.0,medium
stu_00965,class_024,7.61,39.94,26.96,31.04,27.27,45.94,73.22,4.0,848.0,4.0,2.0,5.0,7.0,high
stu_00966,class_039,77.27,73.22,69.54,72.45,73.75,90.5,21.41,16.0,1640.0,7.0,2.0,24.0,1.0,low
stu_00967,class_038,80.78,63.24,44.22,48.69,61.39,72.63,45.23,4.0,1125.0,5.0,1.0,2.0,,medium
stu_00968,class_012,27.4,30.83,34.07,25.29,30.03,33.29,58.02,0.0,540.0,3.0,0.0,3.0,2.0,high
stu_00969,class_011,0.11,55.05,44.96,40.17,26.0,0.0,114.8,2.0,1092.0,5.0,,2.0,4.0,high
stu_00970,class_023,19.44,32.12,22.54,7.76,24.75,20.08,116.57,3.0,500.0,3.0,0.0,1.0,1.0,high
stu_00971,class_026,55.39,51.18,52.48,51.25,53.69,51.69,50.29,4.0,1015.0,5.0,1.0,5.0,2.0,medium
stu_00972,class_022,81.05,78.52,87.34,91.76,80.06,73.68,20.85,7.0,1570.0,7.0,4.0,11.0,,low
stu_00973,class_001,67.07,50.09,44.06,57.4,55.02,56.62,51.64,4.0,951.0,4.0,1.0,6.0,3.0,medium
stu_00974,class_001,84.73,100.0,82.34,82.33,88.74,67.78,,16.0,2276.0,10.0,5.0,26.0,1.0,low
stu_00975,class_035,86.83,92.24,78.2,82.37,84.79,78.5,15.64,11.0,1874.0,8.0,3.0,18.0,0.0,low
stu_00976,class_002,28.2,68.72,69.68,99.86,60.16,88.46,37.04,7.0,1576.0,7.0,3.0,5.0,0.0,low
stu_00977,class_022,89.89,81.74,87.07,92.09,86.91,70.69,27.87,11.0,1879.0,8.0,4.0,8.0,0.0,low
stu_00978,class_035,93.42,79.17,84.77,79.39,71.12,37.59,24.73,0.0,1735.0,7.0,5.0,0.0,0.0,low
stu_00979,class_034,93.59,48.36,27.98,25.96,61.31,70.81,27.37,5.0,2140.0,9.0,5.0,8.0,4.0,low
stu_00980,class_004,85.39,81.9,65.4,57.03,70.48,33.66,109.34,6.0,1659.0,7.0,3.0,10.0,4.0,medium
stu_00981,class_016,94.21,84.24,60.09,53.6,83.04,83.01,9.59,17.0,2061.0,9.0,5.0,19.0,0.0,low
stu_00982,class_034,56.98,58.37,49.24,68.12,51.54,32.14,30.71,2.0,1285.0,6.0,1.0,2.0,1.0,medium
stu_00983,class_008,92.32,73.32,84.42,100.0,90.24,89.09,18.58,15.0,1918.0,8.0,4.0,17.0,1.0,low
stu_00984,class_002,100.0,48.69,64.77,74.02,70.59,36.98,21.33,5.0,874.0,4.0,2.0,5.0,2.0,medium
stu_00985,class_025,65.49,44.38,83.44,98.86,63.18,66.4,69.34,1.0,754.0,4.0,3.0,0.0,0.0,medium
stu_00986,class_027,79.06,95.49,100.0,91.66,87.96,80.53,29.19,13.0,2163.0,9.0,4.0,17.0,0.0,low
stu_00987,class_001,34.24,73.8,53.4,63.43,47.94,39.02,,0.0,1258.0,6.0,2.0,2.0,4.0,high
stu_00988,class_027,95.66,74.05,100.0,87.26,87.75,65.87,24.29,17.0,1904.0,8.0,4.0,16.0,1.0,low
stu_00989,class_003,68.95,41.73,54.13,63.64,56.57,35.07,27.53,0.0,1007.0,5.0,2.0,0.0,3.0,medium
stu_00990,class_036,84.25,67.68,91.72,85.12,85.41,87.65,31.87,15.0,1494.0,6.0,4.0,15.0,0.0,low
stu_00991,class_040,90.19,78.11,87.74,99.39,82.25,56.03,19.64,13.0,1584.0,7.0,4.0,13.0,0.0,low
stu_00992,class_011,57.9,83.96,45.11,51.26,60.18,47.29,47.72,8.0,0.0,8.0,3.0,18.0,0.0,medium
stu_00993,class_014,86.22,76.7,79.68,94.86,79.32,85.5,35.84,9.0,1893.0,8.0,3.0,13.0,0.0,low
stu_00994,class_019,37.45,30.13,37.09,44.72,36.69,47.78,96.82,3.0,726.0,3.0,1.0,4.0,4.0,high
stu_00995,class_008,52.4,44.66,55.32,59.11,54.86,73.73,46.62,6.0,1124.0,5.0,1.0,8.0,2.0,medium
stu_00996,class_039,22.76,30.56,37.87,52.5,35.09,71.17,45.13,10.0,810.0,4.0,1.0,9.0,3.0,medium
stu_00997,class_009,90.71,47.59,46.93,41.61,62.29,60.77,25.89,2.0,799.0,4.0,3.0,3.0,2.0,medium
stu_00998,class_039,71.66,72.96,66.06,69.29,71.0,87.9,21.66,13.0,1571.0,7.0,3.0,18.0,2.0,low
stu_00999,class_006,48.29,54.41,78.51,75.81,58.78,38.67,33.38,5.0,1045.0,5.0,2.0,3.0,2.0,medium
stu_01000,class_040,80.41,73.08,91.57,80.18,82.55,55.58,21.22,12.0,1697.0,7.0,5.0,14.0,1.0,low
stu_01001,class_017,84.05,75.42,87.72,91.91,81.91,82.27,28.46,8.0,1577.0,7.0,4.0,10.0,1.0,low
stu_01002,class_025,87.0,95.1,87.36,91.29,89.07,84.69,41.22,7.0,1916.0,8.0,4.0,11.0,0.0,low
stu_01003,class_015,18.87,24.31,56.32,58.61,31.58,16.66,53.31,1.0,516.0,3.0,1.0,0.0,3.0,high
stu_01004,class_017,37.16,54.25,44.22,55.04,42.52,53.29,23.93,1.0,1104.0,5.0,1.0,0.0,1.0,medium
stu_01005,class_035,68.88,88.06,30.77,,64.41,55.58,31.65,9.0,1959.0,8.0,3.0,7.0,0.0,medium
stu_01006,class_009,25.53,20.33,15.91,16.55,16.2,2.29,21.9,0.0,352.0,2.0,1.0,3.0,3.0,high
stu_01007,class_036,90.14,96.47,81.43,100.0,94.58,79.96,16.79,17.0,2248.0,9.0,5.0,10.0,2.0,low
stu_01008,class_019,13.55,24.82,10.73,9.65,17.85,55.35,39.53,3.0,664.0,3.0,1.0,3.0,2.0,high
stu_01009,class_002,79.17,67.06,83.25,80.03,79.14,78.14,12.21,18.0,1564.0,7.0,4.0,20.0,0.0,low
stu_01010,class_032,72.7,85.86,73.04,78.14,80.46,86.26,13.26,12.0,1962.0,8.0,0.0,17.0,0.0,low
stu_01011,class_005,55.74,64.05,76.13,58.36,62.09,75.85,61.89,2.0,1247.0,5.0,2.0,2.0,1.0,medium
stu_01012,class_036,79.86,73.16,75.74,73.22,80.72,84.67,34.38,14.0,1575.0,7.0,2.0,27.0,1.0,low
stu_01013,class_023,87.14,59.46,80.68,75.96,77.46,84.72,13.88,13.0,1225.0,5.0,4.0,17.0,1.0,low
stu_01014,class_014,17.55,59.1,23.4,15.25,35.33,72.5,201.64,0.0,924.0,4.0,1.0,0.0,2.0,high
stu_01015,class_023,21.53,13.11,64.98,61.24,35.9,32.93,77.51,2.0,261.0,2.0,0.0,4.0,2.0,high
stu_01016,class_007,91.63,92.15,77.04,82.66,84.85,63.31,17.0,6.0,1857.0,8.0,3.0,8.0,1.0,low
stu_01017,class_020,83.81,87.68,75.3,68.13,82.23,91.81,40.93,5.0,1546.0,7.0,3.0,5.0,0.0,low
stu_01018,class_005,100.0,63.98,96.51,95.18,92.5,98.85,30.38,15.0,1553.0,7.0,5.0,20.0,0.0,low
stu_01019,class_028,89.67,68.66,75.13,73.35,82.3,73.46,11.25,8.0,1601.0,7.0,4.0,15.0,0.0,low
stu_01020,class_010,17.14,36.89,26.84,34.15,24.14,30.04,57.23,0.0,665.0,3.0,1.0,2.0,5.0,high
stu_01021,class_036,43.81,79.31,75.46,72.18,61.21,32.68,31.59,9.0,1438.0,6.0,2.0,9.0,1.0,medium
stu_01022,class_021,,70.76,21.51,29.03,58.81,73.11,37.73,2.0,1236.0,5.0,1.0,0.0,3.0,medium
stu_01023,class_020,88.3,83.05,78.11,86.74,86.33,68.27,34.66,15.0,1921.0,8.0,3.0,23.0,0.0,low
stu_01024,class_021,40.89,69.45,79.5,88.06,64.44,60.57,39.3,6.0,1388.0,6.0,2.0,3.0,1.0,medium
stu_01025,class_027,58.65,29.55,53.48,45.73,49.63,67.79,31.38,7.0,633.0,3.0,0.0,10.0,3.0,medium
stu_01026,class_013,89.79,80.28,83.53,100.0,86.2,79.96,37.42,10.0,1854.0,8.0,5.0,6.0,0.0,low
stu_01027,class_016,81.72,95.17,88.89,74.94,84.3,67.93,22.61,18.0,2181.0,9.0,5.0,25.0,0.0,low
stu_01028,class_036,99.4,89.6,75.34,64.49,82.29,49.96,26.36,13.0,1998.0,8.0,4.0,9.0,1.0,low
stu_01029,class_033,96.88,51.31,51.06,58.88,69.24,21.94,60.55,10.0,1247.0,5.0,2.0,13.0,0.0,medium
stu_01030,class_040,94.7,82.9,85.72,100.0,86.79,96.06,15.05,5.0,1614.0,7.0,5.0,8.0,0.0,low
stu_01031,class_018,70.63,66.97,49.38,65.9,64.54,64.63,76.21,5.0,1257.0,6.0,1.0,8.0,3.0,medium
stu_01032,class_011,81.62,79.37,83.5,76.93,83.03,62.49,30.38,15.0,1854.0,8.0,4.0,24.0,0.0,low
stu_01033,class_008,96.14,90.44,92.22,89.14,91.75,53.31,17.2,13.0,2132.0,9.0,6.0,0.0,0.0,low
stu_01034,class_029,78.39,78.47,76.78,86.38,79.99,97.35,18.82,11.0,1691.0,7.0,2.0,15.0,0.0,low
stu_01035,class_029,81.2,83.04,84.47,86.95,81.36,94.37,29.06,12.0,1919.0,8.0,5.0,22.0,1.0,low
stu_01036,class_037,84.48,77.89,73.52,64.55,82.11,66.79,35.19,9.0,1733.0,7.0,3.0,16.0,0.0,low
stu_01037,class_016,91.69,53.88,78.44,70.48,79.05,65.37,29.81,10.0,1276.0,6.0,3.0,10.0,0.0,low
stu_01038,class_034,75.05,63.71,15.0,13.73,54.73,62.53,31.77,4.0,1218.0,5.0,1.0,,0.0,medium
stu_01039,class_015,84.66,80.24,75.05,76.12,80.62,90.91,26.38,7.0,1672.0,7.0,3.0,11.0,0.0,low
stu_01040,class_011,86.12,44.8,81.45,87.03,63.56,61.22,35.55,1.0,928.0,4.0,4.0,1.0,2.0,medium
stu_01041,class_020,81.04,57.15,47.92,57.93,64.44,66.33,24.53,11.0,1545.0,7.0,4.0,20.0,3.0,low
stu_01042,class_031,55.39,27.66,41.62,46.88,45.95,54.77,27.83,3.0,664.0,3.0,1.0,4.0,0.0,medium
stu_01043,class_015,2.78,42.15,53.5,59.88,30.57,58.12,26.71,0.0,727.0,3.0,1.0,0.0,1.0,high
stu_01044,class_039,87.86,82.81,89.31,82.66,79.93,74.82,17.92,15.0,,8.0,4.0,16.0,1.0,low
stu_01045,class_029,51.7,92.28,91.17,97.11,65.2,24.51,34.16,3.0,1600.0,7.0,3.0,4.0,3.0,medium
stu_01046,class_011,83.15,91.05,81.0,79.7,87.08,78.52,37.81,14.0,1867.0,8.0,4.0,23.0,0.0,low
stu_01047,class_024,61.88,49.47,37.99,44.11,48.01,64.63,29.54,8.0,1195.0,5.0,1.0,4.0,3.0,medium
stu_01048,class_023,59.84,69.56,83.94,92.03,61.94,55.69,55.41,1.0,1335.0,6.0,3.0,0.0,2.0,medium
stu_01049,class_033,39.32,43.34,13.41,14.04,26.35,9.21,249.49,5.0,772.0,4.0,1.0,5.0,6.0,high
stu_01050,class_013,46.82,17.03,69.73,81.85,45.5,28.97,68.66,3.0,302.0,2.0,0.0,0.0,3.0,high
stu_01051,class_002,44.87,59.93,46.47,38.85,46.4,36.85,21.07,8.0,1274.0,6.0,2.0,16.0,2.0,medium
stu_01052,class_014,67.18,55.66,56.83,61.37,60.79,54.73,66.84,1.0,0.0,5.0,1.0,2.0,2.0,medium
stu_01053,class_015,85.2,80.22,45.49,54.0,67.72,28.38,67.42,8.0,1071.0,5.0,1.0,8.0,3.0,medium
stu_01054,class_020,27.94,45.77,38.9,31.12,30.18,23.53,48.74,0.0,832.0,4.0,1.0,0.0,2.0,high
stu_01055,class_038,59.85,33.3,60.52,59.94,53.51,62.06,47.78,10.0,787.0,4.0,1.0,18.0,4.0,medium
stu_01056,class_009,80.21,86.8,87.1,90.77,87.16,87.94,21.14,0.0,2052.0,9.0,5.0,15.0,0.0,low
stu_01057,class_011,89.35,66.97,96.01,98.53,85.37,89.23,10.7,8.0,1568.0,7.0,5.0,7.0,1.0,low
stu_01058,class_038,64.02,55.09,56.67,48.28,66.11,81.7,55.82,10.0,1292.0,6.0,1.0,12.0,3.0,medium
stu_01059,class_005,41.51,70.63,43.28,52.8,57.16,76.2,125.75,10.0,1643.0,7.0,2.0,13.0,0.0,medium
stu_01060,class_003,90.44,76.73,76.97,73.25,81.09,80.39,15.07,5.0,1554.0,7.0,3.0,5.0,0.0,low
stu_01061,class_032,67.6,55.94,47.45,,57.97,61.82,35.88,7.0,1038.0,5.0,1.0,13.0,0.0,medium
stu_01062,class_015,89.47,79.37,32.68,33.6,70.45,72.6,46.75,1.0,724.0,3.0,2.0,0.0,5.0,medium
stu_01063,class_026,44.35,28.38,16.09,9.34,30.76,49.05,59.23,1.0,596.0,3.0,0.0,0.0,4.0,high
stu_01064,class_014,83.88,89.39,82.64,90.42,81.14,71.63,18.99,15.0,2069.0,9.0,5.0,14.0,2.0,low
stu_01065,class_020,79.15,25.28,63.27,68.57,54.31,50.09,60.68,3.0,496.0,2.0,0.0,2.0,4.0,high
stu_01066,class_012,0.0,25.4,37.62,36.89,14.29,13.47,63.38,3.0,466.0,2.0,0.0,1.0,4.0,high
stu_01067,class_013,99.11,88.59,79.81,76.54,91.57,73.48,33.35,8.0,1790.0,8.0,4.0,10.0,0.0,low
stu_01068,class_026,40.31,13.57,20.4,31.14,23.82,38.1,48.8,2.0,494.0,2.0,1.0,4.0,2.0,high
stu_01069,class_039,48.22,58.31,76.21,94.43,62.12,78.21,33.39,4.0,412.0,2.0,1.0,6.0,0.0,medium
stu_01070,class_023,76.39,77.62,78.83,82.19,77.11,86.28,22.88,7.0,1645.0,7.0,2.0,8.0,0.0,low
stu_01071,class_026,57.39,30.13,24.54,38.75,37.17,20.13,43.89,2.0,632.0,3.0,1.0,3.0,2.0,high
stu_01072,class_030,78.96,97.38,91.26,83.0,87.14,69.17,32.33,6.0,1779.0,8.0,3.0,7.0,0.0,low
stu_01073,class_030,69.51,63.05,82.17,76.21,73.61,77.19,22.5,16.0,1467.0,6.0,3.0,18.0,1.0,low
stu_01074,class_028,100.0,79.21,68.28,59.31,82.77,70.27,16.64,11.0,1900.0,8.0,3.0,12.0,0.0,low
stu_01075,class_040,47.65,70.19,46.68,51.94,54.25,38.41,29.13,10.0,1470.0,6.0,2.0,18.0,1.0,medium
stu_01076,class_021,89.75,73.22,69.23,78.34,75.84,87.14,22.64,5.0,1432.0,6.0,3.0,5.0,0.0,low
stu_01077,class_035,82.84,70.59,85.46,94.81,76.17,63.97,26.94,9.0,1417.0,6.0,4.0,8.0,0.0,low
stu_01078,class_029,45.28,65.41,30.96,39.2,50.9,72.07,66.15,5.0,1296.0,6.0,1.0,9.0,1.0,medium
stu_01079,class_038,63.69,32.66,81.94,74.75,60.47,62.57,39.99,8.0,810.0,4.0,2.0,7.0,0.0,medium
stu_01080,class_017,34.36,3.16,59.36,58.02,30.97,27.07,240.23,1.0,8.0,1.0,0.0,0.0,3.0,high
stu_01081,class_002,98.11,68.98,100.0,95.07,92.64,87.01,21.59,8.0,1405.0,6.0,4.0,14.0,0.0,low
stu_01082,class_012,60.12,29.21,54.56,63.28,48.14,17.84,12.81,1.0,227.0,1.0,0.0,2.0,2.0,high
stu_01083,class_037,99.62,,78.41,64.6,85.67,76.48,10.15,16.0,1971.0,8.0,4.0,15.0,1.0,low
stu_01084,class_021,36.9,83.36,85.26,79.72,68.19,62.38,42.34,4.0,1596.0,7.0,4.0,5.0,6.0,medium
stu_01085,class_018,55.29,39.42,53.91,19.32,48.75,49.39,52.74,2.0,5409.0,21.0,12.0,10.0,5.0,medium
stu_01086,class_028,39.4,25.11,79.85,80.55,46.55,50.33,26.72,5.0,1030.0,5.0,2.0,0.0,0.0,medium
stu_01087,class_016,29.45,12.01,29.56,26.13,24.39,58.47,73.94,0.0,0.0,1.0,0.0,1.0,2.0,high
stu_01088,class_032,22.31,41.12,77.75,91.58,46.47,51.16,28.1,1.0,486.0,2.0,0.0,0.0,0.0,medium
stu_01089,class_037,93.17,67.4,76.1,79.55,84.99,81.81,15.76,11.0,1569.0,7.0,3.0,13.0,0.0,low
stu_01090,class_020,80.0,87.21,83.69,86.31,76.49,37.97,16.49,0.0,2028.0,9.0,5.0,0.0,1.0,low
stu_01091,class_001,85.31,67.86,67.01,68.31,77.24,96.56,30.15,12.0,1668.0,7.0,4.0,14.0,0.0,low
stu_01092,class_005,94.01,78.74,85.11,96.57,86.83,83.35,19.44,6.0,1541.0,7.0,5.0,4.0,0.0,low
stu_01093,class_022,25.33,59.44,75.56,82.94,52.73,72.19,38.24,4.0,1226.0,5.0,1.0,2.0,0.0,medium
stu_01094,class_019,100.0,78.66,71.48,69.29,87.12,76.96,23.1,9.0,1946.0,8.0,3.0,13.0,0.0,low
stu_01095,class_022,82.38,98.49,77.59,70.8,84.05,82.03,29.58,8.0,1964.0,8.0,4.0,10.0,0.0,low
stu_01096,class_024,68.53,57.61,69.82,70.38,69.37,84.36,21.6,5.0,1225.0,5.0,2.0,4.0,3.0,medium
stu_01097,class_037,42.94,8.55,92.39,76.82,52.3,86.32,17.46,5.0,1772.0,8.0,5.0,3.0,0.0,low
stu_01098,class_032,100.0,79.08,76.88,81.16,86.29,78.81,16.09,10.0,1823.0,8.0,3.0,16.0,0.0,low
stu_01099,class_039,50.75,63.57,84.33,89.49,55.1,37.52,31.01,0.0,1207.0,5.0,3.0,0.0,4.0,medium
stu_01100,class_034,66.89,62.38,55.88,57.87,60.56,80.93,44.37,1.0,1173.0,5.0,1.0,2.0,3.0,medium
stu_01101,class_028,92.13,73.88,85.39,78.06,79.55,47.23,19.18,0.0,1468.0,6.0,4.0,0.0,0.0,low
stu_01102,class_021,88.54,76.09,99.77,83.15,71.93,15.61,15.52,0.0,1830.0,8.0,5.0,0.0,0.0,low
stu_01103,class_032,75.05,80.46,88.77,86.02,80.66,95.05,16.78,14.0,1641.0,7.0,3.0,27.0,1.0,low
stu_01104,class_024,82.71,64.85,38.16,41.96,62.29,35.06,70.61,6.0,1201.0,5.0,1.0,9.0,4.0,medium
stu_01105,class_037,43.87,64.08,49.21,50.15,53.53,59.53,81.31,7.0,1437.0,6.0,2.0,7.0,2.0,medium
stu_01106,class_009,64.71,63.67,83.42,92.52,61.24,14.73,15.96,0.0,923.0,4.0,2.0,0.0,0.0,low
stu_01107,class_007,94.86,77.1,81.55,75.26,89.46,83.88,16.58,15.0,1878.0,8.0,4.0,23.0,1.0,low
stu_01108,class_005,55.0,16.03,26.7,36.56,30.61,33.21,215.56,4.0,441.0,2.0,0.0,3.0,3.0,high
stu_01109,class_028,97.66,80.51,69.57,68.51,84.86,70.44,16.7,15.0,2118.0,9.0,4.0,27.0,0.0,low
stu_01110,class_011,80.08,38.58,72.18,73.4,68.08,57.31,25.32,8.0,856.0,4.0,2.0,11.0,3.0,medium
stu_01111,class_032,92.92,75.34,89.37,80.05,85.85,76.62,15.87,10.0,1574.0,7.0,5.0,15.0,0.0,low
stu_01112,class_022,25.43,15.36,86.31,88.53,36.91,16.48,78.9,4.0,461.0,2.0,2.0,5.0,6.0,high
stu_01113,class_001,70.15,42.58,77.6,74.62,59.14,64.98,37.66,5.0,856.0,4.0,1.0,5.0,2.0,medium
stu_01114,class_035,80.76,74.93,79.73,70.57,79.24,65.76,26.49,16.0,1981.0,8.0,4.0,19.0,1.0,low
stu_01115,class_020,82.42,87.82,82.65,86.71,83.95,76.34,20.08,13.0,2209.0,9.0,5.0,21.0,0.0,low
stu_01116,class_013,92.43,81.42,81.89,92.22,88.95,72.59,15.86,11.0,1745.0,7.0,4.0,18.0,1.0,low
stu_01117,class_038,82.82,77.97,71.76,77.19,83.24,70.98,51.76,17.0,1789.0,8.0,3.0,17.0,2.0,low
stu_01118,class_007,85.91,94.25,71.95,73.89,86.81,95.02,38.84,18.0,2203.0,9.0,5.0,15.0,0.0,low
stu_01119,class_040,36.63,36.05,88.3,90.42,57.73,82.79,25.26,7.0,2062.0,9.0,5.0,9.0,0.0,low
stu_01120,class_017,87.49,33.99,47.84,51.12,56.58,74.55,27.97,1.0,679.0,3.0,2.0,1.0,2.0,medium
stu_01121,class_030,59.97,20.82,67.25,75.78,48.04,37.55,73.9,3.0,472.0,2.0,0.0,4.0,5.0,high
stu_01122,class_034,82.68,84.62,64.97,78.77,77.14,36.04,28.14,6.0,1597.0,7.0,4.0,0.0,1.0,medium
stu_01123,class_034,17.61,11.49,25.65,42.37,16.51,18.75,76.21,3.0,49.0,1.0,0.0,3.0,4.0,high
stu_01124,class_036,85.86,79.42,100.0,100.0,91.26,80.28,27.21,15.0,1853.0,8.0,4.0,12.0,0.0,low
stu_01125,class_023,72.53,56.94,57.09,67.89,56.5,47.06,25.62,1.0,1031.0,5.0,2.0,0.0,1.0,medium
stu_01126,class_038,28.1,69.31,78.95,81.62,45.53,19.04,37.55,3.0,670.0,3.0,1.0,7.0,0.0,high
stu_01127,class_039,51.08,73.12,52.45,58.0,63.76,74.55,72.71,0.0,1407.0,6.0,3.0,5.0,1.0,medium
stu_01128,class_002,81.74,68.17,47.97,50.56,68.04,76.3,19.11,17.0,1849.0,8.0,5.0,28.0,4.0,low
stu_01129,class_035,89.89,80.66,91.44,100.0,82.74,69.61,25.85,9.0,1822.0,8.0,4.0,9.0,1.0,low
stu_01130,class_016,83.43,86.98,81.19,77.0,83.97,62.97,24.41,10.0,,8.0,5.0,17.0,0.0,low
stu_01131,class_019,85.74,84.6,80.51,65.52,81.23,64.04,28.78,10.0,1955.0,8.0,5.0,7.0,2.0,low
stu_01132,class_024,1.02,40.91,40.91,57.37,23.24,0.0,119.88,3.0,805.0,4.0,1.0,3.0,1.0,high
stu_01133,class_017,88.05,69.1,28.92,34.77,68.46,75.08,19.02,10.0,1631.0,7.0,5.0,13.0,7.0,low
stu_01134,class_015,30.78,59.46,39.02,29.87,40.98,51.18,125.47,3.0,1137.0,5.0,2.0,4.0,4.0,high
stu_01135,class_019,34.58,53.49,39.48,53.84,36.75,6.51,185.09,0.0,996.0,4.0,2.0,0.0,5.0,high
stu_01136,class_016,59.53,56.31,64.76,56.06,58.13,30.05,32.04,9.0,1121.0,5.0,2.0,19.0,2.0,medium
stu_01137,class_004,70.79,81.9,96.11,88.88,83.98,84.9,40.6,10.0,1810.0,8.0,3.0,13.0,1.0,low
stu_01138,class_038,73.7,47.57,54.75,52.08,60.58,48.86,11.9,4.0,954.0,4.0,1.0,9.0,4.0,medium
stu_01139,class_011,90.8,72.3,73.14,66.89,79.5,73.3,30.84,9.0,1727.0,7.0,3.0,7.0,1.0,low
stu_01140,class_010,80.72,77.56,72.62,48.85,79.89,86.36,,12.0,1779.0,8.0,4.0,18.0,0.0,low
stu_01141,class_011,85.0,,77.75,85.22,83.12,80.89,30.87,12.0,1775.0,8.0,4.0,22.0,0.0,low
stu_01142,class_032,83.18,85.69,94.16,83.5,86.44,85.46,23.69,17.0,1890.0,8.0,4.0,26.0,0.0,low
stu_01143,class_030,64.16,38.61,50.48,57.49,53.55,44.87,45.71,10.0,1133.0,5.0,1.0,16.0,1.0,medium
stu_01144,class_018,90.61,78.46,67.57,73.02,78.91,80.58,21.06,14.0,1679.0,7.0,4.0,22.0,0.0,low
stu_01145,class_031,65.53,53.14,76.49,75.31,65.17,68.82,33.45,1.0,1000.0,5.0,2.0,2.0,2.0,medium
stu_01146,class_009,57.26,46.98,33.18,27.92,50.31,67.01,29.77,4.0,1057.0,5.0,1.0,5.0,6.0,high
stu_01147,class_020,89.82,91.09,87.39,85.42,88.02,74.79,11.69,7.0,1664.0,7.0,4.0,9.0,0.0,low
stu_01148,class_024,74.28,71.12,54.57,59.89,69.27,38.06,29.37,8.0,1500.0,7.0,2.0,11.0,4.0,medium
stu_01149,class_018,5.44,4.37,39.5,45.56,12.63,38.02,32.33,0.0,32.0,1.0,0.0,0.0,2.0,high
stu_01150,class_038,49.96,75.03,71.46,68.6,64.71,50.83,26.37,5.0,1539.0,7.0,3.0,8.0,0.0,medium
stu_01151,class_007,34.22,71.59,85.82,94.48,55.94,41.38,19.09,4.0,1160.0,5.0,3.0,8.0,2.0,medium
stu_01152,class_005,30.57,7.1,47.45,34.7,29.76,0.0,49.0,5.0,279.0,2.0,0.0,5.0,4.0,high
stu_01153,class_038,72.94,74.7,92.28,94.08,70.55,37.02,20.06,0.0,1849.0,8.0,3.0,0.0,0.0,low
stu_01154,class_001,67.94,60.15,20.66,17.25,46.09,,69.32,4.0,,5.0,1.0,2.0,4.0,high
stu_01155,class_008,57.46,65.8,61.98,59.14,58.92,54.72,49.08,2.0,1295.0,6.0,1.0,0.0,1.0,medium
stu_01156,class_034,29.73,46.13,51.53,56.74,44.34,58.21,85.21,3.0,831.0,4.0,1.0,5.0,6.0,high
stu_01157,class_009,57.79,32.54,55.44,52.38,46.81,33.57,40.8,5.0,694.0,3.0,1.0,3.0,6.0,high
stu_01158,class_039,10.85,22.08,29.56,28.84,17.18,17.89,47.66,3.0,358.0,2.0,1.0,6.0,1.0,high
stu_01159,class_012,71.91,80.86,79.59,88.23,77.47,70.2,17.45,12.0,1643.0,7.0,2.0,14.0,0.0,low
stu_01160,class_016,23.96,36.21,38.8,37.6,30.31,9.42,48.84,1.0,609.0,3.0,0.0,5.0,1.0,high
stu_01161,class_007,32.68,7.23,0.0,7.98,15.07,62.3,60.35,4.0,212.0,1.0,1.0,2.0,3.0,high
stu_01162,class_039,92.4,100.0,87.78,87.33,93.81,61.7,33.43,12.0,2126.0,9.0,5.0,6.0,1.0,low
stu_01163,class_031,91.17,88.79,74.5,71.22,78.75,74.1,21.88,7.0,1798.0,8.0,3.0,11.0,0.0,low
stu_01164,class_038,85.67,92.82,78.0,68.51,83.3,79.69,26.97,9.0,1882.0,8.0,3.0,11.0,0.0,low
stu_01165,class_003,87.08,97.75,86.16,82.24,84.61,78.87,12.32,5.0,1915.0,8.0,4.0,2.0,1.0,low
stu_01166,class_032,77.84,41.34,37.04,29.57,57.39,77.62,60.24,3.0,906.0,4.0,1.0,0.0,1.0,medium
stu_01167,class_023,48.3,27.4,49.83,52.56,37.81,8.6,54.99,0.0,406.0,2.0,1.0,0.0,4.0,high
stu_01168,class_023,64.91,72.35,76.64,68.91,60.38,29.34,40.58,0.0,1594.0,7.0,3.0,0.0,0.0,medium
stu_01169,class_024,89.18,79.37,74.57,73.68,81.29,91.58,10.62,13.0,1907.0,8.0,3.0,20.0,1.0,low
stu_01170,class_019,84.07,91.39,81.32,81.75,87.0,100.0,13.78,8.0,1640.0,7.0,4.0,11.0,0.0,low
stu_01171,class_010,75.6,84.98,70.65,74.13,79.61,96.77,33.71,12.0,1881.0,8.0,2.0,16.0,0.0,low
stu_01172,class_014,85.27,96.24,73.26,78.4,82.36,78.16,13.97,8.0,1853.0,8.0,4.0,8.0,0.0,low
stu_01173,class_009,58.19,65.08,53.41,46.49,51.84,27.21,33.75,0.0,1315.0,6.0,3.0,0.0,2.0,medium
stu_01174,class_009,83.81,89.3,89.32,100.0,89.02,75.12,28.07,12.0,1893.0,8.0,4.0,15.0,0.0,low
stu_01175,class_017,73.32,59.6,75.25,60.25,63.98,60.59,48.88,1.0,1226.0,5.0,1.0,0.0,3.0,medium
stu_01176,class_018,89.43,99.6,89.5,78.93,91.69,75.59,27.34,17.0,2213.0,9.0,6.0,32.0,1.0,low
stu_01177,class_025,96.25,68.44,74.72,63.89,85.9,100.0,32.18,11.0,1575.0,7.0,3.0,11.0,0.0,low
stu_01178,class_006,81.88,70.42,66.43,58.49,66.64,39.79,31.22,0.0,1668.0,7.0,4.0,0.0,0.0,low
stu_01179,class_025,75.82,69.44,70.44,87.1,74.63,63.19,29.38,12.0,1724.0,7.0,3.0,18.0,1.0,low
stu_01180,class_027,75.19,40.37,47.59,40.12,57.73,34.22,63.87,9.0,793.0,4.0,1.0,7.0,0.0,medium
stu_01181,class_013,78.17,71.46,84.39,81.75,76.14,63.97,19.59,5.0,1441.0,6.0,4.0,5.0,0.0,low
stu_01182,class_016,90.5,75.85,89.1,94.91,86.96,76.79,24.49,5.0,1433.0,6.0,5.0,6.0,1.0,low
stu_01183,class_002,69.77,66.5,89.73,97.29,65.39,41.66,25.88,0.0,1639.0,7.0,4.0,0.0,0.0,low
stu_01184,class_030,36.03,35.73,44.97,47.1,36.97,26.72,32.82,3.0,655.0,3.0,0.0,,4.0,high
stu_01185,class_027,13.94,0.0,51.49,56.2,17.99,34.32,43.55,2.0,117.0,1.0,0.0,4.0,1.0,high
stu_01186,class_019,33.87,31.29,35.88,34.5,30.59,28.34,118.93,3.0,593.0,3.0,0.0,3.0,3.0,high
stu_01187,class_032,34.96,,53.41,47.86,42.19,30.4,35.85,2.0,763.0,4.0,2.0,6.0,1.0,high
stu_01188,class_036,54.88,33.65,62.41,59.99,40.68,15.12,105.98,1.0,691.0,3.0,1.0,0.0,5.0,high
stu_01189,class_039,83.19,61.39,84.94,75.7,71.55,64.93,16.48,14.0,1459.0,6.0,5.0,19.0,0.0,low
stu_01190,class_037,58.03,41.61,70.64,67.56,61.37,87.39,45.64,9.0,1344.0,6.0,2.0,10.0,1.0,medium
stu_01191,class_039,95.5,73.34,82.73,91.02,79.39,66.96,21.32,18.0,1911.0,8.0,4.0,33.0,0.0,low
stu_01192,class_002,41.18,14.71,21.36,11.51,28.93,11.91,147.87,5.0,254.0,2.0,0.0,4.0,3.0,high
stu_01193,class_027,88.54,73.56,28.79,32.67,71.78,84.44,16.82,16.0,1758.0,8.0,3.0,13.0,3.0,low
stu_01194,class_017,46.8,63.32,55.89,62.99,53.32,57.75,66.41,8.0,1093.0,5.0,2.0,6.0,0.0,medium
stu_01195,class_014,70.69,75.9,80.39,83.24,80.9,94.4,22.0,10.0,1543.0,7.0,3.0,16.0,0.0,low
stu_01196,class_010,63.48,56.48,68.94,70.32,57.77,5.0,50.12,9.0,962.0,4.0,1.0,6.0,3.0,medium
stu_01197,class_024,60.12,100.0,78.95,69.22,76.8,54.56,67.71,4.0,1750.0,8.0,2.0,7.0,,medium
stu_01198,class_030,41.41,44.43,93.04,82.92,65.64,96.24,34.07,17.0,1608.0,7.0,4.0,21.0,2.0,low
stu_01199,class_005,75.66,98.89,91.9,86.72,87.64,83.17,17.97,11.0,0.0,8.0,3.0,10.0,0.0,low
stu_01200,class_036,89.66,79.48,100.0,97.78,87.81,80.01,29.19,17.0,1900.0,8.0,4.0,16.0,1.0,low
stu_01201,class_019,73.23,65.49,62.45,73.55,66.92,50.02,75.0,9.0,1558.0,7.0,3.0,14.0,0.0,medium
stu_01202,class_028,81.78,94.62,66.68,66.54,84.04,74.29,20.26,11.0,1969.0,8.0,5.0,18.0,0.0,low
stu_01203,class_013,53.65,44.64,43.48,48.99,48.05,,40.41,3.0,1051.0,5.0,1.0,1.0,2.0,medium
stu_01204,class_032,67.59,40.5,61.82,62.7,47.91,17.93,55.92,0.0,851.0,4.0,1.0,0.0,0.0,medium
stu_01205,class_020,86.33,,86.74,94.73,86.75,84.99,15.55,13.0,1897.0,8.0,4.0,12.0,0.0,low
stu_01206,class_037,75.19,67.67,45.61,38.35,58.07,45.57,69.2,2.0,4512.0,18.0,14.0,10.0,2.0,medium
stu_01207,class_002,19.89,40.2,54.05,56.07,33.46,25.17,32.39,4.0,1040.0,5.0,1.0,6.0,,high
stu_01208,class_021,15.97,23.71,57.63,56.31,31.16,42.71,19.33,1.0,738.0,3.0,1.0,6.0,2.0,medium
stu_01209,class_030,95.35,86.08,76.44,68.11,85.08,87.66,27.46,12.0,1911.0,8.0,3.0,20.0,2.0,low
stu_01210,class_040,46.87,68.4,58.64,71.62,56.24,45.48,36.31,3.0,1247.0,5.0,1.0,3.0,3.0,medium
stu_01211,class_023,43.23,76.21,55.77,82.06,63.79,64.95,28.98,10.0,3022.0,12.0,7.0,15.0,5.0,medium
stu_01212,class_019,100.0,62.76,79.66,89.38,82.22,77.63,20.95,7.0,1256.0,6.0,2.0,7.0,2.0,low
stu_01213,class_009,73.24,77.41,98.32,91.83,84.64,90.01,37.18,18.0,1807.0,8.0,3.0,19.0,0.0,low
stu_01214,class_003,45.64,52.32,89.4,82.91,52.86,48.5,29.83,1.0,567.0,3.0,0.0,0.0,0.0,high
stu_01215,class_032,88.59,88.97,82.29,70.67,88.98,81.08,24.55,15.0,2087.0,9.0,5.0,19.0,0.0,low
stu_01216,class_011,68.91,56.28,59.25,62.92,58.96,52.75,29.8,3.0,1276.0,6.0,1.0,6.0,4.0,medium
stu_01217,class_029,53.77,41.86,78.6,88.58,53.64,32.15,47.35,5.0,815.0,4.0,2.0,8.0,0.0,medium
stu_01218,class_040,79.98,81.0,88.74,85.44,84.12,75.51,27.81,9.0,1909.0,8.0,4.0,8.0,0.0,low
stu_01219,class_012,78.87,67.21,79.3,72.27,71.92,67.81,29.33,9.0,1530.0,7.0,2.0,12.0,0.0,low
stu_01220,class_008,77.96,80.26,77.05,82.02,85.21,70.65,37.45,18.0,2048.0,9.0,3.0,14.0,0.0,low
stu_01221,class_012,78.91,67.47,52.63,51.09,60.47,44.35,33.28,8.0,1430.0,6.0,3.0,8.0,0.0,medium
stu_01222,class_014,48.22,68.49,45.49,34.24,47.33,33.33,68.73,0.0,1048.0,5.0,1.0,0.0,1.0,high
stu_01223,class_039,68.89,93.72,85.26,84.86,81.67,84.72,20.51,9.0,0.0,9.0,4.0,13.0,0.0,low
stu_01224,class_002,84.8,87.95,100.0,100.0,81.53,38.97,26.44,0.0,2013.0,9.0,5.0,0.0,1.0,low
stu_01225,class_033,53.95,45.25,33.44,37.94,44.73,24.61,55.92,3.0,1030.0,5.0,1.0,2.0,5.0,high
stu_01226,class_038,54.56,33.66,62.33,58.77,53.36,43.69,31.98,10.0,0.0,4.0,1.0,16.0,2.0,medium
stu_01227,class_005,96.81,78.85,39.04,34.53,67.7,37.28,125.21,2.0,283.0,2.0,0.0,2.0,6.0,high
stu_01228,class_040,69.44,93.75,81.04,86.44,75.89,36.43,12.99,0.0,1737.0,7.0,3.0,0.0,0.0,low
stu_01229,class_005,48.07,48.22,82.97,69.15,58.77,29.92,31.82,7.0,0.0,5.0,0.0,2.0,1.0,medium
stu_01230,class_004,63.69,66.91,58.25,58.17,62.29,62.32,58.69,9.0,1614.0,7.0,,17.0,1.0,medium
stu_01231,class_001,40.56,72.54,20.42,25.43,37.98,21.9,53.41,0.0,1164.0,5.0,1.0,0.0,4.0,medium
stu_01232,class_007,61.58,74.55,69.07,73.2,61.71,46.4,27.89,2.0,1440.0,6.0,2.0,0.0,3.0,medium
stu_01233,class_022,11.05,43.25,41.32,40.26,31.22,29.64,78.22,2.0,789.0,4.0,1.0,3.0,2.0,high
stu_01234,class_036,74.76,95.48,89.77,85.05,93.36,88.21,23.15,9.0,2117.0,9.0,5.0,15.0,0.0,low
stu_01235,class_024,,34.51,55.4,55.19,51.71,64.7,23.05,7.0,869.0,4.0,1.0,8.0,3.0,medium
stu_01236,class_018,25.42,4.49,54.56,57.56,24.74,0.0,58.79,5.0,243.0,1.0,0.0,6.0,3.0,high
stu_01237,class_025,26.14,77.06,23.46,23.53,37.33,0.0,53.39,0.0,1356.0,6.0,2.0,0.0,2.0,high
stu_01238,class_008,85.22,62.16,88.54,88.27,79.06,87.54,21.06,10.0,1501.0,7.0,4.0,12.0,0.0,low
stu_01239,class_005,60.67,43.86,64.22,64.74,54.8,21.69,212.12,3.0,987.0,4.0,2.0,1.0,5.0,high
stu_01240,class_037,40.33,29.58,31.89,25.81,34.22,32.19,62.09,,777.0,4.0,1.0,5.0,7.0,high
stu_01241,class_013,67.04,97.56,76.69,70.1,77.71,71.21,14.93,8.0,2102.0,9.0,3.0,11.0,0.0,low
stu_01242,class_029,63.99,26.75,27.95,22.15,39.81,24.18,97.74,0.0,513.0,3.0,0.0,0.0,4.0,high
stu_01243,class_020,69.66,77.82,75.84,88.27,77.51,89.54,60.44,14.0,1895.0,8.0,3.0,16.0,1.0,low
stu_01244,class_020,36.63,52.36,65.32,70.36,53.49,70.97,57.65,8.0,1122.0,5.0,2.0,13.0,1.0,medium
stu_01245,class_024,70.36,45.67,36.73,38.45,51.53,29.47,69.2,4.0,816.0,4.0,1.0,2.0,6.0,high
stu_01246,class_032,94.15,80.36,100.0,100.0,89.15,83.16,19.08,17.0,1820.0,8.0,4.0,15.0,0.0,low
stu_01247,class_027,60.79,53.84,77.56,77.74,60.64,47.99,45.57,1.0,987.0,4.0,1.0,0.0,3.0,medium
stu_01248,class_016,76.45,86.51,79.07,68.17,79.43,72.67,20.26,17.0,2095.0,9.0,3.0,26.0,0.0,low
stu_01249,class_012,23.95,21.69,18.89,13.54,21.91,22.88,51.95,3.0,0.0,3.0,0.0,0.0,3.0,high
stu_01250,class_015,23.96,51.88,34.81,34.5,34.54,40.12,50.85,0.0,700.0,3.0,1.0,0.0,3.0,high
stu_01251,class_024,64.57,34.71,30.22,17.86,44.97,40.12,55.2,0.0,884.0,4.0,1.0,4.0,6.0,high
stu_01252,class_016,97.36,89.93,80.84,87.67,85.89,79.99,33.82,6.0,1772.0,8.0,5.0,7.0,1.0,low
stu_01253,class_013,75.02,73.76,75.16,83.84,77.56,78.18,33.91,13.0,1721.0,7.0,2.0,18.0,2.0,low
stu_01254,class_009,68.4,94.42,75.8,74.46,67.72,32.14,23.4,0.0,2064.0,9.0,3.0,0.0,0.0,low
stu_01255,class_004,59.42,50.48,69.28,64.9,57.29,50.41,96.72,5.0,1050.0,5.0,2.0,8.0,2.0,medium
stu_01256,class_005,86.54,100.0,90.17,90.42,87.08,82.15,25.28,8.0,1902.0,8.0,4.0,8.0,1.0,low
stu_01257,class_012,82.68,81.39,78.56,75.0,79.13,83.73,19.88,6.0,1755.0,8.0,3.0,7.0,1.0,low
stu_01258,class_037,35.64,61.88,63.32,60.95,50.08,49.66,23.03,5.0,1548.0,7.0,3.0,3.0,0.0,medium
stu_01259,class_040,32.17,60.89,89.51,83.5,58.05,71.24,83.51,9.0,1179.0,5.0,3.0,14.0,0.0,medium
stu_01260,class_034,62.66,85.56,38.38,43.76,63.2,94.57,27.98,8.0,1764.0,8.0,3.0,7.0,0.0,medium
stu_01261,class_023,81.38,59.94,64.76,57.99,65.77,42.58,39.69,7.0,1244.0,5.0,2.0,13.0,2.0,medium
stu_01262,class_018,67.72,28.37,73.72,,53.73,59.47,35.67,6.0,542.0,3.0,1.0,11.0,0.0,medium
stu_01263,class_008,35.68,62.15,69.98,64.51,56.41,41.88,46.46,9.0,1470.0,6.0,2.0,16.0,4.0,medium
stu_01264,class_023,66.29,58.34,36.25,38.12,55.87,46.38,39.06,5.0,1359.0,6.0,2.0,8.0,1.0,medium
stu_01265,class_026,69.7,43.97,56.82,47.0,53.8,23.08,42.99,6.0,1043.0,5.0,1.0,7.0,4.0,medium
stu_01266,class_002,26.89,20.57,38.98,49.61,26.68,23.91,74.73,0.0,247.0,1.0,1.0,0.0,3.0,high
stu_01267,class_008,76.39,78.52,92.03,97.92,85.62,80.92,26.93,12.0,1813.0,8.0,4.0,16.0,0.0,low
stu_01268,class_007,93.66,76.69,91.01,100.0,86.71,80.6,30.78,8.0,1478.0,6.0,4.0,10.0,0.0,low
stu_01269,class_008,,74.46,83.76,88.16,83.08,95.18,25.62,15.0,1808.0,8.0,5.0,18.0,0.0,low
stu_01270,class_011,63.41,58.39,25.23,23.84,52.05,66.22,48.73,3.0,1177.0,5.0,2.0,4.0,2.0,medium
stu_01271,class_038,8.88,23.47,59.46,74.26,33.8,42.63,94.56,5.0,719.0,3.0,1.0,4.0,2.0,high
stu_01272,class_033,23.27,39.8,15.59,8.03,28.42,23.74,43.01,3.0,931.0,4.0,1.0,1.0,3.0,high
stu_01273,class_012,43.37,64.64,36.97,27.08,52.72,93.65,39.39,6.0,1355.0,6.0,3.0,,2.0,medium
stu_01274,class_023,89.9,83.01,87.24,73.45,90.49,83.43,40.86,13.0,1607.0,7.0,4.0,24.0,1.0,low
stu_01275,class_032,81.76,88.12,96.28,100.0,87.52,97.09,29.43,8.0,1723.0,7.0,4.0,15.0,1.0,low
stu_01276,class_040,100.0,76.36,70.94,,82.44,69.72,12.78,9.0,1631.0,7.0,3.0,19.0,1.0,low
stu_01277,class_023,36.05,34.72,90.0,81.25,48.49,15.14,25.18,2.0,601.0,3.0,1.0,8.0,3.0,high
stu_01278,class_026,90.84,86.09,94.26,96.41,91.6,76.88,13.85,10.0,1922.0,8.0,5.0,10.0,0.0,low
stu_01279,class_014,90.49,64.76,90.3,95.41,86.74,100.0,21.23,8.0,1580.0,7.0,4.0,12.0,1.0,low
stu_01280,class_010,28.31,32.84,0.0,0.0,21.71,28.16,94.67,0.0,628.0,3.0,1.0,0.0,5.0,high
stu_01281,class_006,83.33,28.36,58.09,55.8,58.97,,24.95,1.0,603.0,3.0,2.0,5.0,2.0,medium
stu_01282,class_007,75.21,73.13,68.13,50.92,69.82,48.47,103.14,9.0,1513.0,7.0,2.0,11.0,2.0,medium
stu_01283,class_036,12.01,53.9,38.54,53.68,35.89,38.41,72.52,5.0,1246.0,5.0,1.0,8.0,2.0,high
stu_01284,class_035,83.59,26.52,51.29,50.16,53.73,31.41,28.33,,592.0,3.0,2.0,0.0,4.0,high
stu_01285,class_031,84.96,79.73,78.93,83.78,85.16,83.29,26.92,17.0,1924.0,8.0,3.0,22.0,0.0,low
stu_01286,class_013,96.11,83.67,83.16,85.21,85.13,79.98,23.58,13.0,1924.0,8.0,4.0,8.0,1.0,low
stu_01287,class_036,,27.55,25.09,15.9,39.31,44.53,18.59,4.0,690.0,3.0,1.0,7.0,2.0,high
stu_01288,class_018,38.66,22.38,27.75,27.91,20.78,11.11,24.9,0.0,396.0,2.0,1.0,0.0,1.0,high
stu_01289,class_012,47.65,46.64,55.24,51.62,52.99,82.07,74.91,5.0,841.0,4.0,2.0,4.0,5.0,medium
stu_01290,class_006,91.65,65.27,78.31,64.66,83.63,54.04,21.06,8.0,1357.0,6.0,3.0,6.0,1.0,low
stu_01291,class_025,100.0,97.32,73.5,75.34,92.95,78.06,20.47,17.0,0.0,,4.0,24.0,0.0,low
stu_01292,class_029,68.52,46.77,38.11,29.61,55.92,75.58,55.35,10.0,1071.0,5.0,2.0,11.0,1.0,medium
stu_01293,class_025,83.35,79.37,92.98,92.41,86.08,76.6,20.49,10.0,2004.0,9.0,5.0,3.0,0.0,low
stu_01294,class_028,56.51,63.75,77.93,72.0,60.11,5.0,40.3,10.0,1609.0,7.0,3.0,12.0,2.0,medium
stu_01295,class_021,61.74,100.0,79.37,67.7,77.19,73.65,14.59,5.0,1952.0,8.0,3.0,4.0,0.0,low
stu_01296,class_037,70.57,85.81,84.51,83.46,81.26,77.72,30.85,9.0,1798.0,8.0,3.0,8.0,0.0,low
stu_01297,class_004,91.83,72.93,71.92,77.98,75.1,58.07,32.8,7.0,1362.0,6.0,0.0,3.0,0.0,low
stu_01298,class_027,54.6,55.05,71.09,83.95,55.12,37.11,57.74,,1075.0,5.0,1.0,0.0,2.0,medium
stu_01299,class_026,68.83,47.29,64.41,49.63,57.94,47.2,40.44,3.0,773.0,4.0,1.0,0.0,1.0,medium
stu_01300,class_034,83.55,89.38,78.46,83.81,81.26,71.92,34.34,9.0,1807.0,8.0,3.0,14.0,0.0,low
stu_01301,class_005,26.85,48.51,4.91,13.83,30.14,20.03,90.5,5.0,1104.0,5.0,1.0,9.0,5.0,high
stu_01302,class_015,45.08,38.7,86.48,96.16,50.87,22.84,52.73,0.0,739.0,3.0,2.0,0.0,2.0,high
stu_01303,class_016,44.54,99.49,46.12,32.97,55.22,27.99,84.73,0.0,1849.0,8.0,2.0,0.0,1.0,medium
stu_01304,class_002,42.23,80.5,62.8,57.97,51.76,44.86,50.89,3.0,1474.0,6.0,2.0,2.0,1.0,medium
stu_01305,class_018,81.09,83.34,75.83,83.8,80.06,81.12,18.99,14.0,1610.0,7.0,4.0,11.0,1.0,low
stu_01306,class_009,80.46,67.09,86.85,97.53,78.36,72.09,30.01,11.0,1591.0,7.0,5.0,10.0,0.0,low
stu_01307,class_039,78.75,66.7,99.96,95.44,80.22,74.46,23.0,1.0,1162.0,5.0,3.0,0.0,1.0,medium
stu_01308,class_030,82.27,81.29,85.2,79.11,84.94,93.94,21.22,10.0,1864.0,8.0,4.0,12.0,0.0,low
stu_01309,class_014,65.47,80.9,98.95,100.0,77.71,80.35,12.21,10.0,1903.0,8.0,4.0,19.0,1.0,low
stu_01310,class_019,45.42,34.69,62.52,70.16,49.86,93.86,53.79,5.0,1581.0,7.0,3.0,5.0,1.0,low
stu_01311,class_023,86.62,71.27,79.07,82.69,78.89,64.77,25.96,0.0,1522.0,7.0,3.0,19.0,1.0,low
stu_01312,class_025,86.07,73.96,92.75,73.32,84.49,83.08,23.52,12.0,1480.0,6.0,5.0,15.0,1.0,low
stu_01313,class_023,77.08,94.66,72.71,63.69,81.59,60.77,25.62,8.0,1923.0,8.0,2.0,7.0,1.0,low
stu_01314,class_034,77.62,67.21,75.49,66.07,74.21,84.83,14.09,18.0,1640.0,7.0,2.0,36.0,0.0,low
stu_01315,class_037,1.74,24.93,24.26,8.51,21.56,12.88,17.94,0.0,400.0,2.0,1.0,0.0,4.0,high
stu_01316,class_021,10.13,45.29,50.14,34.38,32.46,38.48,90.58,3.0,934.0,4.0,1.0,0.0,5.0,high
stu_01317,class_013,98.75,91.2,87.56,82.83,89.99,81.4,33.18,12.0,2103.0,9.0,5.0,6.0,0.0,low
stu_01318,class_009,31.94,,34.18,33.86,25.97,44.78,96.52,1.0,232.0,1.0,0.0,0.0,4.0,high
stu_01319,class_036,86.22,73.15,85.18,81.25,87.69,92.82,14.67,10.0,1562.0,7.0,4.0,13.0,0.0,low
stu_01320,class_036,90.52,61.41,81.0,88.74,74.77,,25.75,3.0,1204.0,5.0,4.0,6.0,4.0,medium
stu_01321,class_035,78.52,92.09,62.78,65.89,74.29,75.83,32.31,4.0,1795.0,8.0,2.0,8.0,4.0,medium
stu_01322,class_017,25.85,2.42,29.8,24.62,24.34,35.63,41.79,0.0,0.0,1.0,0.0,0.0,6.0,high
stu_01323,class_001,64.56,71.48,70.3,73.51,62.82,41.77,42.01,1.0,1507.0,7.0,2.0,4.0,1.0,medium
stu_01324,class_030,96.62,81.66,60.14,59.47,81.36,80.24,15.54,5.0,1558.0,7.0,4.0,0.0,1.0,low
stu_01325,class_024,92.65,90.97,67.71,60.22,87.6,90.78,46.4,16.0,2142.0,9.0,4.0,20.0,0.0,low
stu_01326,class_008,79.44,81.23,93.12,85.17,83.45,49.35,24.59,17.0,1935.0,8.0,3.0,18.0,0.0,low
stu_01327,class_037,100.0,98.16,69.53,72.56,85.5,70.74,29.74,5.0,1875.0,8.0,3.0,5.0,1.0,low
stu_01328,class_035,40.29,45.04,19.98,20.81,36.55,38.16,99.87,3.0,790.0,4.0,2.0,6.0,5.0,high
stu_01329,class_032,56.76,57.86,44.58,37.38,44.74,26.96,27.85,0.0,1231.0,5.0,1.0,0.0,3.0,medium
stu_01330,class_025,70.96,12.31,42.38,36.84,41.41,18.45,50.15,2.0,124.0,1.0,1.0,5.0,2.0,high
stu_01331,class_035,82.81,90.12,84.82,96.07,85.14,80.36,34.7,13.0,2131.0,9.0,5.0,20.0,0.0,low
stu_01332,class_025,94.84,64.5,21.7,28.0,67.23,72.95,31.02,13.0,1788.0,8.0,4.0,14.0,5.0,low
stu_01333,class_021,86.69,86.12,84.62,92.94,82.38,75.21,10.07,6.0,1816.0,8.0,4.0,5.0,0.0,low
stu_01334,class_002,41.08,14.97,60.0,55.63,36.28,42.46,62.0,1.0,132.0,1.0,1.0,1.0,4.0,high
stu_01335,class_037,76.85,73.11,79.03,83.38,74.3,58.14,27.99,6.0,1146.0,5.0,2.0,9.0,0.0,low
stu_01336,class_031,18.21,24.0,30.75,31.76,28.1,53.35,126.29,3.0,591.0,3.0,1.0,7.0,1.0,high
stu_01337,class_008,84.1,48.76,48.72,48.48,63.72,51.97,34.78,10.0,1720.0,7.0,4.0,21.0,6.0,low
stu_01338,class_020,51.81,51.59,57.58,55.94,53.44,39.99,46.01,3.0,1165.0,5.0,1.0,8.0,0.0,medium
stu_01339,class_022,71.69,52.21,55.69,51.66,62.02,77.09,46.13,2.0,1216.0,5.0,1.0,4.0,4.0,medium
stu_01340,class_019,68.5,53.92,67.01,70.16,60.38,26.41,40.77,9.0,1235.0,5.0,2.0,10.0,1.0,medium
stu_01341,class_006,75.34,41.22,63.4,53.83,65.12,94.67,35.97,6.0,1009.0,5.0,1.0,4.0,3.0,medium
stu_01342,class_019,40.1,46.66,87.53,95.19,55.57,63.61,18.44,6.0,994.0,4.0,3.0,3.0,1.0,medium
stu_01343,class_026,79.12,89.91,93.1,92.32,84.24,82.95,,8.0,1796.0,8.0,3.0,4.0,0.0,low
stu_01344,class_008,27.55,62.69,74.49,74.79,51.31,22.39,17.14,8.0,1450.0,6.0,2.0,5.0,0.0,medium
stu_01345,class_023,96.29,61.29,78.78,71.2,83.26,88.16,30.71,8.0,1438.0,6.0,3.0,13.0,2.0,low
stu_01346,class_038,59.5,63.68,47.0,51.26,54.1,30.4,27.3,7.0,1387.0,6.0,2.0,10.0,0.0,medium
stu_01347,class_032,87.25,78.7,52.12,67.98,76.7,79.58,32.02,6.0,1423.0,6.0,4.0,9.0,3.0,low
stu_01348,class_025,87.95,78.2,90.37,82.33,91.26,84.62,12.0,5.0,1599.0,7.0,5.0,7.0,0.0,low
stu_01349,class_014,45.16,50.96,44.74,42.62,40.75,44.38,104.18,1.0,1119.0,5.0,1.0,0.0,4.0,high
stu_01350,class_007,89.62,90.97,78.36,88.35,88.76,69.87,33.42,17.0,2066.0,9.0,4.0,24.0,0.0,low
stu_01351,class_022,43.02,60.87,41.6,40.22,46.46,60.83,58.02,3.0,1146.0,5.0,1.0,1.0,2.0,high
stu_01352,class_017,91.67,67.33,29.43,46.45,57.61,12.39,30.71,2.0,667.0,3.0,1.0,1.0,6.0,high
stu_01353,class_005,56.0,86.69,71.2,72.34,73.38,70.17,33.8,9.0,1643.0,7.0,3.0,18.0,1.0,medium
stu_01354,class_032,79.49,94.59,80.25,79.25,83.49,77.0,20.21,12.0,1995.0,8.0,5.0,13.0,0.0,low
stu_01355,class_040,67.79,65.3,60.34,57.16,64.39,62.28,45.6,4.0,1284.0,6.0,1.0,5.0,3.0,medium
stu_01356,class_020,87.71,78.59,79.2,98.23,89.96,79.17,40.13,18.0,1768.0,8.0,3.0,35.0,0.0,low
stu_01357,class_013,45.34,38.32,40.81,50.14,42.21,19.72,54.97,5.0,601.0,3.0,0.0,2.0,1.0,high
stu_01358,class_015,54.42,66.4,49.67,59.98,55.8,61.51,58.65,9.0,1501.0,7.0,2.0,10.0,1.0,medium
stu_01359,class_023,100.0,76.21,59.37,55.38,80.51,77.52,38.62,13.0,1668.0,,3.0,22.0,0.0,low
stu_01360,class_033,100.0,76.55,74.07,79.02,83.3,86.48,18.26,16.0,1767.0,8.0,3.0,11.0,1.0,low
stu_01361,class_003,59.22,37.18,57.79,59.27,56.47,86.69,13.49,1.0,688.0,3.0,1.0,0.0,4.0,medium
stu_01362,class_037,45.71,65.66,62.57,51.84,56.78,45.4,26.46,9.0,1525.0,7.0,3.0,14.0,1.0,medium
stu_01363,class_039,68.15,64.85,69.68,74.88,63.12,32.46,34.74,7.0,1423.0,6.0,2.0,5.0,2.0,medium
stu_01364,class_021,41.62,52.66,37.63,38.03,40.25,14.39,46.92,2.0,1006.0,5.0,1.0,6.0,2.0,high
stu_01365,class_011,99.12,89.6,87.61,95.25,91.14,95.69,29.5,8.0,1906.0,8.0,5.0,8.0,0.0,low
stu_01366,class_026,61.44,44.16,27.09,29.3,45.27,52.16,57.51,9.0,1093.0,5.0,2.0,9.0,4.0,medium
stu_01367,class_019,63.67,90.99,74.58,67.97,66.86,45.17,24.05,0.0,2115.0,9.0,3.0,0.0,2.0,low
stu_01368,class_030,62.25,71.23,91.56,100.0,78.6,82.39,24.79,,1950.0,8.0,4.0,22.0,0.0,low
stu_01369,class_006,76.77,55.28,44.71,37.77,57.84,25.22,19.19,7.0,1370.0,6.0,2.0,9.0,1.0,medium
stu_01370,class_040,71.53,70.71,39.19,26.45,62.82,72.92,34.71,4.0,1242.0,5.0,1.0,2.0,4.0,medium
stu_01371,class_040,83.76,83.86,75.35,73.88,79.74,85.02,26.72,10.0,1771.0,8.0,4.0,6.0,0.0,low
stu_01372,class_030,84.94,87.72,100.0,99.78,89.41,74.86,37.39,8.0,1685.0,7.0,4.0,4.0,0.0,low
stu_01373,class_014,74.23,68.66,90.98,72.22,74.83,56.87,13.82,8.0,1436.0,6.0,3.0,5.0,0.0,low
stu_01374,class_035,83.98,76.75,85.12,83.93,80.69,82.19,56.03,8.0,1622.0,7.0,5.0,11.0,1.0,low
stu_01375,class_021,76.92,86.91,86.54,83.87,78.42,48.16,21.5,16.0,1969.0,8.0,4.0,29.0,1.0,low
stu_01376,class_010,95.78,69.36,72.25,68.43,80.3,77.76,25.63,15.0,1521.0,7.0,4.0,24.0,0.0,low
stu_01377,class_005,80.48,92.74,91.82,95.89,75.78,34.07,14.36,0.0,1885.0,8.0,4.0,0.0,0.0,low
stu_01378,class_006,52.08,43.99,49.48,50.86,54.77,86.52,33.66,3.0,672.0,3.0,1.0,3.0,3.0,medium
stu_01379,class_010,50.88,84.56,70.55,76.77,62.52,11.88,93.81,6.0,1802.0,8.0,3.0,6.0,1.0,medium
stu_01380,class_034,52.93,57.96,57.11,59.78,57.79,53.1,34.84,5.0,975.0,4.0,1.0,7.0,4.0,medium
stu_01381,class_007,91.21,60.48,57.13,56.14,68.01,62.14,117.16,2.0,1367.0,6.0,4.0,0.0,3.0,medium
stu_01382,class_028,87.51,80.79,78.14,69.88,78.26,81.16,44.0,5.0,1646.0,7.0,4.0,7.0,1.0,low
stu_01383,class_020,100.0,93.31,68.28,64.66,85.81,76.17,32.21,18.0,2054.0,9.0,4.0,9.0,0.0,low
stu_01384,class_002,50.03,40.25,45.11,47.72,44.58,40.05,36.22,5.0,1087.0,5.0,1.0,8.0,4.0,high
stu_01385,class_003,86.47,79.96,42.79,38.68,70.96,39.5,24.04,9.0,1664.0,7.0,3.0,13.0,7.0,medium
stu_01386,class_038,89.25,100.0,88.04,88.89,91.65,83.48,28.41,6.0,1933.0,8.0,,12.0,0.0,low
stu_01387,class_032,78.62,81.93,92.43,92.36,82.22,75.85,27.57,8.0,1895.0,8.0,4.0,7.0,0.0,low
stu_01388,class_031,46.86,11.84,28.35,32.66,33.56,23.94,95.84,3.0,230.0,1.0,0.0,7.0,4.0,high
stu_01389,class_035,51.91,26.19,61.78,62.25,47.34,71.44,31.78,2.0,452.0,2.0,0.0,5.0,0.0,medium
stu_01390,class_017,70.83,75.64,79.29,82.41,75.06,76.41,27.84,8.0,1526.0,7.0,3.0,13.0,0.0,low
stu_01391,class_026,70.17,78.39,67.41,72.65,75.5,92.49,18.76,11.0,1521.0,7.0,2.0,15.0,1.0,low
stu_01392,class_038,78.11,73.47,77.52,77.63,76.73,70.52,32.69,10.0,1615.0,7.0,2.0,5.0,1.0,low
stu_01393,class_021,79.29,63.99,61.96,70.07,71.77,71.17,43.42,6.0,1523.0,7.0,2.0,2.0,0.0,medium
stu_01394,class_007,39.62,9.37,17.37,24.25,23.83,25.52,102.34,4.0,216.0,1.0,0.0,5.0,2.0,high
stu_01395,class_015,76.49,47.27,64.07,71.55,66.12,72.52,146.93,8.0,1112.0,5.0,1.0,8.0,3.0,medium
stu_01396,class_007,17.65,0.0,14.66,11.6,16.88,42.43,146.82,5.0,0.0,1.0,1.0,7.0,6.0,high
stu_01397,class_007,91.66,76.21,98.95,92.88,82.84,70.64,15.74,5.0,1521.0,7.0,5.0,1.0,0.0,low
stu_01398,class_015,73.56,68.19,89.52,100.0,73.3,61.96,22.76,7.0,,6.0,3.0,10.0,1.0,low
stu_01399,class_012,0.0,27.92,11.12,10.22,18.56,44.62,52.62,2.0,640.0,3.0,0.0,6.0,5.0,high
stu_01400,class_029,100.0,74.84,82.89,70.6,86.62,72.81,28.16,15.0,1813.0,8.0,5.0,13.0,0.0,low
stu_01401,class_008,97.49,79.49,100.0,94.09,92.92,71.72,38.48,14.0,1683.0,7.0,4.0,22.0,0.0,low
stu_01402,class_002,87.77,82.11,91.9,93.76,87.19,90.31,17.79,6.0,1711.0,7.0,4.0,12.0,1.0,low
stu_01403,class_026,92.08,63.8,73.26,76.17,64.35,24.57,31.34,0.0,1714.0,7.0,3.0,0.0,1.0,low
stu_01404,class_013,65.62,52.23,58.9,60.34,63.06,78.63,45.38,8.0,1081.0,5.0,2.0,12.0,0.0,medium
stu_01405,class_011,57.58,30.5,34.22,27.92,42.89,25.61,88.08,4.0,804.0,4.0,1.0,6.0,4.0,high
stu_01406,class_026,17.13,26.33,27.34,21.42,25.41,26.98,39.39,5.0,546.0,3.0,0.0,10.0,2.0,high
stu_01407,class_010,85.83,94.46,80.96,88.96,83.5,68.6,22.79,6.0,1835.0,8.0,4.0,9.0,0.0,low
stu_01408,class_020,16.69,33.1,74.28,93.22,42.45,67.79,25.41,7.0,1457.0,6.0,3.0,3.0,2.0,low
stu_01409,class_027,65.98,55.1,78.09,94.68,63.72,31.39,16.15,0.0,996.0,4.0,1.0,0.0,1.0,medium
stu_01410,class_040,0.0,32.34,25.61,17.16,21.91,82.62,75.62,1.0,682.0,3.0,1.0,1.0,6.0,high
stu_01411,class_003,52.71,59.92,89.72,80.09,60.15,15.78,41.9,0.0,1516.0,7.0,3.0,0.0,2.0,medium
stu_01412,class_029,86.68,88.5,78.63,77.15,87.3,76.07,32.59,11.0,1903.0,8.0,3.0,17.0,1.0,low
stu_01413,class_035,97.01,,95.33,98.46,85.19,49.64,31.46,0.0,2025.0,9.0,5.0,0.0,0.0,low
stu_01414,class_003,56.14,65.27,72.86,68.05,64.28,55.47,36.07,5.0,1159.0,5.0,2.0,4.0,3.0,medium
stu_01415,class_020,68.51,58.88,50.32,64.52,56.44,35.1,24.56,2.0,1257.0,6.0,1.0,1.0,1.0,medium
stu_01416,class_014,61.69,55.81,63.55,70.39,55.61,65.72,26.4,4.0,905.0,4.0,2.0,2.0,0.0,medium
stu_01417,class_018,44.76,5.81,58.01,48.93,36.62,40.93,28.38,2.0,124.0,1.0,0.0,2.0,5.0,high
stu_01418,class_001,54.44,51.35,85.36,89.35,58.78,39.89,22.23,7.0,1308.0,6.0,3.0,6.0,2.0,medium
stu_01419,class_018,72.44,56.87,23.96,18.06,52.05,65.49,22.37,2.0,1263.0,6.0,1.0,1.0,3.0,medium
stu_01420,class_035,90.85,63.58,59.18,69.71,69.85,28.72,10.57,3.0,0.0,6.0,1.0,3.0,5.0,high
stu_01421,class_015,50.16,90.73,42.85,40.06,62.78,62.76,27.58,7.0,1886.0,8.0,2.0,10.0,2.0,medium
stu_01422,class_006,56.18,54.89,66.66,74.79,56.83,56.05,61.36,7.0,1284.0,6.0,1.0,10.0,1.0,medium
stu_01423,class_025,75.93,85.53,81.24,79.34,78.51,67.68,33.6,10.0,1976.0,8.0,4.0,21.0,0.0,low
stu_01424,class_020,58.45,28.84,66.03,78.82,59.98,53.12,7.92,7.0,825.0,4.0,2.0,4.0,3.0,medium
stu_01425,class_026,86.53,78.39,94.84,100.0,88.72,93.04,37.02,12.0,1764.0,8.0,5.0,22.0,0.0,low
stu_01426,class_029,40.17,39.6,29.39,43.84,37.87,50.03,36.18,6.0,953.0,4.0,1.0,2.0,4.0,medium
stu_01427,class_006,93.91,71.65,74.79,64.73,86.15,82.52,33.19,17.0,1647.0,7.0,3.0,19.0,0.0,low
stu_01428,class_014,96.09,79.92,93.12,86.4,91.61,81.84,34.4,6.0,1669.0,7.0,4.0,9.0,0.0,low
stu_01429,class_023,64.26,88.66,92.35,81.07,79.09,100.0,16.35,14.0,2057.0,9.0,5.0,13.0,0.0,low
stu_01430,class_006,46.87,39.83,59.01,53.97,47.85,32.03,21.02,0.0,703.0,3.0,1.0,0.0,1.0,medium
stu_01431,class_026,60.11,36.56,32.56,32.28,40.3,5.19,118.57,0.0,681.0,3.0,1.0,0.0,4.0,high
stu_01432,class_018,91.84,70.23,92.96,86.46,85.03,66.22,28.42,7.0,1317.0,6.0,4.0,9.0,1.0,low
stu_01433,class_010,66.24,51.64,76.65,83.22,61.32,50.71,54.84,2.0,1027.0,5.0,1.0,3.0,4.0,medium
stu_01434,class_012,56.32,53.57,62.23,61.92,58.7,54.1,67.25,3.0,1056.0,5.0,2.0,0.0,3.0,medium
stu_01435,class_018,39.61,43.92,55.97,53.53,47.46,86.59,22.24,5.0,796.0,4.0,1.0,0.0,3.0,medium
stu_01436,class_023,90.94,85.18,81.52,93.37,91.86,79.43,23.25,11.0,0.0,7.0,4.0,9.0,0.0,low
stu_01437,class_031,85.66,68.34,98.64,94.4,84.24,62.57,14.74,18.0,1772.0,8.0,5.0,24.0,1.0,low
stu_01438,class_010,94.5,92.02,67.44,73.58,84.02,74.93,29.68,9.0,1798.0,8.0,3.0,0.0,0.0,low
stu_01439,class_020,7.18,34.68,19.64,24.31,22.28,34.58,101.33,1.0,724.0,3.0,2.0,5.0,1.0,high
stu_01440,class_026,43.06,50.58,50.09,61.3,45.47,67.28,94.81,2.0,1045.0,5.0,2.0,5.0,2.0,medium
stu_01441,class_006,55.18,59.3,64.6,67.36,54.39,47.7,50.23,2.0,1023.0,5.0,1.0,2.0,3.0,medium
stu_01442,class_030,61.96,40.39,66.0,91.51,62.8,53.16,18.72,10.0,922.0,4.0,1.0,20.0,1.0,medium
stu_01443,class_023,89.44,97.76,96.97,95.32,94.15,71.57,17.52,10.0,2127.0,9.0,5.0,9.0,1.0,low
stu_01444,class_039,81.73,83.15,75.04,65.03,78.04,91.81,11.47,10.0,1548.0,7.0,4.0,13.0,0.0,low
stu_01445,class_011,55.83,47.46,27.21,32.19,41.8,27.32,30.23,5.0,1153.0,5.0,1.0,8.0,4.0,high
stu_01446,class_020,81.58,68.28,86.17,77.74,81.33,78.98,27.36,10.0,1302.0,6.0,4.0,11.0,0.0,low
stu_01447,class_006,97.65,100.0,86.47,86.47,90.94,66.31,15.33,14.0,2147.0,9.0,5.0,15.0,0.0,low
stu_01448,class_001,71.75,88.14,34.67,42.86,66.51,78.5,32.78,5.0,1957.0,8.0,3.0,4.0,0.0,medium
stu_01449,class_013,35.63,59.61,83.44,79.81,57.57,76.63,28.44,12.0,1912.0,8.0,3.0,13.0,1.0,low
stu_01450,class_004,32.41,60.57,78.21,76.5,52.61,41.36,,10.0,1402.0,6.0,2.0,15.0,1.0,medium
stu_01451,class_002,69.38,91.81,90.18,84.26,84.07,83.66,26.76,5.0,1800.0,8.0,3.0,8.0,0.0,low
stu_01452,class_038,63.99,66.45,50.65,54.84,54.86,10.38,17.32,3.0,1328.0,6.0,3.0,0.0,1.0,medium
stu_01453,class_004,86.66,94.8,89.08,94.25,92.15,74.39,23.74,13.0,1930.0,8.0,4.0,15.0,0.0,low
stu_01454,class_036,93.91,82.41,80.5,83.79,83.46,63.36,21.38,14.0,1998.0,8.0,6.0,23.0,2.0,low
stu_01455,class_038,79.94,85.61,76.7,67.58,80.17,77.24,19.15,7.0,1531.0,7.0,3.0,9.0,0.0,low
stu_01456,class_036,24.01,37.8,39.29,41.34,33.97,36.86,104.1,0.0,1028.0,5.0,1.0,3.0,3.0,high
stu_01457,class_018,65.21,80.87,93.38,100.0,76.38,54.6,17.85,11.0,1794.0,8.0,3.0,17.0,0.0,low
stu_01458,class_026,100.0,95.1,85.72,89.35,81.73,50.46,24.04,0.0,2212.0,9.0,5.0,0.0,0.0,low
stu_01459,class_038,0.0,18.82,45.32,47.17,22.47,32.91,75.73,5.0,427.0,2.0,0.0,7.0,5.0,high
stu_01460,class_005,93.58,77.63,89.32,86.45,89.65,82.06,17.86,9.0,1837.0,8.0,4.0,17.0,1.0,low
stu_01461,class_028,69.72,2.82,40.93,36.56,43.64,49.62,64.83,5.0,288.0,2.0,1.0,6.0,3.0,high
stu_01462,class_024,95.84,67.58,100.0,100.0,88.16,71.06,31.01,8.0,1403.0,6.0,5.0,7.0,1.0,low
stu_01463,class_025,96.56,85.64,85.71,87.18,87.82,81.09,25.35,7.0,1874.0,8.0,4.0,5.0,0.0,low
stu_01464,class_018,41.4,49.96,57.75,66.13,47.82,68.93,54.8,4.0,1062.0,5.0,1.0,,0.0,medium
stu_01465,class_005,89.62,77.46,85.24,93.77,73.8,24.35,11.62,0.0,1470.0,6.0,4.0,0.0,0.0,low
stu_01466,class_039,83.86,72.75,72.06,73.45,75.47,94.13,11.44,18.0,1823.0,8.0,4.0,17.0,0.0,low
stu_01467,class_031,14.12,24.7,64.28,71.66,32.05,26.3,49.48,4.0,296.0,2.0,0.0,2.0,2.0,high
stu_01468,class_032,67.77,45.46,16.94,13.84,47.29,62.61,30.82,5.0,902.0,4.0,1.0,6.0,6.0,high
stu_01469,class_023,99.05,92.67,88.44,76.5,98.54,98.55,30.1,7.0,1976.0,8.0,5.0,6.0,0.0,low
stu_01470,class_023,45.28,41.98,0.0,,33.77,38.9,34.88,0.0,630.0,3.0,1.0,2.0,6.0,high
stu_01471,class_009,80.46,49.99,72.28,94.28,66.9,51.94,49.07,6.0,840.0,4.0,3.0,9.0,2.0,medium
stu_01472,class_032,,86.52,84.42,78.41,83.52,77.13,30.79,9.0,1780.0,8.0,4.0,8.0,1.0,low
stu_01473,class_036,12.93,47.92,76.91,87.23,48.55,84.15,43.46,18.0,1528.0,7.0,4.0,34.0,2.0,low
stu_01474,class_030,75.32,82.56,77.22,77.66,79.22,60.84,26.47,11.0,1925.0,8.0,2.0,9.0,0.0,low
stu_01475,class_011,84.84,69.42,63.68,55.28,66.85,45.23,51.32,5.0,1508.0,7.0,3.0,8.0,2.0,medium
stu_01476,class_034,94.26,82.27,73.82,68.03,87.81,85.82,48.26,11.0,1577.0,7.0,3.0,21.0,0.0,low
stu_01477,class_015,30.74,33.33,81.37,79.46,41.6,27.7,53.1,0.0,443.0,2.0,0.0,0.0,0.0,high
stu_01478,class_014,84.06,42.27,63.71,40.03,63.16,63.27,23.39,2.0,4550.0,18.0,6.0,10.0,3.0,medium
stu_01479,class_013,28.59,29.19,25.64,35.23,27.25,27.67,182.74,4.0,661.0,3.0,1.0,5.0,3.0,high
stu_01480,class_035,71.85,71.3,80.5,97.3,79.68,88.88,12.1,14.0,1564.0,7.0,4.0,17.0,0.0,low
stu_01481,class_037,66.27,45.96,26.14,25.59,50.39,68.15,51.45,1.0,931.0,4.0,1.0,4.0,4.0,medium
stu_01482,class_027,90.66,87.8,84.01,80.39,89.09,88.73,19.34,16.0,2003.0,9.0,6.0,26.0,0.0,low
stu_01483,class_012,67.4,76.59,29.31,27.32,56.8,33.82,27.84,6.0,1697.0,7.0,2.0,6.0,0.0,medium
stu_01484,class_013,27.39,39.97,25.36,30.51,29.86,26.36,35.53,0.0,734.0,3.0,1.0,1.0,1.0,high
stu_01485,class_034,88.67,68.48,37.72,36.87,66.87,100.0,21.39,17.0,1713.0,7.0,4.0,28.0,4.0,low
stu_01486,class_033,44.99,64.6,63.4,64.62,61.81,64.29,101.91,10.0,1427.0,6.0,2.0,17.0,4.0,medium
stu_01487,class_040,98.91,95.97,78.99,87.97,93.56,74.09,18.38,18.0,2154.0,9.0,4.0,28.0,0.0,low
stu_01488,class_027,26.89,44.1,32.17,30.56,28.08,21.1,19.85,0.0,824.0,4.0,1.0,0.0,0.0,medium
stu_01489,class_023,80.98,84.19,93.25,83.98,84.88,88.55,52.46,9.0,1657.0,7.0,4.0,13.0,0.0,low
stu_01490,class_031,20.46,21.1,51.55,53.92,33.68,50.5,110.72,0.0,609.0,3.0,1.0,7.0,3.0,high
stu_01491,class_037,70.73,10.43,81.5,78.29,56.63,43.8,27.24,8.0,368.0,2.0,2.0,8.0,3.0,medium
stu_01492,class_037,75.11,67.7,81.59,90.17,75.96,95.04,15.72,10.0,1405.0,6.0,4.0,,0.0,low
stu_01493,class_025,42.23,84.61,63.06,78.24,58.76,43.81,89.53,10.0,1977.0,8.0,4.0,13.0,4.0,medium
stu_01494,class_036,36.92,46.39,88.67,91.74,56.55,53.63,32.82,9.0,1137.0,5.0,1.0,7.0,2.0,medium
stu_01495,class_009,60.48,90.35,51.12,54.05,65.25,30.29,53.98,2.0,1709.0,7.0,2.0,4.0,2.0,medium
stu_01496,class_025,66.63,50.17,63.18,65.78,55.4,45.43,15.95,4.0,1003.0,5.0,1.0,9.0,4.0,medium
stu_01497,class_028,84.69,77.29,82.01,79.19,84.56,89.37,25.78,12.0,1584.0,7.0,4.0,8.0,2.0,low
stu_01498,class_021,90.19,100.0,87.04,80.73,94.06,87.91,50.21,8.0,2023.0,9.0,5.0,8.0,1.0,low
stu_01499,class_025,46.53,54.29,73.71,94.12,52.55,52.96,40.89,4.0,888.0,4.0,1.0,7.0,2.0,medium
stu_01500,class_009,36.61,51.15,60.69,57.79,43.62,34.65,36.08,1.0,,4.0,1.0,2.0,1.0,medium
stu_01501,class_033,19.92,41.36,32.06,18.41,33.26,47.24,60.13,5.0,805.0,4.0,1.0,3.0,1.0,high
stu_01502,class_015,60.42,51.24,49.48,53.52,49.91,33.05,36.92,1.0,791.0,4.0,1.0,3.0,2.0,medium
stu_01503,class_003,81.02,49.48,67.85,69.53,66.76,53.56,25.41,9.0,1122.0,5.0,2.0,0.0,1.0,medium
stu_01504,class_012,64.16,87.17,88.87,83.34,79.8,58.0,24.45,8.0,1924.0,8.0,3.0,4.0,0.0,low
stu_01505,class_023,78.39,13.59,9.58,10.53,34.49,8.23,189.12,1.0,334.0,2.0,0.0,3.0,4.0,high
stu_01506,class_026,11.2,51.7,49.51,49.9,29.88,13.64,33.83,0.0,819.0,4.0,1.0,0.0,2.0,high
stu_01507,class_034,82.47,100.0,77.48,70.14,89.79,81.24,26.31,17.0,2387.0,10.0,4.0,31.0,0.0,low
stu_01508,class_028,71.13,55.46,81.19,74.25,69.35,64.74,23.3,6.0,1158.0,5.0,3.0,5.0,3.0,medium
stu_01509,class_032,88.03,33.36,84.14,92.69,66.68,51.52,44.98,7.0,559.0,3.0,2.0,0.0,2.0,medium
stu_01510,class_025,57.25,35.03,45.47,38.84,49.78,50.85,37.53,7.0,871.0,4.0,1.0,9.0,3.0,medium
stu_01511,class_019,60.04,53.37,60.95,54.24,59.38,65.57,45.76,9.0,1245.0,5.0,1.0,13.0,3.0,medium
stu_01512,class_028,33.68,38.11,48.01,84.99,40.07,50.4,55.62,6.0,3462.0,13.0,12.0,14.0,3.0,medium
stu_01513,class_004,92.3,65.52,86.63,83.55,78.55,87.14,18.89,6.0,1365.0,6.0,5.0,7.0,0.0,low
stu_01514,class_033,54.36,67.49,41.77,44.72,54.71,37.97,48.46,9.0,1298.0,6.0,2.0,17.0,1.0,medium
stu_01515,class_024,77.03,18.84,57.52,40.95,49.36,25.83,42.68,0.0,265.0,2.0,0.0,0.0,1.0,high
stu_01516,class_037,21.09,53.57,24.61,25.94,32.51,45.87,104.36,3.0,1143.0,5.0,1.0,7.0,4.0,high
stu_01517,class_022,27.5,49.75,19.33,22.08,33.13,48.04,153.93,4.0,1023.0,5.0,1.0,8.0,3.0,high
stu_01518,class_028,0.0,27.39,10.59,5.46,13.65,24.41,37.81,5.0,811.0,4.0,1.0,7.0,2.0,high
stu_01519,class_015,85.97,89.25,94.62,93.35,82.92,73.67,22.46,15.0,1857.0,8.0,4.0,16.0,0.0,low
stu_01520,class_036,55.4,52.7,64.34,54.97,47.53,0.0,18.09,1.0,1078.0,5.0,2.0,0.0,4.0,high
stu_01521,class_034,37.0,68.79,58.62,53.72,46.34,46.52,85.41,2.0,1497.0,6.0,3.0,4.0,2.0,medium
stu_01522,class_039,79.58,83.37,76.08,71.71,83.82,82.25,16.14,6.0,1847.0,8.0,2.0,9.0,0.0,low
stu_01523,class_022,87.39,61.44,59.92,67.37,75.86,82.96,40.2,9.0,1451.0,6.0,3.0,12.0,2.0,medium
stu_01524,class_032,81.84,58.18,97.51,79.11,81.11,76.78,15.28,14.0,1373.0,6.0,4.0,23.0,0.0,low
stu_01525,class_021,84.25,77.03,52.61,53.55,69.69,60.4,38.74,1.0,1667.0,7.0,3.0,0.0,0.0,medium
stu_01526,class_033,86.24,58.67,77.81,89.29,72.7,75.59,24.44,9.0,1303.0,6.0,3.0,19.0,1.0,low
stu_01527,class_006,85.74,78.37,35.08,34.93,68.64,72.51,18.55,6.0,1309.0,6.0,4.0,9.0,4.0,low
stu_01528,class_013,79.67,,48.59,44.14,54.94,0.0,62.39,0.0,252.0,2.0,0.0,0.0,7.0,high
stu_01529,class_003,69.44,66.1,67.19,43.66,64.97,47.68,22.95,2.0,1177.0,5.0,2.0,3.0,0.0,medium
stu_01530,class_039,100.0,82.0,90.84,79.59,81.65,16.69,26.31,0.0,1722.0,7.0,5.0,0.0,2.0,low
stu_01531,class_012,18.27,20.64,79.64,84.92,38.13,68.68,61.28,2.0,256.0,2.0,1.0,6.0,4.0,high
stu_01532,class_020,54.68,50.31,25.73,22.81,40.81,16.16,60.85,2.0,1288.0,6.0,1.0,2.0,3.0,medium
stu_01533,class_002,27.52,63.35,79.23,80.06,57.39,77.03,14.31,9.0,1806.0,8.0,3.0,7.0,2.0,low
stu_01534,class_012,90.44,88.8,94.16,93.74,91.44,98.47,16.25,8.0,1740.0,7.0,4.0,8.0,1.0,low
stu_01535,class_009,39.6,43.91,10.64,11.87,29.31,20.71,100.31,2.0,1017.0,5.0,1.0,3.0,1.0,high
stu_01536,class_040,35.78,66.74,78.67,83.42,59.93,71.22,124.62,6.0,1085.0,5.0,2.0,12.0,3.0,medium
stu_01537,class_024,100.0,99.51,83.01,86.2,86.14,73.46,18.56,6.0,2042.0,9.0,5.0,9.0,0.0,low
stu_01538,class_040,76.47,71.6,50.11,54.51,69.6,71.01,54.22,7.0,1466.0,6.0,2.0,5.0,2.0,medium
stu_01539,class_020,50.9,19.83,49.02,45.99,35.38,15.58,21.63,0.0,222.0,1.0,0.0,0.0,5.0,high
stu_01540,class_028,88.88,87.08,82.38,87.36,86.05,100.0,22.01,11.0,1873.0,8.0,4.0,0.0,0.0,low
stu_01541,class_040,63.54,100.0,79.28,77.74,82.17,88.36,30.08,17.0,2144.0,9.0,3.0,19.0,0.0,low
stu_01542,class_026,80.02,81.92,48.86,42.01,68.7,30.67,24.72,7.0,1601.0,7.0,3.0,7.0,3.0,medium
stu_01543,class_015,86.92,73.76,87.56,90.72,91.37,75.38,47.91,14.0,1827.0,8.0,4.0,8.0,0.0,low
stu_01544,class_002,89.1,78.51,76.83,91.19,78.46,58.3,20.76,10.0,1842.0,8.0,4.0,,0.0,low
stu_01545,class_017,76.32,37.34,39.37,41.76,52.99,56.6,60.7,9.0,777.0,4.0,2.0,9.0,2.0,medium
stu_01546,class_029,36.11,65.86,18.45,15.07,39.82,47.06,104.93,2.0,1397.0,6.0,3.0,1.0,2.0,high
stu_01547,class_016,72.11,82.19,78.01,67.27,79.56,95.81,24.31,11.0,1603.0,7.0,3.0,20.0,0.0,low
stu_01548,class_021,88.08,66.88,72.82,59.5,75.06,82.85,21.36,5.0,1385.0,6.0,3.0,0.0,1.0,low
stu_01549,class_002,91.65,88.78,69.64,52.5,78.9,74.85,35.69,12.0,1820.0,8.0,3.0,13.0,2.0,low
stu_01550,class_028,85.42,86.44,64.89,65.92,77.41,53.71,14.54,7.0,1816.0,8.0,4.0,7.0,2.0,medium
stu_01551,class_034,88.11,56.64,86.29,92.65,75.78,74.92,23.03,8.0,1109.0,5.0,3.0,14.0,0.0,low
stu_01552,class_024,61.26,41.97,55.71,48.14,59.64,48.79,44.97,10.0,1096.0,5.0,1.0,16.0,4.0,medium
stu_01553,class_025,87.5,62.97,43.81,42.34,68.2,55.02,77.62,9.0,1320.0,6.0,4.0,11.0,6.0,medium
stu_01554,class_025,73.7,92.79,91.08,87.64,85.33,71.33,13.3,14.0,2036.0,9.0,4.0,14.0,0.0,low
stu_01555,class_027,72.39,76.14,86.97,90.66,74.86,78.6,10.21,5.0,1420.0,6.0,4.0,4.0,1.0,low
stu_01556,class_015,36.36,55.95,87.98,88.92,55.26,50.59,67.16,0.0,960.0,4.0,2.0,0.0,1.0,high
stu_01557,class_013,62.72,21.85,43.05,49.03,47.06,32.61,76.42,8.0,725.0,3.0,1.0,12.0,0.0,medium
stu_01558,class_033,91.23,87.67,85.09,86.81,85.21,,25.27,15.0,1976.0,8.0,5.0,12.0,0.0,low
stu_01559,class_026,91.44,72.54,83.17,84.28,83.57,70.51,24.86,17.0,1919.0,8.0,5.0,27.0,1.0,low
stu_01560,class_002,44.27,5.56,41.93,35.56,28.51,0.0,36.59,5.0,41.0,1.0,0.0,9.0,5.0,high
stu_01561,class_024,76.41,98.85,79.76,82.94,87.8,90.96,21.23,10.0,2094.0,9.0,3.0,13.0,0.0,low
stu_01562,class_008,28.66,0.0,25.77,16.41,21.59,24.3,107.67,0.0,134.0,1.0,0.0,1.0,2.0,high
stu_01563,class_020,45.99,30.91,58.77,58.0,48.27,36.46,124.13,2.0,855.0,4.0,1.0,4.0,0.0,high
stu_01564,class_032,85.33,87.15,86.78,92.18,85.53,72.14,16.22,11.0,2109.0,9.0,5.0,15.0,0.0,low
stu_01565,class_037,82.29,51.7,48.57,34.35,67.15,79.57,40.06,8.0,1101.0,5.0,2.0,14.0,1.0,medium
stu_01566,class_040,42.19,72.54,44.91,50.15,47.06,22.68,38.02,2.0,0.0,7.0,2.0,1.0,2.0,high
stu_01567,class_031,47.84,50.99,78.83,92.65,54.96,27.57,29.51,0.0,1192.0,5.0,1.0,0.0,3.0,medium
stu_01568,class_036,26.48,55.92,97.29,82.72,63.43,76.12,23.12,14.0,2139.0,9.0,5.0,20.0,1.0,low
stu_01569,class_007,87.85,70.15,39.25,39.46,69.93,61.69,13.14,17.0,2065.0,9.0,5.0,27.0,7.0,low
stu_01570,class_003,84.36,71.76,89.0,77.59,77.96,71.78,16.06,16.0,1705.0,7.0,5.0,17.0,0.0,low
stu_01571,class_011,44.76,37.59,77.32,85.37,54.63,61.21,31.32,6.0,1042.0,5.0,1.0,13.0,0.0,medium
stu_01572,class_011,42.04,48.43,34.21,35.07,36.91,9.99,36.84,0.0,1074.0,5.0,2.0,0.0,1.0,high
stu_01573,class_013,20.55,57.48,71.94,86.17,51.85,81.36,23.96,6.0,1485.0,6.0,5.0,9.0,2.0,low
stu_01574,class_022,83.85,68.33,45.46,66.11,63.04,58.8,38.98,1.0,1352.0,6.0,0.0,0.0,4.0,medium
stu_01575,class_022,41.34,38.44,86.66,93.78,53.1,29.48,24.94,10.0,1277.0,6.0,2.0,15.0,0.0,medium
stu_01576,class_034,16.98,59.74,39.29,48.47,30.94,7.73,131.2,0.0,1018.0,5.0,1.0,4.0,2.0,high
stu_01577,class_035,69.28,98.92,80.59,76.44,83.02,100.0,17.55,5.0,2039.0,,4.0,11.0,1.0,low
stu_01578,class_015,59.92,99.06,61.86,64.95,70.93,78.98,32.35,5.0,1762.0,8.0,2.0,6.0,1.0,medium
stu_01579,class_030,10.01,26.89,46.62,41.29,23.85,14.5,35.07,3.0,444.0,2.0,0.0,4.0,7.0,high
stu_01580,class_011,84.62,80.12,91.17,100.0,82.68,79.83,20.8,16.0,1891.0,8.0,4.0,32.0,0.0,low
stu_01581,class_034,91.86,81.94,71.26,73.67,82.26,80.17,16.01,17.0,1877.0,8.0,3.0,12.0,2.0,low
stu_01582,class_021,100.0,88.52,100.0,88.75,100.0,98.21,17.27,16.0,1988.0,8.0,5.0,17.0,0.0,low
stu_01583,class_036,41.26,82.16,38.95,33.85,45.76,17.33,14.86,0.0,1466.0,6.0,3.0,0.0,0.0,medium
stu_01584,class_040,89.57,62.39,82.98,74.69,77.62,80.85,38.29,11.0,1506.0,7.0,5.0,9.0,1.0,low
stu_01585,class_034,28.03,22.71,60.32,54.52,33.71,47.51,33.49,3.0,495.0,2.0,0.0,7.0,5.0,high
stu_01586,class_013,61.0,40.44,51.93,44.2,52.28,75.87,28.08,4.0,921.0,4.0,1.0,6.0,3.0,medium
stu_01587,class_020,67.8,53.53,26.16,61.36,53.73,66.54,54.21,10.0,3162.0,12.0,10.0,27.0,5.0,medium
stu_01588,class_015,64.26,41.38,14.4,15.67,40.72,29.76,56.47,3.0,769.0,4.0,2.0,2.0,4.0,high
stu_01589,class_025,94.2,78.9,64.51,65.4,82.31,68.63,19.57,0.0,2053.0,9.0,4.0,25.0,0.0,low
stu_01590,class_021,87.32,47.31,53.8,57.84,67.28,100.0,35.01,2.0,967.0,4.0,3.0,0.0,4.0,medium
stu_01591,class_032,92.26,67.2,87.37,84.67,84.36,76.11,,18.0,1769.0,8.0,4.0,13.0,0.0,low
stu_01592,class_008,100.0,48.81,38.58,52.73,63.34,35.05,33.37,8.0,1109.0,5.0,2.0,4.0,1.0,medium
stu_01593,class_015,24.75,31.87,59.36,62.2,32.49,15.53,31.4,3.0,858.0,4.0,1.0,4.0,6.0,high
stu_01594,class_023,34.22,45.49,33.55,30.65,40.55,41.75,34.66,5.0,1020.0,5.0,1.0,7.0,6.0,high
stu_01595,class_036,83.08,43.85,54.18,55.35,66.67,87.35,29.1,3.0,791.0,4.0,2.0,5.0,1.0,medium
stu_01596,class_015,73.66,62.3,74.5,75.1,68.76,80.86,17.94,8.0,1480.0,6.0,2.0,8.0,1.0,low
stu_01597,class_024,64.41,53.94,28.77,40.05,55.81,59.67,16.77,8.0,1079.0,5.0,1.0,5.0,3.0,medium
stu_01598,class_027,100.0,95.11,86.24,86.46,93.57,100.0,41.23,7.0,1765.0,8.0,5.0,16.0,0.0,low
stu_01599,class_039,86.83,67.66,87.72,93.54,80.57,78.78,16.71,5.0,1371.0,6.0,4.0,8.0,0.0,low
stu_01600,class_027,46.94,11.0,50.11,24.73,30.43,7.75,21.65,3.0,611.0,3.0,0.0,2.0,,high
stu_01601,class_039,97.0,83.08,85.54,85.09,90.58,65.37,24.47,18.0,2246.0,9.0,5.0,34.0,1.0,low
stu_01602,class_032,97.48,80.95,79.84,83.92,87.11,74.0,18.62,13.0,1897.0,8.0,3.0,8.0,0.0,low
stu_01603,class_023,49.59,27.47,63.71,60.55,45.08,42.71,66.35,5.0,545.0,3.0,0.0,5.0,5.0,high
stu_01604,class_011,100.0,71.65,83.65,94.7,77.68,55.44,38.03,8.0,1443.0,6.0,5.0,8.0,0.0,low
stu_01605,class_009,51.59,56.64,41.53,24.49,47.44,18.08,98.59,4.0,,5.0,1.0,8.0,4.0,medium
stu_01606,class_010,90.3,99.97,47.66,61.54,72.88,56.17,20.45,3.0,4976.0,19.0,12.0,16.0,5.0,medium
stu_01607,class_031,90.5,70.8,93.09,88.48,86.19,60.05,22.29,14.0,1766.0,8.0,5.0,23.0,0.0,low
stu_01608,class_005,74.75,14.24,39.08,45.15,45.14,30.69,58.99,1.0,310.0,2.0,0.0,0.0,7.0,high
stu_01609,class_035,91.62,48.65,25.29,28.22,57.88,70.43,33.65,2.0,1335.0,6.0,2.0,3.0,3.0,medium
stu_01610,class_034,38.59,44.28,51.47,58.66,38.66,38.83,106.93,3.0,974.0,4.0,1.0,3.0,3.0,high
stu_01611,class_016,73.52,50.44,83.41,88.52,70.02,69.87,8.69,4.0,1060.0,5.0,3.0,6.0,5.0,medium
stu_01612,class_012,87.35,69.38,78.38,75.18,82.79,83.64,26.71,14.0,1583.0,7.0,4.0,16.0,1.0,low
stu_01613,class_015,50.05,83.82,62.03,79.93,60.33,50.57,79.86,2.0,1625.0,7.0,2.0,0.0,0.0,medium
stu_01614,class_010,87.24,55.82,43.43,44.89,69.25,73.62,22.28,15.0,1912.0,8.0,5.0,7.0,6.0,low
stu_01615,class_026,48.63,92.33,63.87,58.12,67.79,42.23,32.02,10.0,1933.0,8.0,2.0,15.0,0.0,medium
stu_01616,class_018,65.1,62.46,68.81,63.71,59.15,9.61,38.43,5.0,1354.0,6.0,3.0,5.0,1.0,medium
stu_01617,class_020,58.47,100.0,71.71,78.39,70.27,13.19,26.13,9.0,1867.0,8.0,2.0,9.0,1.0,medium
stu_01618,class_015,90.41,90.09,46.88,37.26,75.81,70.0,34.12,5.0,1772.0,8.0,4.0,7.0,2.0,medium
stu_01619,class_001,72.82,82.4,77.85,73.08,77.9,65.93,20.1,13.0,2116.0,9.0,4.0,18.0,0.0,low
stu_01620,class_023,85.65,72.3,49.71,47.68,66.7,61.58,19.35,12.0,1777.0,8.0,5.0,18.0,3.0,low
stu_01621,class_024,94.25,72.98,80.74,83.78,85.0,93.0,29.08,16.0,1640.0,7.0,4.0,27.0,0.0,low
stu_01622,class_008,82.36,70.03,81.78,87.72,75.06,79.87,29.87,5.0,1418.0,6.0,5.0,8.0,0.0,low
stu_01623,class_002,71.87,83.57,94.17,92.97,87.94,82.13,28.16,0.0,1944.0,8.0,3.0,28.0,0.0,low
stu_01624,class_018,79.61,55.66,54.63,45.45,61.55,45.84,111.13,5.0,1013.0,5.0,1.0,3.0,1.0,medium
stu_01625,class_023,93.18,86.08,84.76,79.85,89.06,93.73,18.73,16.0,1928.0,8.0,4.0,17.0,0.0,low
stu_01626,class_027,47.33,90.0,64.3,55.16,61.59,16.14,51.32,5.0,1759.0,8.0,2.0,6.0,5.0,high
stu_01627,class_009,18.62,50.59,83.54,99.24,44.07,26.44,34.31,5.0,1107.0,5.0,2.0,8.0,0.0,high
stu_01628,class_010,58.33,49.98,25.35,33.2,47.59,65.34,84.99,3.0,1039.0,5.0,1.0,3.0,0.0,medium
stu_01629,class_007,14.04,38.3,10.22,13.73,26.82,56.25,37.6,5.0,681.0,3.0,1.0,3.0,4.0,high
stu_01630,class_009,46.88,74.59,68.33,71.8,61.24,69.54,42.44,3.0,1622.0,7.0,2.0,0.0,4.0,medium
stu_01631,class_026,85.63,88.48,92.32,84.53,88.38,88.9,23.03,7.0,1845.0,8.0,4.0,15.0,1.0,low
stu_01632,class_024,36.54,61.58,87.27,87.56,65.13,96.95,29.25,14.0,2017.0,9.0,6.0,16.0,1.0,low
stu_01633,class_018,80.66,92.24,71.46,78.02,83.88,74.42,21.34,11.0,1880.0,8.0,3.0,13.0,0.0,low
stu_01634,class_037,91.37,95.75,92.31,100.0,89.09,68.37,27.62,14.0,1901.0,8.0,5.0,12.0,1.0,low
stu_01635,class_020,85.76,93.47,94.65,85.01,90.36,69.65,31.67,15.0,2134.0,9.0,6.0,24.0,0.0,low
stu_01636,class_026,58.22,72.85,49.78,49.84,60.77,57.26,25.95,7.0,1350.0,6.0,2.0,8.0,,medium
stu_01637,class_002,100.0,78.53,86.0,68.32,93.2,92.57,29.09,18.0,1773.0,8.0,5.0,26.0,0.0,low
stu_01638,class_027,59.52,67.47,38.97,36.88,58.88,83.46,36.87,9.0,1636.0,7.0,2.0,7.0,1.0,medium
stu_01639,class_013,61.79,8.31,79.85,85.83,52.87,28.78,19.83,5.0,335.0,2.0,0.0,2.0,6.0,high
stu_01640,class_027,74.76,75.38,89.39,87.29,80.86,95.95,16.05,16.0,1581.0,7.0,3.0,26.0,0.0,low
stu_01641,class_015,59.15,57.94,74.6,82.48,52.86,32.17,44.56,0.0,1235.0,5.0,2.0,0.0,2.0,medium
stu_01642,class_036,100.0,100.0,97.14,95.77,98.71,96.31,21.74,11.0,2033.0,9.0,5.0,18.0,0.0,low
stu_01643,class_010,84.12,77.78,81.26,88.41,78.47,100.0,23.91,9.0,1643.0,7.0,5.0,4.0,0.0,low
stu_01644,class_027,60.4,80.16,76.6,82.22,71.22,48.76,10.57,9.0,1598.0,7.0,3.0,12.0,0.0,medium
stu_01645,class_010,95.76,53.73,38.38,47.58,62.29,68.19,41.47,4.0,763.0,4.0,1.0,7.0,3.0,medium
stu_01646,class_039,84.02,93.15,97.71,93.95,88.43,65.6,30.45,16.0,1964.0,8.0,6.0,27.0,1.0,low
stu_01647,class_005,,77.23,36.39,15.49,61.06,33.01,103.08,0.0,768.0,4.0,2.0,1.0,7.0,high
stu_01648,class_012,32.89,56.04,98.57,89.28,55.6,33.83,91.55,5.0,375.0,2.0,0.0,2.0,2.0,high
stu_01649,class_040,54.28,84.95,61.91,69.09,67.28,51.42,41.92,5.0,1547.0,7.0,2.0,0.0,2.0,medium
stu_01650,class_002,49.08,38.64,60.21,59.72,46.83,45.68,49.02,4.0,789.0,4.0,1.0,5.0,4.0,high
stu_01651,class_013,61.18,53.2,15.7,16.75,48.56,91.2,33.8,3.0,1055.0,5.0,1.0,1.0,2.0,medium
stu_01652,class_008,48.61,60.68,53.23,54.58,51.32,41.81,30.67,0.0,1049.0,5.0,2.0,0.0,1.0,medium
stu_01653,class_027,54.23,26.83,43.67,42.56,42.06,45.79,105.54,3.0,491.0,2.0,0.0,7.0,2.0,high
stu_01654,class_023,81.88,91.58,100.0,97.67,90.24,86.12,22.29,16.0,1986.0,8.0,5.0,17.0,1.0,low
stu_01655,class_004,81.42,93.28,79.73,80.06,85.31,76.32,25.99,16.0,2166.0,9.0,4.0,16.0,0.0,low
stu_01656,class_004,80.54,61.76,88.75,82.92,69.23,34.12,28.72,0.0,1654.0,7.0,4.0,0.0,0.0,low
stu_01657,class_037,49.22,70.62,35.35,39.81,51.53,51.86,78.38,6.0,1633.0,7.0,2.0,12.0,3.0,medium
stu_01658,class_005,77.55,68.94,97.11,100.0,73.8,44.39,22.01,0.0,1477.0,6.0,3.0,0.0,1.0,low
stu_01659,class_037,42.95,31.52,59.2,51.04,43.67,40.7,27.35,6.0,491.0,2.0,1.0,7.0,2.0,medium
stu_01660,class_032,81.76,86.15,88.42,92.57,84.0,73.9,32.36,14.0,2015.0,9.0,5.0,17.0,0.0,low
stu_01661,class_021,100.0,71.86,87.35,94.36,89.48,76.14,35.51,18.0,1756.0,8.0,4.0,23.0,1.0,low
stu_01662,class_025,56.71,66.85,28.65,42.08,50.85,33.61,43.65,4.0,1472.0,6.0,3.0,8.0,,medium
stu_01663,class_029,60.32,14.9,69.17,57.28,45.51,33.97,47.98,1.0,586.0,3.0,0.0,3.0,1.0,medium
stu_01664,class_008,97.46,69.7,76.56,67.25,82.32,69.53,18.7,18.0,1788.0,8.0,3.0,30.0,0.0,low
stu_01665,class_031,41.98,56.71,47.61,48.53,41.34,25.55,32.74,4.0,994.0,4.0,1.0,2.0,3.0,high
stu_01666,class_013,29.2,56.15,87.35,88.61,49.36,50.36,47.97,2.0,1199.0,5.0,2.0,4.0,4.0,medium
stu_01667,class_014,0.0,50.76,44.79,40.9,27.67,13.73,60.23,3.0,921.0,4.0,1.0,2.0,4.0,high
stu_01668,class_022,89.84,87.61,88.35,98.0,84.17,73.02,20.26,6.0,1812.0,8.0,0.0,12.0,1.0,low
stu_01669,class_010,70.86,45.93,39.72,35.59,48.45,41.93,43.22,3.0,816.0,4.0,1.0,5.0,0.0,medium
stu_01670,class_025,99.13,82.12,73.82,,89.7,85.77,13.44,11.0,1997.0,8.0,4.0,15.0,1.0,low
stu_01671,class_007,43.31,64.59,77.09,82.34,55.44,57.6,47.79,4.0,1263.0,6.0,1.0,5.0,3.0,medium
stu_01672,class_014,86.81,91.74,100.0,99.34,91.68,71.93,14.81,9.0,1890.0,8.0,4.0,8.0,0.0,low
stu_01673,class_019,49.59,26.44,20.72,29.39,31.14,0.0,47.41,4.0,782.0,4.0,2.0,3.0,4.0,high
stu_01674,class_004,95.95,100.0,93.64,76.65,95.96,75.84,28.25,7.0,2067.0,9.0,5.0,10.0,0.0,low
stu_01675,class_004,65.29,28.42,27.85,7.62,44.71,32.94,103.18,5.0,797.0,4.0,2.0,5.0,2.0,high
stu_01676,class_003,80.44,95.02,99.7,81.03,77.79,50.02,30.77,0.0,2242.0,9.0,6.0,0.0,1.0,low
stu_01677,class_005,96.12,73.49,85.85,76.69,87.46,90.9,30.37,15.0,1624.0,7.0,4.0,22.0,0.0,low
stu_01678,class_006,87.95,65.21,99.07,100.0,85.63,90.69,16.59,9.0,1313.0,6.0,5.0,15.0,0.0,low
stu_01679,class_034,48.41,57.28,73.23,72.53,55.18,41.76,56.97,9.0,1126.0,5.0,1.0,13.0,2.0,medium
stu_01680,class_028,62.92,72.96,89.85,74.25,69.28,62.73,40.97,8.0,1455.0,6.0,0.0,8.0,5.0,medium
stu_01681,class_012,84.1,40.14,44.19,42.09,58.65,43.66,27.67,6.0,895.0,4.0,2.0,9.0,1.0,medium
stu_01682,class_025,92.13,60.91,84.95,78.51,76.9,69.48,80.75,6.0,1322.0,6.0,5.0,9.0,2.0,medium
stu_01683,class_021,39.29,34.33,34.3,31.37,32.78,7.79,39.85,1.0,447.0,2.0,1.0,0.0,5.0,high
stu_01684,class_021,66.93,66.37,28.65,26.27,59.61,75.03,40.83,9.0,1494.0,6.0,2.0,13.0,4.0,medium
stu_01685,class_016,95.25,86.51,72.87,77.8,84.02,73.13,15.91,9.0,1820.0,8.0,3.0,11.0,0.0,low
stu_01686,class_029,0.0,25.02,23.45,25.54,17.38,76.08,56.07,0.0,481.0,2.0,0.0,2.0,6.0,high
stu_01687,class_004,92.07,70.75,48.1,47.24,66.12,10.68,21.4,8.0,1314.0,6.0,2.0,11.0,5.0,medium
stu_01688,class_003,85.1,82.63,84.79,76.73,89.27,82.09,25.87,14.0,1765.0,8.0,4.0,23.0,0.0,low
stu_01689,class_033,31.71,42.26,46.65,49.09,34.26,10.12,92.58,1.0,702.0,3.0,1.0,5.0,4.0,high
stu_01690,class_029,72.76,39.71,33.33,40.08,46.98,17.81,33.0,1.0,746.0,3.0,1.0,2.0,1.0,high
stu_01691,class_031,86.15,79.27,87.84,75.82,80.43,71.55,31.58,5.0,1571.0,7.0,4.0,6.0,0.0,low
stu_01692,class_020,6.54,43.07,49.13,45.23,27.15,26.95,60.59,1.0,772.0,4.0,1.0,0.0,6.0,high
stu_01693,class_021,14.92,47.36,11.89,11.08,21.45,31.43,162.07,1.0,1063.0,5.0,1.0,0.0,3.0,high
stu_01694,class_031,88.48,31.93,91.09,100.0,73.25,74.71,37.82,2.0,662.0,3.0,3.0,2.0,1.0,medium
stu_01695,class_019,63.57,47.02,57.73,50.42,58.95,47.04,35.55,9.0,1189.0,5.0,2.0,11.0,0.0,medium
stu_01696,class_002,76.59,100.0,94.46,99.91,82.5,71.19,16.72,5.0,2044.0,9.0,4.0,5.0,0.0,low
stu_01697,class_025,49.94,65.87,65.52,62.94,58.06,63.51,146.89,8.0,1449.0,6.0,2.0,,2.0,medium
stu_01698,class_022,76.1,36.97,61.3,68.16,51.97,21.52,21.03,0.0,888.0,4.0,1.0,0.0,0.0,medium
stu_01699,class_013,93.13,72.49,96.32,100.0,82.7,18.87,19.08,0.0,1722.0,7.0,4.0,0.0,2.0,low
stu_01700,class_010,97.74,75.47,74.94,82.13,76.53,36.14,16.6,0.0,1611.0,7.0,3.0,0.0,0.0,low
stu_01701,class_024,47.93,34.48,68.96,62.51,51.97,49.2,21.07,4.0,736.0,3.0,1.0,5.0,3.0,medium
stu_01702,class_008,72.48,57.61,40.03,58.77,61.19,54.48,29.98,8.0,1472.0,6.0,3.0,5.0,2.0,medium
stu_01703,class_011,87.46,74.95,82.8,78.45,79.39,63.52,14.52,9.0,1591.0,7.0,4.0,15.0,0.0,low
stu_01704,class_040,62.28,60.16,81.2,73.34,67.28,45.16,25.84,9.0,1102.0,5.0,2.0,16.0,1.0,medium
stu_01705,class_016,86.8,70.36,34.27,46.98,59.52,45.7,39.33,0.0,1446.0,6.0,4.0,0.0,2.0,medium
stu_01706,class_028,37.89,68.8,69.28,63.36,52.86,57.26,62.55,1.0,1256.0,6.0,2.0,3.0,0.0,medium
stu_01707,class_036,35.53,38.67,38.48,49.44,38.76,26.39,30.54,5.0,796.0,4.0,2.0,9.0,4.0,high
stu_01708,class_034,82.13,48.82,82.82,81.35,69.79,46.93,37.3,11.0,1273.0,6.0,3.0,12.0,1.0,low
stu_01709,class_022,91.86,73.74,90.43,100.0,87.37,93.51,24.85,8.0,1723.0,7.0,5.0,14.0,0.0,low
stu_01710,class_040,1.19,14.13,50.25,62.41,18.63,33.36,79.73,0.0,587.0,3.0,1.0,0.0,2.0,high
stu_01711,class_027,19.39,25.99,34.92,33.09,26.82,38.2,60.82,3.0,526.0,3.0,0.0,5.0,3.0,high
stu_01712,class_038,70.61,65.56,86.51,87.03,73.09,49.38,64.3,9.0,1576.0,7.0,3.0,14.0,1.0,medium
stu_01713,class_001,96.04,99.26,78.56,87.14,78.28,15.74,43.87,0.0,2116.0,9.0,4.0,0.0,0.0,low
stu_01714,class_032,85.31,92.53,78.73,63.21,82.63,80.12,23.27,14.0,2143.0,9.0,5.0,13.0,1.0,low
stu_01715,class_003,96.01,78.79,89.84,90.06,84.44,65.45,27.91,6.0,1576.0,7.0,5.0,8.0,0.0,low
stu_01716,class_035,76.57,93.22,64.84,63.51,81.7,64.55,23.43,15.0,2158.0,9.0,4.0,16.0,1.0,low
stu_01717,class_020,57.06,72.65,77.17,85.72,66.99,63.33,21.97,6.0,1601.0,7.0,2.0,10.0,3.0,medium
stu_01718,class_027,48.22,72.23,90.8,100.0,67.54,63.31,65.2,2.0,1327.0,6.0,3.0,0.0,5.0,medium
stu_01719,class_016,100.0,81.14,88.46,98.7,88.77,87.21,43.54,7.0,1609.0,7.0,4.0,10.0,1.0,low
stu_01720,class_030,82.3,80.59,74.97,82.76,79.14,80.86,20.59,9.0,1527.0,7.0,3.0,13.0,0.0,low
stu_01721,class_005,70.36,69.8,56.39,48.72,60.61,41.06,22.3,5.0,1537.0,7.0,2.0,4.0,2.0,medium
stu_01722,class_020,39.14,45.12,28.17,31.55,39.39,55.91,23.27,10.0,979.0,4.0,1.0,4.0,1.0,medium
stu_01723,class_015,81.61,73.85,79.65,75.59,81.0,81.69,11.38,11.0,1593.0,7.0,3.0,12.0,1.0,low
stu_01724,class_035,79.42,82.78,81.53,79.24,81.2,63.51,26.01,17.0,2015.0,9.0,4.0,31.0,1.0,low
stu_01725,class_030,34.34,59.31,27.95,19.76,36.78,46.52,116.3,0.0,1391.0,6.0,2.0,0.0,4.0,medium
stu_01726,class_018,37.01,6.85,60.93,61.87,33.46,26.54,35.84,5.0,132.0,1.0,1.0,6.0,1.0,high
stu_01727,class_019,87.23,91.97,100.0,100.0,91.68,83.06,25.26,9.0,1723.0,7.0,4.0,7.0,0.0,low
stu_01728,class_038,82.29,46.31,68.3,67.19,56.53,46.27,61.27,4.0,828.0,4.0,2.0,3.0,3.0,medium
stu_01729,class_027,52.97,20.45,44.09,50.05,33.67,25.35,92.21,0.0,164.0,1.0,0.0,0.0,3.0,high
stu_01730,class_008,28.04,42.56,41.84,53.97,34.72,34.93,81.36,2.0,810.0,4.0,1.0,1.0,5.0,high
stu_01731,class_011,58.09,69.11,45.75,43.76,60.45,60.64,31.78,6.0,1497.0,6.0,3.0,5.0,3.0,medium
stu_01732,class_028,84.43,82.69,97.19,86.57,82.49,65.91,29.14,15.0,1959.0,8.0,6.0,23.0,1.0,low
stu_01733,class_012,88.98,77.14,76.12,71.1,85.56,84.04,24.62,12.0,1664.0,7.0,0.0,8.0,1.0,low
stu_01734,class_016,16.99,24.9,58.0,67.72,30.5,0.0,70.76,0.0,500.0,3.0,1.0,0.0,3.0,high
stu_01735,class_018,4.65,18.74,12.35,26.75,17.77,40.22,37.54,5.0,466.0,2.0,0.0,7.0,2.0,high
stu_01736,class_028,79.65,82.36,83.19,79.3,81.77,84.37,20.22,17.0,1718.0,7.0,4.0,28.0,0.0,low
stu_01737,class_036,34.73,25.02,48.58,48.76,34.88,7.37,208.55,1.0,579.0,3.0,0.0,3.0,3.0,high
stu_01738,class_039,92.37,89.29,80.77,82.45,84.44,81.45,24.51,6.0,1882.0,8.0,4.0,5.0,0.0,low
stu_01739,class_010,65.97,34.75,46.6,59.83,45.23,0.0,111.27,3.0,738.0,3.0,2.0,6.0,5.0,high
stu_01740,class_002,44.51,43.81,18.39,29.04,34.03,14.62,105.99,5.0,907.0,4.0,1.0,3.0,2.0,high
stu_01741,class_028,49.83,49.26,43.76,63.86,42.54,47.53,68.96,5.0,1174.0,5.0,1.0,8.0,4.0,high
stu_01742,class_002,24.03,46.35,48.36,58.07,32.19,17.47,108.88,4.0,1166.0,5.0,1.0,4.0,0.0,high
stu_01743,class_006,88.35,97.99,83.62,,91.01,94.5,19.43,17.0,2298.0,10.0,5.0,16.0,0.0,low
stu_01744,class_031,22.99,15.53,15.52,26.79,16.91,42.59,58.24,3.0,525.0,3.0,0.0,3.0,3.0,high
stu_01745,class_019,36.53,68.0,34.22,32.81,44.62,33.31,24.05,5.0,1377.0,6.0,2.0,7.0,5.0,high
stu_01746,class_012,40.54,84.12,85.74,90.04,63.36,21.61,21.45,8.0,1731.0,7.0,4.0,12.0,0.0,medium
stu_01747,class_015,28.38,15.63,12.44,17.2,13.77,19.08,26.78,0.0,398.0,2.0,1.0,0.0,4.0,high
stu_01748,class_015,58.64,62.55,65.51,62.32,63.14,45.6,34.64,6.0,1322.0,6.0,3.0,9.0,0.0,medium
stu_01749,class_034,47.02,43.5,84.84,82.92,62.83,81.84,24.23,13.0,1510.0,7.0,0.0,10.0,2.0,low
stu_01750,class_024,64.78,22.58,42.51,48.65,44.39,54.25,38.54,4.0,603.0,3.0,0.0,5.0,1.0,medium
stu_01751,class_010,42.53,51.2,66.31,67.35,56.32,66.24,46.7,6.0,1004.0,5.0,1.0,4.0,0.0,medium
stu_01752,class_019,83.16,73.45,96.26,92.6,84.58,72.08,15.27,12.0,1601.0,7.0,4.0,11.0,0.0,low
stu_01753,class_007,100.0,86.25,65.09,67.4,83.85,78.62,28.34,7.0,1849.0,8.0,4.0,13.0,0.0,low
stu_01754,class_028,71.21,75.33,94.36,91.65,79.59,92.95,29.63,16.0,1872.0,8.0,3.0,17.0,0.0,low
stu_01755,class_025,81.26,82.68,79.91,71.18,75.64,54.96,22.17,13.0,1982.0,8.0,5.0,16.0,0.0,low
stu_01756,class_005,13.31,86.8,53.82,64.71,40.7,28.86,41.15,4.0,1642.0,7.0,2.0,5.0,3.0,high
stu_01757,class_013,76.9,50.04,42.94,33.74,56.11,20.87,25.48,10.0,1071.0,5.0,2.0,15.0,2.0,medium
stu_01758,class_003,63.26,55.24,29.81,52.81,44.18,20.27,46.23,0.0,982.0,4.0,2.0,0.0,2.0,high
stu_01759,class_024,16.22,34.6,45.42,39.01,27.1,33.61,125.14,4.0,611.0,3.0,0.0,4.0,,high
stu_01760,class_027,54.07,6.9,59.8,56.43,31.53,11.6,71.8,0.0,310.0,2.0,0.0,0.0,1.0,high
stu_01761,class_001,10.3,20.63,45.69,48.24,27.8,18.32,52.67,4.0,701.0,3.0,2.0,1.0,4.0,high
stu_01762,class_021,50.38,34.3,48.5,44.6,38.03,44.52,104.8,2.0,767.0,4.0,1.0,2.0,3.0,high
stu_01763,class_028,82.26,81.0,92.55,94.76,84.78,83.94,35.84,6.0,1678.0,7.0,5.0,4.0,0.0,low
stu_01764,class_008,29.13,40.55,92.21,85.82,48.79,50.05,37.13,5.0,633.0,3.0,1.0,6.0,0.0,medium
stu_01765,class_026,98.05,85.5,84.22,76.89,85.19,69.53,13.16,15.0,1971.0,8.0,6.0,20.0,1.0,low
stu_01766,class_001,,93.3,75.55,82.63,79.17,77.04,29.55,0.0,1994.0,8.0,5.0,8.0,0.0,low
stu_01767,class_029,82.36,95.0,77.43,97.99,88.59,67.5,17.59,17.0,1965.0,8.0,4.0,29.0,2.0,low
stu_01768,class_021,35.59,7.91,38.8,34.84,28.76,12.06,77.51,2.0,414.0,2.0,1.0,7.0,1.0,high
stu_01769,class_023,88.87,87.36,74.25,71.47,85.15,89.09,27.81,7.0,1665.0,7.0,3.0,10.0,1.0,low
stu_01770,class_026,,89.41,89.69,90.27,90.24,79.13,26.81,10.0,1660.0,7.0,4.0,14.0,0.0,low
stu_01771,class_004,20.98,23.11,30.65,33.15,25.34,24.82,127.72,1.0,293.0,2.0,1.0,1.0,4.0,high
stu_01772,class_016,83.14,95.84,100.0,99.7,86.39,91.52,22.63,10.0,2057.0,,5.0,10.0,0.0,low
stu_01773,class_019,52.21,17.24,40.73,45.15,38.16,34.76,38.43,4.0,444.0,2.0,1.0,10.0,1.0,medium
stu_01774,class_030,74.71,87.7,74.29,77.43,80.44,79.17,21.8,10.0,1955.0,8.0,3.0,5.0,3.0,low
stu_01775,class_011,50.1,37.36,9.55,0.0,28.14,5.8,53.99,1.0,589.0,3.0,1.0,0.0,4.0,high
stu_01776,class_025,19.85,28.25,22.29,5.63,18.68,25.97,47.94,0.0,387.0,2.0,0.0,0.0,7.0,high
stu_01777,class_030,23.54,22.34,31.43,38.17,28.81,56.82,78.52,0.0,475.0,2.0,0.0,0.0,3.0,high
stu_01778,class_002,70.31,80.13,81.76,80.81,71.79,49.36,62.05,10.0,1661.0,7.0,4.0,22.0,3.0,medium
stu_01779,class_029,22.87,31.53,84.48,76.26,53.45,90.55,25.26,18.0,1949.0,8.0,4.0,15.0,2.0,low
stu_01780,class_037,47.85,59.76,62.53,67.49,46.38,37.95,89.72,1.0,1127.0,5.0,1.0,1.0,6.0,high
stu_01781,class_003,27.33,48.56,64.64,70.01,46.39,59.54,36.2,5.0,1048.0,5.0,1.0,5.0,3.0,high
stu_01782,class_027,81.18,88.46,100.0,91.77,88.62,88.97,34.11,8.0,1940.0,8.0,4.0,6.0,0.0,low
stu_01783,class_038,76.74,80.3,92.96,93.01,84.62,75.54,,16.0,1986.0,8.0,5.0,18.0,0.0,low
stu_01784,class_007,96.27,84.89,74.35,72.07,87.71,72.77,43.45,10.0,1914.0,8.0,3.0,18.0,1.0,low
stu_01785,class_037,85.72,100.0,80.41,84.78,87.7,96.09,20.65,10.0,2106.0,9.0,5.0,8.0,0.0,low
stu_01786,class_028,64.65,97.02,92.83,100.0,84.71,79.75,24.97,14.0,2315.0,10.0,4.0,17.0,1.0,low
stu_01787,class_018,49.36,20.03,26.31,14.89,35.89,43.92,127.24,0.0,547.0,3.0,0.0,2.0,4.0,high
stu_01788,class_008,98.28,71.58,89.97,89.19,92.92,98.5,26.75,15.0,1679.0,7.0,5.0,19.0,0.0,low
stu_01789,class_004,69.74,46.79,34.69,40.5,52.83,69.65,42.4,4.0,879.0,4.0,1.0,5.0,3.0,medium
stu_01790,class_019,61.43,32.09,56.35,62.25,49.14,62.32,46.04,5.0,611.0,3.0,0.0,3.0,0.0,medium
stu_01791,class_032,61.72,66.75,65.15,64.51,67.72,97.45,34.56,9.0,1361.0,6.0,3.0,18.0,0.0,medium
stu_01792,class_033,14.62,41.67,39.0,47.85,32.95,40.15,31.34,1.0,819.0,4.0,1.0,0.0,4.0,high
stu_01793,class_023,86.74,92.94,73.88,61.81,86.59,83.1,20.91,14.0,2123.0,9.0,5.0,4.0,0.0,low
stu_01794,class_036,58.0,25.52,52.53,44.32,47.31,54.15,73.8,3.0,452.0,2.0,1.0,5.0,5.0,high
stu_01795,class_019,47.59,56.69,46.57,37.75,53.44,8.88,45.22,8.0,1455.0,6.0,3.0,19.0,3.0,medium
stu_01796,class_024,84.76,71.95,72.88,75.25,78.73,85.7,32.29,13.0,1756.0,8.0,3.0,19.0,0.0,low
stu_01797,class_005,82.43,71.54,73.2,67.48,74.73,75.85,21.93,8.0,1540.0,7.0,4.0,13.0,1.0,low
stu_01798,class_030,70.57,24.62,52.52,56.32,56.13,52.67,35.88,8.0,656.0,3.0,1.0,12.0,3.0,medium
stu_01799,class_031,87.0,77.27,92.34,96.16,82.56,85.77,27.89,5.0,1706.0,7.0,5.0,7.0,0.0,low
stu_01800,class_033,77.07,45.18,61.72,60.08,61.5,40.51,17.14,10.0,1100.0,5.0,1.0,12.0,1.0,medium
stu_01801,class_037,90.42,92.45,90.88,,83.94,69.0,14.75,7.0,1860.0,8.0,4.0,8.0,0.0,low
stu_01802,class_010,25.22,40.64,36.35,39.87,29.48,30.24,44.6,1.0,902.0,4.0,2.0,3.0,4.0,high
stu_01803,class_008,100.0,97.97,79.19,87.19,91.43,89.34,17.01,10.0,2055.0,9.0,4.0,14.0,0.0,low
stu_01804,class_031,61.41,73.32,25.87,30.71,56.69,47.12,16.55,1.0,1431.0,6.0,2.0,0.0,1.0,medium
stu_01805,class_012,75.11,66.41,84.46,81.41,74.32,76.71,26.2,11.0,1374.0,6.0,4.0,16.0,1.0,low
stu_01806,class_026,71.96,82.29,90.2,77.9,71.77,40.78,18.12,0.0,1895.0,,3.0,0.0,1.0,low
stu_01807,class_002,86.65,91.98,58.25,62.89,78.14,61.33,12.85,9.0,957.0,4.0,1.0,12.0,5.0,medium
stu_01808,class_031,77.03,99.71,70.05,67.24,79.02,66.29,26.54,9.0,2104.0,9.0,3.0,14.0,1.0,low
stu_01809,class_025,54.43,32.7,47.06,47.59,42.67,39.73,40.36,0.0,540.0,3.0,0.0,0.0,4.0,high
stu_01810,class_020,86.75,84.61,83.27,87.08,80.04,68.54,15.89,5.0,1683.0,7.0,5.0,6.0,0.0,low
stu_01811,class_011,23.03,43.86,60.05,81.68,33.83,43.97,60.54,1.0,923.0,4.0,1.0,1.0,3.0,high
stu_01812,class_033,100.0,90.09,81.16,89.33,85.46,57.69,20.99,14.0,1935.0,8.0,5.0,15.0,1.0,low
stu_01813,class_035,42.39,44.79,89.69,85.13,57.25,,69.75,3.0,199.0,1.0,0.0,4.0,2.0,high
stu_01814,class_023,87.05,62.39,75.31,81.22,70.09,43.85,29.88,0.0,1284.0,6.0,2.0,0.0,1.0,low
stu_01815,class_031,83.4,81.14,80.43,77.02,82.02,59.54,29.29,11.0,1789.0,8.0,5.0,11.0,0.0,low
stu_01816,class_024,42.79,44.28,65.42,48.09,52.27,68.42,30.94,5.0,941.0,4.0,1.0,3.0,1.0,medium
stu_01817,class_027,0.0,17.47,33.41,20.99,18.75,60.25,,0.0,358.0,2.0,0.0,2.0,4.0,high
stu_01818,class_017,46.94,32.97,79.77,83.08,54.77,82.37,58.87,2.0,692.0,3.0,1.0,5.0,1.0,medium
stu_01819,class_038,95.97,89.56,,88.02,86.57,69.94,29.87,9.0,1833.0,8.0,4.0,9.0,0.0,low
stu_01820,class_006,33.33,29.45,54.37,50.58,41.44,70.83,43.14,4.0,657.0,3.0,1.0,5.0,2.0,medium
stu_01821,class_013,85.27,80.04,98.05,92.08,83.44,69.44,36.41,14.0,1718.0,7.0,4.0,10.0,0.0,low
stu_01822,class_004,87.07,73.59,51.24,52.39,68.01,27.35,68.1,3.0,291.0,2.0,0.0,,4.0,high
stu_01823,class_001,69.16,42.43,45.58,44.62,50.15,50.86,17.77,1.0,766.0,4.0,2.0,0.0,3.0,medium
stu_01824,class_019,54.55,76.24,82.67,83.6,74.82,74.06,54.16,10.0,1693.0,7.0,4.0,13.0,0.0,medium
stu_01825,class_038,87.34,80.02,84.85,87.6,85.51,88.04,38.58,17.0,1699.0,7.0,5.0,25.0,2.0,low
stu_01826,class_016,24.18,40.36,35.75,35.71,36.09,36.83,35.94,4.0,685.0,3.0,2.0,1.0,2.0,high
stu_01827,class_025,0.0,52.65,70.83,69.21,35.28,22.64,54.32,1.0,974.0,4.0,1.0,3.0,4.0,high
stu_01828,class_020,71.19,62.68,84.32,85.37,72.61,69.1,19.19,10.0,1246.0,5.0,2.0,15.0,0.0,low
stu_01829,class_010,85.15,80.28,70.7,82.23,79.33,88.22,23.54,10.0,1856.0,8.0,3.0,17.0,1.0,low
stu_01830,class_029,52.57,25.18,21.66,11.06,34.19,39.24,36.58,4.0,509.0,3.0,0.0,3.0,4.0,high
stu_01831,class_009,36.88,21.88,29.97,24.81,33.75,31.44,77.95,4.0,412.0,2.0,0.0,2.0,2.0,high
stu_01832,class_026,60.34,45.07,46.21,51.11,53.24,53.94,30.18,10.0,904.0,4.0,0.0,11.0,3.0,medium
stu_01833,class_040,49.6,28.44,58.29,66.34,42.46,45.63,22.53,1.0,551.0,3.0,1.0,3.0,2.0,high
stu_01834,class_028,80.17,91.16,73.17,73.37,80.44,77.95,19.57,5.0,1781.0,8.0,3.0,7.0,0.0,low
stu_01835,class_011,6.12,33.91,43.99,35.02,27.77,42.24,121.6,4.0,739.0,3.0,1.0,1.0,3.0,high
stu_01836,class_001,30.63,63.32,11.25,6.66,34.88,45.08,48.07,1.0,1138.0,5.0,1.0,1.0,1.0,high
stu_01837,class_021,83.35,62.59,89.81,97.86,79.13,,43.23,8.0,1080.0,5.0,3.0,14.0,1.0,low
stu_01838,class_001,6.4,24.89,43.73,50.34,25.94,35.3,52.38,0.0,491.0,2.0,1.0,0.0,2.0,high
stu_01839,class_035,93.89,70.63,83.67,87.91,86.48,80.23,20.77,15.0,1623.0,7.0,5.0,19.0,1.0,low
stu_01840,class_036,73.91,72.16,85.39,90.0,78.65,90.16,17.2,15.0,1634.0,7.0,3.0,14.0,0.0,low
stu_01841,class_032,43.97,45.68,49.6,56.24,44.19,26.03,82.53,0.0,664.0,3.0,1.0,0.0,3.0,high
stu_01842,class_010,57.17,27.07,43.64,70.3,46.63,59.5,25.72,8.0,3457.0,13.0,10.0,26.0,5.0,medium
stu_01843,class_008,40.9,84.36,82.73,77.7,64.36,23.76,59.56,10.0,1572.0,7.0,3.0,9.0,3.0,medium
stu_01844,class_023,5.96,31.13,65.35,69.02,28.94,26.88,129.0,2.0,753.0,4.0,1.0,2.0,4.0,high
stu_01845,class_008,40.87,53.91,47.65,47.61,36.64,,54.42,0.0,996.0,4.0,1.0,1.0,5.0,high
stu_01846,class_024,47.91,56.02,38.76,35.08,43.13,36.48,67.79,0.0,818.0,4.0,1.0,0.0,6.0,high
stu_01847,class_006,83.99,83.43,100.0,100.0,88.8,76.89,25.17,13.0,1856.0,8.0,4.0,6.0,0.0,low
stu_01848,class_036,5.87,56.05,72.66,72.59,46.33,71.97,30.4,15.0,1896.0,8.0,5.0,15.0,1.0,low
stu_01849,class_024,57.88,61.59,76.1,66.91,58.09,32.71,44.94,5.0,1224.0,5.0,2.0,,5.0,medium
stu_01850,class_013,90.76,73.07,74.52,70.11,84.45,69.54,39.47,7.0,1455.0,6.0,3.0,9.0,0.0,low
stu_01851,class_011,19.45,36.74,47.8,44.22,32.79,35.47,129.28,,629.0,3.0,0.0,2.0,4.0,high
stu_01852,class_017,59.08,69.88,67.51,70.59,67.13,76.18,30.38,2.0,1359.0,6.0,2.0,0.0,2.0,medium
stu_01853,class_028,76.58,51.29,85.35,96.17,71.07,44.44,47.32,1.0,1158.0,5.0,2.0,2.0,3.0,medium
stu_01854,class_027,,38.69,37.97,34.5,59.44,58.04,26.31,1.0,848.0,4.0,3.0,3.0,3.0,medium
stu_01855,class_035,55.56,41.11,65.88,37.14,55.94,63.82,49.38,7.0,977.0,4.0,1.0,9.0,0.0,medium
stu_01856,class_025,83.74,66.31,83.0,84.6,82.24,66.62,23.2,12.0,1455.0,6.0,4.0,16.0,1.0,low
stu_01857,class_010,79.66,67.56,41.36,41.18,62.05,75.92,35.54,3.0,1232.0,5.0,1.0,6.0,3.0,medium
stu_01858,class_037,51.17,20.8,54.45,58.96,44.61,44.99,62.34,2.0,296.0,2.0,0.0,2.0,0.0,medium
stu_01859,class_007,72.13,63.27,76.01,81.38,73.36,93.62,18.87,10.0,1316.0,6.0,2.0,16.0,1.0,low
stu_01860,class_004,37.91,20.46,16.03,28.25,21.3,23.6,101.73,0.0,279.0,2.0,0.0,0.0,2.0,high
stu_01861,class_013,100.0,76.89,92.55,94.88,92.32,50.47,18.34,14.0,1764.0,8.0,4.0,9.0,0.0,low
stu_01862,class_026,89.24,80.21,85.08,86.24,87.36,100.0,20.17,17.0,1677.0,7.0,4.0,12.0,0.0,low
stu_01863,class_017,91.98,75.58,32.46,28.89,71.6,53.25,78.57,5.0,1165.0,5.0,2.0,5.0,4.0,medium
stu_01864,class_015,88.71,61.83,92.82,84.26,69.05,21.26,30.89,0.0,1291.0,6.0,3.0,0.0,1.0,low
stu_01865,class_040,87.06,80.7,83.67,91.23,77.43,37.88,23.08,0.0,1602.0,7.0,4.0,0.0,0.0,low
stu_01866,class_034,47.19,56.64,63.9,45.04,53.85,50.58,42.47,10.0,1672.0,7.0,3.0,14.0,1.0,medium
stu_01867,class_017,77.87,88.72,80.55,97.12,78.99,64.25,10.07,10.0,1928.0,8.0,4.0,15.0,0.0,low
stu_01868,class_005,81.28,60.4,85.64,77.65,75.35,100.0,21.29,7.0,1156.0,5.0,3.0,6.0,0.0,low
stu_01869,class_035,88.44,72.5,91.76,100.0,82.5,79.93,34.5,15.0,1801.0,8.0,5.0,0.0,0.0,low
stu_01870,class_016,84.17,78.81,88.06,87.24,74.7,74.25,22.73,6.0,1434.0,6.0,5.0,5.0,0.0,low
stu_01871,class_038,83.08,63.52,26.49,26.2,64.68,94.99,15.73,6.0,1773.0,8.0,5.0,6.0,5.0,low
stu_01872,class_023,74.91,93.86,71.7,76.04,80.6,66.09,33.54,9.0,1968.0,8.0,3.0,6.0,0.0,low
stu_01873,class_011,2.88,38.41,29.43,21.84,24.15,44.91,89.3,2.0,789.0,4.0,1.0,2.0,4.0,high
stu_01874,class_010,97.56,86.41,75.34,63.0,86.65,93.05,21.51,16.0,2031.0,9.0,4.0,,0.0,low
stu_01875,class_017,94.52,90.77,79.62,77.29,87.53,50.3,32.35,14.0,1945.0,8.0,3.0,17.0,1.0,low
stu_01876,class_021,80.15,64.05,30.49,13.38,62.64,73.64,17.7,7.0,1070.0,5.0,4.0,5.0,5.0,low
stu_01877,class_007,84.03,100.0,79.27,87.69,89.58,87.5,26.28,11.0,2308.0,10.0,5.0,20.0,1.0,low
stu_01878,class_016,46.41,35.56,23.44,45.12,41.45,77.51,39.52,1.0,2999.0,11.0,7.0,19.0,5.0,medium
stu_01879,class_007,87.06,83.74,87.02,88.38,89.9,66.65,25.34,11.0,0.0,7.0,4.0,,0.0,low
stu_01880,class_021,77.41,70.64,51.55,55.88,65.16,68.94,42.64,10.0,1455.0,6.0,2.0,8.0,0.0,medium
stu_01881,class_026,64.9,76.24,67.77,61.63,68.98,71.1,20.62,15.0,1556.0,7.0,2.0,19.0,0.0,low
stu_01882,class_026,90.06,86.6,84.55,83.54,79.71,18.67,24.44,0.0,1769.0,8.0,4.0,0.0,0.0,low
stu_01883,class_021,93.37,82.19,26.28,22.59,64.63,22.08,48.83,4.0,1122.0,5.0,1.0,1.0,5.0,high
stu_01884,class_032,89.94,96.18,86.28,79.97,91.34,71.46,22.86,10.0,1966.0,8.0,5.0,11.0,0.0,low
stu_01885,class_036,41.75,9.39,24.64,12.04,27.47,47.17,66.41,0.0,179.0,1.0,0.0,0.0,3.0,high
stu_01886,class_012,68.54,56.36,57.14,51.95,60.34,54.9,29.56,2.0,1083.0,5.0,1.0,3.0,0.0,medium
stu_01887,class_011,48.89,71.41,30.75,17.58,46.84,29.45,26.0,2.0,1187.0,5.0,1.0,2.0,2.0,medium
stu_01888,class_018,88.48,43.9,63.73,56.61,66.43,66.76,21.27,4.0,973.0,4.0,2.0,11.0,0.0,medium
stu_01889,class_024,31.62,44.29,54.28,49.76,44.7,34.01,63.03,5.0,890.0,4.0,1.0,9.0,3.0,high
stu_01890,class_026,41.18,33.58,60.19,57.41,48.55,27.11,32.27,1.0,463.0,2.0,0.0,0.0,6.0,high
stu_01891,class_026,93.25,98.56,75.28,64.82,85.44,88.89,17.57,5.0,1968.0,8.0,4.0,4.0,0.0,low
stu_01892,class_008,81.31,81.97,54.64,58.09,74.78,80.46,57.66,8.0,1701.0,7.0,3.0,8.0,2.0,medium
stu_01893,class_033,66.6,40.12,74.96,69.37,53.17,44.1,30.27,2.0,993.0,4.0,1.0,0.0,1.0,medium
stu_01894,class_026,73.02,21.07,52.82,34.91,54.52,59.17,56.47,8.0,668.0,,1.0,14.0,1.0,medium
stu_01895,class_009,89.35,64.62,35.99,33.5,70.56,92.13,32.88,16.0,1616.0,7.0,4.0,28.0,4.0,low
stu_01896,class_037,88.58,80.85,74.0,53.77,78.59,65.93,47.13,5.0,1697.0,7.0,4.0,9.0,0.0,low
stu_01897,class_017,46.82,99.56,43.53,53.1,59.5,67.58,59.15,3.0,1783.0,8.0,2.0,4.0,1.0,medium
stu_01898,class_033,79.55,53.33,49.8,58.35,58.21,51.04,21.85,5.0,1066.0,5.0,1.0,8.0,1.0,medium
stu_01899,class_002,63.06,76.3,80.25,77.62,72.63,81.13,42.65,8.0,1705.0,7.0,3.0,16.0,0.0,medium
stu_01900,class_026,75.96,88.41,81.15,87.62,84.93,100.0,23.04,13.0,1800.0,8.0,3.0,16.0,0.0,low
stu_01901,class_026,36.48,15.16,58.47,66.31,42.03,55.16,52.21,1.0,256.0,2.0,1.0,2.0,3.0,high
stu_01902,class_008,15.0,76.86,62.92,73.65,45.89,46.85,128.38,4.0,1589.0,7.0,2.0,3.0,1.0,medium
stu_01903,class_009,86.0,58.47,88.39,89.86,76.33,76.66,34.25,6.0,1089.0,5.0,4.0,5.0,0.0,low
stu_01904,class_009,60.92,68.15,50.66,53.68,56.3,58.83,23.66,6.0,1272.0,6.0,1.0,9.0,2.0,medium
stu_01905,class_026,96.65,59.68,95.02,83.71,83.53,81.58,72.27,16.0,1413.0,6.0,4.0,17.0,1.0,low
stu_01906,class_016,60.92,55.28,44.89,50.38,58.26,38.72,17.63,8.0,1325.0,6.0,2.0,10.0,2.0,medium
stu_01907,class_021,22.8,40.88,38.03,28.38,36.1,44.2,103.98,2.0,846.0,4.0,2.0,3.0,4.0,high
stu_01908,class_034,67.39,60.4,67.93,80.26,63.86,75.12,37.13,3.0,1437.0,6.0,2.0,3.0,1.0,medium
stu_01909,class_001,43.61,69.71,,86.09,60.22,42.56,29.56,2.0,1200.0,5.0,2.0,,0.0,medium
stu_01910,class_005,88.17,63.57,79.32,76.8,82.62,80.64,19.46,14.0,1528.0,7.0,3.0,14.0,0.0,low
stu_01911,class_001,91.83,71.05,37.44,45.92,64.85,45.72,39.39,3.0,1358.0,6.0,4.0,4.0,4.0,medium
stu_01912,class_029,96.38,75.12,49.57,53.86,76.59,76.38,20.29,13.0,1611.0,7.0,0.0,20.0,6.0,low
stu_01913,class_039,93.31,73.78,78.89,91.54,83.19,82.83,15.54,18.0,1961.0,8.0,4.0,0.0,0.0,low
stu_01914,class_031,88.06,77.99,78.84,86.92,89.18,100.0,21.68,9.0,1917.0,,4.0,13.0,0.0,low
stu_01915,class_019,44.24,36.99,28.22,27.67,33.81,30.63,17.51,0.0,643.0,3.0,0.0,0.0,2.0,high
stu_01916,class_002,71.19,47.6,33.98,29.48,59.02,58.43,40.93,10.0,1203.0,5.0,1.0,13.0,2.0,medium
stu_01917,class_014,74.78,88.2,76.57,100.0,82.75,99.84,28.21,18.0,2212.0,9.0,3.0,11.0,0.0,low
stu_01918,class_023,100.0,82.45,92.98,90.75,95.47,98.42,27.26,8.0,1845.0,8.0,4.0,9.0,0.0,low
stu_01919,class_024,92.75,92.04,80.26,65.58,83.63,71.74,32.51,9.0,2088.0,9.0,5.0,16.0,0.0,low
stu_01920,class_004,52.35,46.83,40.28,42.19,49.14,32.63,42.63,9.0,997.0,4.0,1.0,9.0,2.0,medium
stu_01921,class_002,22.7,44.21,31.59,28.51,32.27,38.0,44.17,5.0,672.0,3.0,2.0,7.0,6.0,high
stu_01922,class_031,40.31,25.35,30.62,33.11,29.08,0.0,53.22,3.0,534.0,3.0,1.0,6.0,6.0,high
stu_01923,class_032,83.46,100.0,68.29,61.86,85.73,84.57,21.21,17.0,2111.0,9.0,4.0,29.0,0.0,low
stu_01924,class_020,76.03,73.18,52.88,57.05,71.0,88.57,11.68,5.0,1401.0,6.0,2.0,8.0,2.0,medium
stu_01925,class_016,91.3,52.07,61.51,54.4,68.94,47.69,81.01,8.0,1276.0,6.0,2.0,12.0,2.0,medium
stu_01926,class_012,86.54,88.29,83.88,84.35,87.39,100.0,25.18,7.0,1844.0,8.0,5.0,8.0,0.0,low
stu_01927,class_035,33.36,11.05,20.77,17.89,26.17,29.16,33.32,3.0,414.0,2.0,1.0,5.0,3.0,high
stu_01928,class_032,69.31,98.46,86.49,82.43,80.78,100.0,45.73,8.0,2222.0,9.0,4.0,10.0,0.0,low
stu_01929,class_014,8.8,7.57,20.3,10.29,8.52,4.06,105.48,4.0,262.0,2.0,0.0,0.0,5.0,high
stu_01930,class_023,27.42,6.31,2.63,0.0,15.06,40.53,99.77,0.0,192.0,1.0,0.0,0.0,3.0,high
stu_01931,class_035,38.92,74.58,87.35,81.44,68.23,74.97,17.06,,1572.0,7.0,4.0,9.0,0.0,medium
stu_01932,class_029,20.71,42.76,46.4,33.51,35.89,28.6,15.68,1.0,664.0,3.0,1.0,4.0,1.0,high
stu_01933,class_027,32.22,58.71,25.72,24.18,39.18,40.06,29.14,4.0,1262.0,6.0,1.0,8.0,5.0,high
stu_01934,class_014,31.19,33.44,24.86,26.98,31.25,15.76,60.95,2.0,430.0,2.0,0.0,5.0,4.0,high
stu_01935,class_019,84.46,81.12,84.5,70.92,82.82,68.35,21.88,7.0,1637.0,7.0,5.0,6.0,0.0,low
stu_01936,class_040,73.09,76.97,88.83,88.71,73.76,25.98,20.6,0.0,1730.0,7.0,3.0,0.0,1.0,low
stu_01937,class_035,16.69,29.89,51.45,36.54,24.36,21.34,32.51,0.0,304.0,2.0,1.0,0.0,4.0,high
stu_01938,class_018,65.3,35.39,47.86,50.25,50.58,56.39,38.67,0.0,590.0,3.0,1.0,0.0,4.0,high
stu_01939,class_015,90.84,68.98,36.06,30.84,66.07,27.85,18.11,5.0,1353.0,6.0,3.0,5.0,3.0,medium
stu_01940,class_022,81.2,79.7,81.49,77.27,79.2,79.63,33.86,6.0,1350.0,6.0,4.0,10.0,1.0,low
stu_01941,class_035,73.12,38.14,76.71,59.12,62.96,19.11,43.77,5.0,0.0,3.0,1.0,12.0,2.0,high
stu_01942,class_014,75.22,70.99,82.35,84.94,77.18,90.37,19.95,12.0,1693.0,7.0,3.0,15.0,0.0,low
stu_01943,class_005,78.23,79.63,96.34,82.66,79.68,74.9,27.71,13.0,1795.0,8.0,3.0,20.0,0.0,low
stu_01944,class_029,55.79,53.46,69.84,90.04,54.34,48.51,20.94,1.0,963.0,4.0,1.0,0.0,4.0,medium
stu_01945,class_001,56.54,80.51,73.79,77.7,63.77,40.44,40.75,4.0,1629.0,7.0,2.0,6.0,2.0,medium
stu_01946,class_036,85.83,10.0,69.55,76.47,58.75,84.09,45.08,4.0,371.0,2.0,2.0,5.0,2.0,medium
stu_01947,class_032,59.75,92.95,75.24,68.11,73.94,87.4,19.25,7.0,1791.0,8.0,3.0,6.0,0.0,low
stu_01948,class_021,87.65,77.65,91.89,86.16,87.1,82.76,23.1,7.0,1741.0,7.0,5.0,9.0,1.0,low
stu_01949,class_003,91.83,65.97,74.69,76.73,65.85,18.25,24.11,0.0,1528.0,7.0,3.0,0.0,0.0,low
stu_01950,class_016,61.59,84.31,61.26,66.6,64.17,49.19,36.72,9.0,1743.0,7.0,2.0,8.0,1.0,medium
stu_01951,class_017,69.75,68.81,67.62,69.05,71.69,88.38,27.97,10.0,1312.0,6.0,2.0,20.0,3.0,medium
stu_01952,class_039,67.89,44.58,44.22,37.13,57.13,51.55,51.16,10.0,1195.0,5.0,2.0,19.0,3.0,medium
stu_01953,class_029,74.73,63.37,67.36,65.43,68.99,68.43,48.22,2.0,1253.0,6.0,2.0,0.0,0.0,medium
stu_01954,class_011,75.0,83.79,82.65,82.92,77.78,74.41,23.33,8.0,1758.0,8.0,4.0,6.0,1.0,low
stu_01955,class_033,84.72,83.31,76.98,71.65,83.63,84.09,23.28,16.0,1971.0,8.0,5.0,24.0,0.0,low
stu_01956,class_029,82.57,100.0,70.48,70.09,74.62,27.16,34.58,0.0,2054.0,9.0,4.0,0.0,0.0,low
stu_01957,class_018,84.58,77.4,84.85,71.29,85.0,81.32,14.84,17.0,1957.0,8.0,5.0,21.0,0.0,low
stu_01958,class_012,89.1,88.1,92.33,91.58,88.35,60.41,19.12,8.0,1976.0,8.0,5.0,8.0,1.0,low
stu_01959,class_025,64.06,91.47,97.26,95.08,70.11,53.7,69.14,3.0,1599.0,7.0,3.0,4.0,1.0,medium
stu_01960,class_026,71.29,70.98,53.63,64.03,63.43,49.55,30.01,10.0,1341.0,6.0,2.0,19.0,3.0,medium
stu_01961,class_021,79.76,83.94,79.39,61.57,81.45,58.02,22.67,18.0,2210.0,9.0,3.0,28.0,0.0,low
stu_01962,class_018,79.94,69.96,75.9,67.49,75.12,84.39,13.85,6.0,1467.0,6.0,3.0,6.0,0.0,low
stu_01963,class_020,21.53,25.84,49.12,47.13,39.87,84.0,24.58,8.0,753.0,4.0,1.0,10.0,3.0,medium
stu_01964,class_021,8.84,32.9,19.2,0.0,19.57,8.65,104.38,5.0,716.0,3.0,1.0,6.0,1.0,high
stu_01965,class_001,91.05,72.46,80.52,86.11,83.76,85.75,30.3,6.0,1520.0,7.0,4.0,2.0,1.0,low
stu_01966,class_028,87.61,48.26,55.68,65.13,66.32,52.33,18.08,0.0,800.0,4.0,3.0,0.0,2.0,medium
stu_01967,class_001,26.97,5.0,89.09,91.48,31.79,34.07,71.49,0.0,256.0,2.0,1.0,0.0,1.0,high
stu_01968,class_038,76.86,66.72,98.28,93.05,80.81,85.62,30.94,15.0,1603.0,7.0,3.0,29.0,0.0,low
stu_01969,class_028,96.18,80.79,80.45,76.51,86.0,64.41,23.47,12.0,1768.0,8.0,4.0,14.0,0.0,low
stu_01970,class_006,82.82,89.18,96.04,96.19,93.61,,16.83,15.0,2126.0,9.0,5.0,16.0,0.0,low
stu_01971,class_008,49.5,82.29,75.93,80.21,64.09,40.33,15.2,4.0,1512.0,7.0,3.0,0.0,3.0,medium
stu_01972,class_004,88.89,88.4,78.08,,86.68,50.56,16.12,14.0,2007.0,9.0,4.0,0.0,0.0,low
stu_01973,class_015,80.24,87.11,96.07,95.89,90.54,82.51,29.42,10.0,1967.0,8.0,5.0,7.0,0.0,low
stu_01974,class_014,33.23,53.03,46.37,42.27,40.58,21.47,43.19,3.0,1082.0,5.0,1.0,6.0,5.0,high
stu_01975,class_010,92.34,81.45,91.88,100.0,86.15,80.97,22.35,15.0,1753.0,8.0,5.0,16.0,0.0,low
stu_01976,class_007,72.21,68.13,84.69,91.64,78.86,81.67,24.93,8.0,1380.0,6.0,3.0,13.0,1.0,low
stu_01977,class_002,8.4,12.06,30.39,39.25,22.02,50.48,48.71,4.0,413.0,2.0,0.0,4.0,4.0,high
stu_01978,class_037,25.86,16.15,45.5,37.43,32.62,52.36,89.58,0.0,272.0,2.0,0.0,0.0,4.0,high
stu_01979,class_016,62.26,67.89,48.06,50.65,57.06,50.23,30.25,0.0,1336.0,6.0,2.0,0.0,1.0,medium
stu_01980,class_036,90.73,95.02,82.71,71.32,91.28,94.36,25.32,18.0,2404.0,10.0,5.0,16.0,0.0,low
stu_01981,class_037,53.92,54.17,67.89,68.34,56.73,84.91,25.15,2.0,815.0,4.0,1.0,4.0,2.0,medium
stu_01982,class_006,96.07,80.85,80.33,86.51,85.94,67.31,17.49,9.0,1756.0,8.0,4.0,16.0,0.0,low
stu_01983,class_002,93.61,71.01,75.3,69.34,77.01,55.55,20.33,0.0,1655.0,7.0,4.0,0.0,0.0,low
stu_01984,class_036,88.99,95.85,92.75,88.53,88.96,72.33,14.21,6.0,1970.0,8.0,5.0,7.0,0.0,low
stu_01985,class_018,89.94,67.38,89.73,87.2,81.48,80.53,19.35,7.0,1277.0,6.0,3.0,14.0,0.0,low
stu_01986,class_040,72.93,94.28,59.85,53.23,69.25,37.82,31.55,9.0,1962.0,8.0,3.0,17.0,1.0,medium
stu_01987,class_022,47.58,91.0,62.71,70.44,64.65,21.01,17.97,4.0,1729.0,7.0,0.0,2.0,0.0,medium
stu_01988,class_001,100.0,76.11,60.07,64.96,76.7,30.11,45.23,6.0,1641.0,7.0,3.0,4.0,3.0,medium
stu_01989,class_040,80.52,94.8,72.14,81.19,90.68,85.23,13.62,16.0,2183.0,9.0,5.0,25.0,0.0,low
stu_01990,class_030,86.31,88.46,68.32,59.2,73.76,32.71,18.18,0.0,1845.0,8.0,3.0,0.0,1.0,low
stu_01991,class_017,94.87,57.36,,86.52,82.51,84.88,21.15,18.0,1413.0,6.0,4.0,16.0,0.0,low
stu_01992,class_022,28.95,89.88,29.88,42.92,49.65,87.31,39.25,10.0,1902.0,8.0,2.0,14.0,2.0,medium
stu_01993,class_020,68.42,53.94,32.58,23.29,48.03,29.25,117.29,2.0,1165.0,5.0,1.0,0.0,1.0,high
stu_01994,class_014,33.14,76.42,78.79,74.17,58.93,80.88,33.37,0.0,1385.0,6.0,2.0,8.0,2.0,low
stu_01995,class_034,40.87,66.31,36.75,37.87,45.46,67.17,28.64,4.0,1231.0,5.0,1.0,4.0,1.0,medium
stu_01996,class_031,89.4,100.0,80.37,78.35,90.96,94.12,16.03,16.0,2008.0,9.0,5.0,21.0,1.0,low
stu_01997,class_009,78.16,83.29,79.19,89.57,81.59,80.27,20.75,9.0,1568.0,7.0,2.0,7.0,0.0,low
stu_01998,class_001,55.0,54.08,89.07,75.61,70.46,67.32,20.87,14.0,1945.0,8.0,4.0,15.0,0.0,low
stu_01999,class_035,91.72,100.0,100.0,86.74,96.46,93.67,20.13,10.0,2117.0,9.0,6.0,3.0,1.0,low
stu_02000,class_040,56.62,41.81,47.94,64.93,48.79,39.09,46.44,9.0,2995.0,11.0,12.0,30.0,5.0,medium
stu_02001,class_008,82.08,83.38,95.76,75.59,85.35,95.32,18.64,7.0,1851.0,8.0,4.0,15.0,0.0,low
stu_02002,class_027,75.88,63.92,95.45,87.28,76.9,84.89,80.87,9.0,1185.0,5.0,3.0,15.0,0.0,low
stu_02003,class_039,79.26,88.91,66.72,65.97,76.25,59.25,35.68,7.0,1657.0,7.0,2.0,11.0,2.0,medium
stu_02004,class_025,57.6,49.12,63.16,57.85,58.74,73.69,24.91,10.0,1086.0,5.0,1.0,10.0,1.0,medium
stu_02005,class_031,89.22,88.19,83.92,81.65,86.83,92.01,18.37,18.0,2063.0,9.0,6.0,23.0,0.0,low
stu_02006,class_037,85.53,76.96,89.96,96.45,83.46,91.03,27.77,13.0,1917.0,8.0,4.0,25.0,1.0,low
stu_02007,class_022,51.38,,44.36,39.25,50.39,56.54,31.87,,1077.0,5.0,1.0,1.0,0.0,medium
stu_02008,class_006,37.13,35.09,41.22,66.76,39.97,65.24,34.17,7.0,6073.0,24.0,6.0,13.0,4.0,medium
stu_02009,class_017,34.88,29.98,46.95,51.76,32.05,24.39,34.7,0.0,512.0,3.0,1.0,0.0,1.0,medium
stu_02010,class_023,19.46,46.31,32.49,25.75,33.04,30.35,117.19,3.0,942.0,4.0,2.0,5.0,5.0,high
stu_02011,class_030,48.73,26.81,74.57,32.34,48.4,45.56,18.15,1.0,6165.0,24.0,11.0,27.0,5.0,medium
stu_02012,class_024,56.06,54.25,77.71,68.43,59.75,26.62,55.08,9.0,1200.0,5.0,1.0,10.0,1.0,medium
stu_02013,class_034,64.43,56.32,39.26,53.83,51.11,62.43,62.84,4.0,6063.0,24.0,8.0,19.0,3.0,medium
stu_02014,class_020,86.46,78.84,83.62,89.02,82.55,81.68,23.28,15.0,1804.0,8.0,5.0,23.0,0.0,low
stu_02015,class_006,44.75,32.29,71.37,77.25,52.71,53.33,52.33,6.0,616.0,3.0,0.0,11.0,1.0,medium
stu_02016,class_025,92.87,87.18,78.58,88.66,85.53,79.7,43.86,17.0,2006.0,9.0,5.0,24.0,1.0,low
stu_02017,class_027,91.91,87.92,85.31,74.29,86.26,95.63,21.03,15.0,2051.0,9.0,5.0,17.0,1.0,low
stu_02018,class_015,56.0,38.54,56.91,56.13,51.9,59.17,22.11,6.0,779.0,4.0,1.0,9.0,1.0,medium
stu_02019,class_018,76.47,90.47,83.62,85.24,84.3,85.66,19.37,5.0,1966.0,8.0,4.0,7.0,0.0,low
stu_02020,class_034,100.0,90.2,93.66,81.9,88.63,41.03,12.47,0.0,1869.0,8.0,5.0,0.0,0.0,low
stu_02021,class_004,88.71,85.39,96.1,100.0,89.05,86.85,24.45,17.0,2087.0,9.0,5.0,22.0,0.0,low
stu_02022,class_009,92.15,84.1,82.17,72.37,83.13,69.36,17.29,12.0,1977.0,8.0,6.0,17.0,0.0,low
stu_02023,class_014,55.09,25.58,12.48,15.89,29.49,43.65,37.1,3.0,430.0,2.0,1.0,10.0,4.0,high
stu_02024,class_040,85.58,50.11,60.1,55.04,65.86,52.37,31.43,8.0,1230.0,5.0,3.0,8.0,3.0,medium
stu_02025,class_034,87.6,70.13,78.87,72.38,82.28,64.28,28.65,14.0,1515.0,7.0,3.0,14.0,0.0,low
stu_02026,class_039,39.6,45.52,61.68,62.29,49.41,47.87,22.96,7.0,1026.0,5.0,1.0,7.0,4.0,medium
stu_02027,class_010,89.34,79.03,97.31,100.0,86.62,92.11,44.54,7.0,1688.0,7.0,4.0,4.0,0.0,low
stu_02028,class_013,100.0,79.53,91.45,88.43,93.27,86.43,19.25,14.0,1758.0,8.0,5.0,17.0,0.0,low
stu_02029,class_020,45.38,52.38,44.93,44.19,47.55,27.26,29.54,6.0,1331.0,6.0,2.0,7.0,1.0,medium
stu_02030,class_029,84.83,82.42,84.78,100.0,83.83,66.44,33.63,11.0,2103.0,9.0,6.0,18.0,0.0,low
stu_02031,class_017,75.39,84.05,74.9,72.05,78.91,100.0,10.86,10.0,1790.0,8.0,2.0,4.0,1.0,low
stu_02032,class_007,86.33,100.0,79.15,80.95,92.86,77.85,15.88,11.0,2173.0,9.0,5.0,22.0,0.0,low
stu_02033,class_015,96.62,73.18,77.28,75.29,84.34,100.0,22.28,16.0,2073.0,9.0,4.0,25.0,1.0,low
stu_02034,class_006,77.7,76.28,69.23,59.85,72.78,81.81,28.54,12.0,1649.0,7.0,3.0,8.0,0.0,low
stu_02035,class_020,,29.14,43.1,51.35,37.91,46.89,75.98,0.0,635.0,3.0,0.0,0.0,4.0,high
stu_02036,class_035,16.62,1.62,25.64,19.57,18.67,33.72,,3.0,18.0,1.0,0.0,2.0,3.0,high
stu_02037,class_018,23.5,24.68,86.57,82.58,46.07,50.57,125.15,4.0,529.0,3.0,0.0,5.0,2.0,high
stu_02038,class_032,19.54,50.19,54.39,44.98,38.85,40.72,174.38,1.0,885.0,4.0,1.0,0.0,4.0,high
stu_02039,class_037,45.31,57.65,87.21,85.68,56.37,62.7,52.18,1.0,1060.0,5.0,3.0,0.0,2.0,medium
stu_02040,class_038,47.12,34.21,39.19,47.49,40.03,14.01,82.76,2.0,925.0,4.0,2.0,1.0,1.0,high
stu_02041,class_020,38.54,38.85,35.1,37.02,33.55,22.41,27.87,0.0,671.0,3.0,1.0,0.0,2.0,high
stu_02042,class_010,92.1,59.03,80.69,81.93,74.63,59.14,23.71,16.0,1581.0,7.0,4.0,14.0,0.0,low
stu_02043,class_023,40.33,58.07,95.71,74.93,67.9,93.59,,9.0,2109.0,9.0,5.0,16.0,2.0,low
stu_02044,class_032,98.73,96.59,80.72,85.17,94.5,80.94,34.3,18.0,2102.0,9.0,6.0,21.0,0.0,low
stu_02045,class_015,91.55,53.13,45.78,54.39,63.38,52.4,24.83,1.0,0.0,4.0,2.0,0.0,2.0,medium
stu_02046,class_026,88.93,96.49,77.21,79.11,88.26,79.97,9.94,0.0,2176.0,9.0,4.0,11.0,1.0,low
stu_02047,class_020,65.25,61.23,55.72,58.17,58.72,40.97,22.1,1.0,1195.0,5.0,1.0,1.0,2.0,medium
stu_02048,class_013,74.68,10.3,39.07,37.2,45.54,3.19,95.13,1.0,70.0,1.0,0.0,1.0,5.0,high
stu_02049,class_004,61.1,23.39,49.72,54.8,47.63,31.04,47.57,9.0,888.0,4.0,1.0,15.0,1.0,medium
stu_02050,class_005,53.1,84.41,59.8,77.73,60.2,79.5,116.96,2.0,1676.0,7.0,2.0,4.0,1.0,medium
stu_02051,class_024,32.46,36.17,77.38,94.49,44.89,39.26,48.84,0.0,452.0,2.0,1.0,0.0,2.0,high
stu_02052,class_018,77.96,73.99,90.82,93.48,76.95,66.8,37.66,6.0,1177.0,5.0,2.0,11.0,1.0,low
stu_02053,class_026,86.22,85.15,74.38,72.23,85.45,79.5,23.72,18.0,2003.0,9.0,4.0,26.0,,low
stu_02054,class_001,19.14,38.62,95.34,80.53,52.56,70.9,15.03,15.0,2033.0,9.0,6.0,23.0,0.0,low
stu_02055,class_035,65.51,68.65,58.77,57.24,63.22,45.93,36.84,5.0,1163.0,5.0,2.0,6.0,1.0,medium
stu_02056,class_021,71.3,79.81,95.48,92.1,81.91,59.22,16.36,5.0,1553.0,7.0,4.0,,0.0,low
stu_02057,class_004,35.78,44.19,67.52,66.8,42.14,31.25,79.61,0.0,633.0,3.0,0.0,0.0,3.0,high
stu_02058,class_016,64.68,47.74,62.17,38.8,59.38,59.03,39.66,9.0,1007.0,,1.0,9.0,3.0,medium
stu_02059,class_033,90.92,60.64,83.51,85.78,72.76,45.88,24.15,7.0,1213.0,5.0,3.0,10.0,2.0,low
stu_02060,class_028,35.86,48.35,73.9,84.06,58.86,98.85,30.25,7.0,1224.0,5.0,2.0,10.0,1.0,medium
stu_02061,class_022,56.38,62.72,30.01,27.78,51.05,55.1,27.9,1.0,957.0,4.0,1.0,2.0,0.0,medium
stu_02062,class_025,59.14,57.15,46.1,29.42,59.76,69.54,25.65,8.0,1440.0,6.0,2.0,5.0,0.0,medium
stu_02063,class_037,,97.19,77.2,76.58,87.7,94.4,15.6,14.0,1985.0,8.0,4.0,21.0,0.0,low
stu_02064,class_024,84.29,95.26,92.13,93.02,78.89,34.38,27.24,0.0,1934.0,8.0,4.0,0.0,0.0,low
stu_02065,class_033,85.24,79.88,77.08,78.66,84.86,84.06,11.13,11.0,1925.0,8.0,3.0,9.0,0.0,low
stu_02066,class_031,22.78,39.85,15.69,7.74,25.15,31.78,61.76,1.0,,3.0,0.0,1.0,2.0,high
stu_02067,class_006,74.41,70.01,31.17,9.15,56.94,31.62,26.21,5.0,1355.0,6.0,2.0,3.0,2.0,medium
stu_02068,class_039,88.16,78.94,88.1,96.6,86.34,77.69,26.42,8.0,1557.0,7.0,5.0,8.0,1.0,low
stu_02069,class_033,55.0,44.92,65.38,70.81,60.91,78.89,37.12,12.0,1661.0,7.0,3.0,14.0,0.0,low
stu_02070,class_006,79.57,77.86,58.47,56.29,71.44,80.43,37.9,3.0,1499.0,6.0,2.0,10.0,3.0,medium
stu_02071,class_027,81.77,86.73,88.67,95.56,77.55,42.46,17.0,0.0,1705.0,7.0,4.0,0.0,0.0,low
stu_02072,class_009,80.85,70.35,38.28,36.7,66.59,48.12,39.55,10.0,1533.0,7.0,3.0,12.0,2.0,medium
stu_02073,class_007,58.48,45.11,43.73,37.34,53.91,85.64,38.52,5.0,1088.0,5.0,2.0,2.0,0.0,medium
stu_02074,class_032,74.15,58.92,59.3,60.34,67.62,84.92,22.74,8.0,1059.0,5.0,2.0,10.0,1.0,medium
stu_02075,class_009,17.89,14.41,44.34,40.28,33.0,63.52,66.81,3.0,393.0,2.0,1.0,5.0,2.0,high
stu_02076,class_010,72.76,77.7,69.88,53.56,73.48,84.68,19.45,17.0,1914.0,8.0,2.0,17.0,1.0,low
stu_02077,class_030,32.29,4.83,34.47,35.88,19.57,8.43,44.45,0.0,166.0,1.0,0.0,0.0,5.0,high
stu_02078,class_040,48.46,49.36,43.91,29.84,41.57,0.0,34.89,3.0,968.0,4.0,1.0,3.0,5.0,high
stu_02079,class_015,93.13,66.0,82.17,81.96,84.29,75.83,26.17,10.0,1714.0,7.0,5.0,19.0,0.0,low
stu_02080,class_005,100.0,93.85,72.69,78.29,90.7,58.72,27.19,15.0,2038.0,9.0,4.0,20.0,0.0,low
stu_02081,class_010,30.84,45.11,53.77,58.03,46.34,51.58,77.93,2.0,976.0,4.0,1.0,3.0,5.0,high
stu_02082,class_027,73.59,84.39,71.74,74.63,74.32,74.1,20.2,5.0,1592.0,7.0,3.0,8.0,0.0,low
stu_02083,class_023,84.51,78.86,78.35,76.55,81.56,97.07,26.07,8.0,1661.0,7.0,3.0,12.0,0.0,low
stu_02084,class_017,38.92,74.6,61.47,60.13,49.39,25.21,31.51,2.0,1609.0,7.0,3.0,2.0,0.0,medium
stu_02085,class_014,61.24,95.5,61.83,54.68,70.9,51.61,106.09,1.0,1777.0,8.0,2.0,3.0,1.0,medium
stu_02086,class_039,100.0,79.87,68.17,73.04,69.73,19.34,30.07,,1741.0,7.0,3.0,0.0,0.0,low
stu_02087,class_001,92.11,55.49,37.27,51.97,58.87,15.53,51.82,2.0,575.0,3.0,1.0,5.0,6.0,high
stu_02088,class_031,87.62,85.69,96.11,100.0,93.64,90.66,25.11,12.0,1960.0,8.0,5.0,12.0,1.0,low
stu_02089,class_033,77.47,20.49,66.21,62.21,58.17,65.06,59.96,6.0,419.0,2.0,1.0,6.0,2.0,medium
stu_02090,class_014,85.98,100.0,83.34,68.22,82.73,55.63,23.06,8.0,1982.0,8.0,5.0,7.0,0.0,low
stu_02091,class_006,48.09,57.02,81.49,72.12,61.51,65.76,41.79,4.0,985.0,4.0,3.0,4.0,0.0,medium
stu_02092,class_005,85.63,83.69,84.54,81.68,84.02,69.07,25.08,13.0,1869.0,8.0,4.0,12.0,0.0,low
stu_02093,class_039,19.78,32.81,29.35,18.6,31.02,54.09,144.2,3.0,799.0,4.0,2.0,6.0,5.0,high
stu_02094,class_004,61.51,22.07,54.74,56.28,51.17,58.52,87.65,1.0,357.0,2.0,0.0,,1.0,medium
stu_02095,class_020,98.88,83.18,71.73,64.83,79.3,78.32,20.33,7.0,1833.0,8.0,4.0,10.0,0.0,low
stu_02096,class_009,38.5,36.0,67.69,54.32,48.63,75.69,41.2,6.0,561.0,3.0,1.0,11.0,5.0,medium
stu_02097,class_014,96.19,100.0,89.92,85.04,85.02,25.98,22.18,0.0,1868.0,8.0,5.0,0.0,1.0,low
stu_02098,class_008,25.84,,63.54,64.13,34.0,18.81,17.13,1.0,624.0,3.0,0.0,1.0,4.0,high
stu_02099,class_023,85.61,100.0,86.86,86.35,87.61,65.3,20.59,15.0,2308.0,10.0,6.0,15.0,0.0,low
stu_02100,class_019,87.24,79.67,95.77,98.41,90.47,94.92,27.96,16.0,1895.0,8.0,4.0,26.0,1.0,low
stu_02101,class_011,,36.99,67.75,53.99,74.25,68.72,16.48,9.0,900.0,4.0,2.0,11.0,2.0,medium
stu_02102,class_012,72.6,65.96,43.92,42.75,63.0,69.06,54.48,9.0,,7.0,2.0,15.0,0.0,medium
stu_02103,class_035,73.13,80.11,96.34,100.0,86.62,97.3,19.61,11.0,1928.0,8.0,3.0,14.0,1.0,low
stu_02104,class_021,91.69,82.46,76.29,73.47,84.94,79.98,26.51,9.0,1883.0,8.0,3.0,15.0,1.0,low
stu_02105,class_001,96.91,83.21,87.96,79.53,89.08,100.0,21.41,9.0,1790.0,8.0,4.0,15.0,0.0,low
stu_02106,class_031,25.84,54.74,46.63,60.12,44.19,62.81,33.83,6.0,,5.0,1.0,5.0,0.0,medium
stu_02107,class_004,15.0,48.17,44.75,45.21,38.4,19.04,49.95,9.0,1085.0,5.0,1.0,14.0,1.0,medium
stu_02108,class_005,82.32,98.29,89.07,74.63,92.05,87.16,26.79,10.0,1993.0,8.0,5.0,17.0,1.0,low
stu_02109,class_008,95.57,69.08,88.82,86.29,86.55,71.94,21.68,8.0,1490.0,6.0,4.0,11.0,1.0,low
stu_02110,class_005,82.05,93.25,68.37,82.55,81.66,77.44,21.37,8.0,2052.0,9.0,4.0,14.0,2.0,low
stu_02111,class_013,69.22,74.64,35.99,31.0,62.68,56.48,58.14,,1389.0,6.0,3.0,6.0,0.0,medium
stu_02112,class_022,67.98,61.06,100.0,100.0,72.78,59.28,32.0,1.0,1132.0,5.0,2.0,0.0,3.0,medium
stu_02113,class_010,20.14,38.1,16.53,18.22,24.07,32.1,12.18,1.0,816.0,4.0,2.0,0.0,5.0,high
stu_02114,class_025,78.66,75.52,80.28,78.77,79.65,79.7,25.61,10.0,1647.0,7.0,3.0,13.0,0.0,low
stu_02115,class_039,29.21,60.04,92.43,69.71,57.99,78.24,17.1,13.0,2058.0,9.0,3.0,11.0,2.0,low
stu_02116,class_010,50.44,78.7,17.61,19.78,54.79,79.21,19.44,4.0,1413.0,6.0,2.0,5.0,0.0,medium
stu_02117,class_017,100.0,86.25,95.51,82.31,86.51,78.44,35.86,7.0,1811.0,8.0,4.0,3.0,0.0,low
stu_02118,class_031,97.59,59.87,37.43,42.86,66.39,50.65,22.58,10.0,1253.0,6.0,2.0,9.0,0.0,medium
stu_02119,class_001,18.68,48.76,66.51,85.56,38.5,44.96,197.56,3.0,401.0,2.0,1.0,3.0,2.0,high
stu_02120,class_006,45.83,54.2,65.26,73.61,50.41,39.44,35.07,1.0,1040.0,5.0,1.0,0.0,3.0,medium
stu_02121,class_016,58.97,30.95,45.18,52.91,54.84,81.85,30.05,5.0,862.0,4.0,1.0,1.0,0.0,medium
stu_02122,class_007,64.77,47.72,55.78,65.97,56.26,50.3,43.72,5.0,956.0,4.0,2.0,7.0,1.0,medium
stu_02123,class_031,52.82,30.46,32.84,46.14,44.54,73.46,34.92,1.0,517.0,3.0,0.0,6.0,1.0,high
stu_02124,class_015,100.0,70.06,37.28,21.94,72.12,69.42,13.69,10.0,1949.0,8.0,4.0,11.0,5.0,low
stu_02125,class_026,31.13,26.57,72.57,76.7,38.43,17.78,58.67,5.0,644.0,3.0,0.0,9.0,3.0,high
stu_02126,class_021,,66.36,65.62,70.96,72.63,51.36,72.03,9.0,1468.0,6.0,2.0,9.0,2.0,medium
stu_02127,class_032,11.52,28.23,29.97,19.05,22.41,50.14,64.11,3.0,615.0,3.0,0.0,5.0,6.0,high
stu_02128,class_029,31.44,55.79,62.36,56.2,44.38,17.12,29.2,0.0,1082.0,5.0,2.0,0.0,3.0,high
stu_02129,class_004,90.18,90.75,81.37,,85.12,70.44,29.27,8.0,1683.0,7.0,4.0,17.0,0.0,low
stu_02130,class_006,88.44,63.35,76.46,60.25,69.2,28.24,14.38,0.0,1229.0,5.0,2.0,0.0,0.0,low
stu_02131,class_002,0.0,14.38,5.21,11.06,7.36,37.85,78.45,3.0,242.0,1.0,0.0,1.0,2.0,high
stu_02132,class_026,38.3,37.94,47.67,44.69,44.1,79.06,68.92,3.0,766.0,4.0,2.0,6.0,1.0,high
stu_02133,class_030,56.6,89.95,95.49,94.46,71.57,56.11,41.05,6.0,2014.0,9.0,5.0,5.0,2.0,medium
stu_02134,class_037,65.78,67.35,60.06,68.45,63.78,55.36,45.96,4.0,1317.0,6.0,3.0,7.0,0.0,medium
stu_02135,class_031,95.23,73.67,87.39,88.55,82.52,68.05,,9.0,1420.0,6.0,5.0,20.0,0.0,low
stu_02136,class_039,15.88,72.32,40.31,40.88,34.43,41.89,28.77,0.0,1609.0,7.0,3.0,0.0,2.0,medium
stu_02137,class_015,61.2,78.18,83.73,86.17,72.68,,27.73,16.0,1878.0,8.0,3.0,23.0,0.0,low
stu_02138,class_031,100.0,10.95,55.74,52.53,62.1,58.07,30.97,7.0,274.0,2.0,2.0,5.0,0.0,medium
stu_02139,class_006,9.39,28.08,42.64,44.39,29.42,51.02,247.03,5.0,698.0,3.0,1.0,5.0,7.0,high
stu_02140,class_037,89.91,79.45,26.4,31.8,63.0,12.02,74.08,2.0,824.0,4.0,2.0,1.0,3.0,high
stu_02141,class_006,78.24,98.01,82.92,88.76,87.0,80.23,17.74,14.0,2004.0,9.0,4.0,15.0,0.0,low
stu_02142,class_032,100.0,75.46,88.41,87.99,87.22,81.16,24.03,8.0,,7.0,5.0,12.0,0.0,low
stu_02143,class_004,30.41,43.7,34.07,30.82,31.54,30.62,26.63,0.0,623.0,3.0,0.0,0.0,3.0,high
stu_02144,class_022,37.17,32.63,65.12,73.94,46.08,42.43,42.04,4.0,819.0,4.0,1.0,6.0,3.0,medium
stu_02145,class_003,91.52,78.86,75.31,70.69,82.57,92.25,9.95,15.0,2001.0,9.0,4.0,27.0,0.0,low
stu_02146,class_010,41.59,45.09,28.29,23.41,37.57,24.3,63.89,1.0,846.0,4.0,1.0,0.0,6.0,high
stu_02147,class_006,96.27,72.33,44.96,33.59,70.81,62.54,,11.0,1890.0,8.0,4.0,15.0,7.0,low
stu_02148,class_014,52.46,55.06,48.27,43.44,58.2,58.25,75.2,9.0,1105.0,5.0,1.0,10.0,3.0,medium
stu_02149,class_039,95.73,87.71,76.64,76.5,80.16,66.73,27.63,17.0,2212.0,9.0,4.0,22.0,0.0,low
stu_02150,class_018,100.0,60.45,83.16,93.45,84.61,80.37,36.61,15.0,1602.0,7.0,5.0,14.0,0.0,low
stu_02151,class_039,90.34,89.05,88.66,88.52,93.65,76.63,11.89,14.0,2073.0,9.0,6.0,11.0,0.0,low
stu_02152,class_016,99.54,42.35,59.43,64.65,78.56,90.71,63.35,9.0,1697.0,7.0,4.0,11.0,6.0,low
stu_02153,class_030,56.92,75.68,40.69,42.16,61.83,80.03,37.5,6.0,1341.0,6.0,3.0,10.0,3.0,medium
stu_02154,class_014,100.0,77.7,81.81,94.62,88.77,83.16,49.63,15.0,1737.0,7.0,5.0,20.0,1.0,low
stu_02155,class_022,82.91,82.81,75.13,70.49,77.78,74.86,28.75,15.0,1891.0,8.0,4.0,23.0,1.0,low
stu_02156,class_003,83.04,56.74,72.49,67.92,72.57,66.9,24.66,11.0,1233.0,5.0,2.0,22.0,0.0,low
stu_02157,class_030,32.33,32.27,5.76,7.25,28.15,67.46,39.53,3.0,722.0,3.0,1.0,4.0,3.0,high
stu_02158,class_029,87.8,74.95,73.48,60.0,82.73,70.23,21.55,17.0,1607.0,7.0,4.0,30.0,0.0,low
stu_02159,class_015,63.62,58.02,71.19,74.7,60.11,25.17,81.1,10.0,1224.0,5.0,2.0,12.0,2.0,medium
stu_02160,class_023,76.26,69.4,72.75,69.84,71.47,66.31,45.34,10.0,1499.0,6.0,2.0,4.0,0.0,medium
stu_02161,class_013,29.43,45.89,54.62,56.46,42.85,51.33,70.59,7.0,780.0,4.0,1.0,7.0,2.0,medium
stu_02162,class_018,62.22,68.19,76.74,74.97,64.62,31.96,48.03,7.0,1370.0,6.0,2.0,7.0,0.0,medium
stu_02163,class_027,35.94,40.38,31.81,41.99,40.11,62.1,40.87,5.0,991.0,4.0,1.0,9.0,2.0,high
stu_02164,class_038,90.29,71.34,74.81,65.13,83.93,83.63,12.2,11.0,1749.0,7.0,3.0,14.0,2.0,low
stu_02165,class_025,78.67,38.22,53.64,43.35,63.67,52.46,19.55,10.0,1058.0,5.0,1.0,15.0,3.0,medium
stu_02166,class_037,46.09,55.8,29.43,28.87,50.21,59.94,34.27,5.0,1159.0,5.0,1.0,5.0,1.0,medium
stu_02167,class_020,89.81,61.06,53.25,47.85,68.26,76.38,16.52,15.0,1811.0,8.0,4.0,22.0,7.0,low
stu_02168,class_015,80.75,85.03,92.09,79.0,84.24,66.06,27.89,11.0,1528.0,7.0,5.0,14.0,0.0,low
stu_02169,class_002,30.12,35.06,20.81,18.19,29.47,45.19,,2.0,871.0,4.0,1.0,1.0,1.0,high
stu_02170,class_021,14.59,17.96,55.81,57.64,26.87,19.32,47.48,3.0,499.0,2.0,1.0,2.0,1.0,high
stu_02171,class_014,51.79,91.34,54.79,65.64,62.22,53.94,39.65,5.0,1554.0,7.0,2.0,5.0,4.0,medium
stu_02172,class_011,61.04,11.63,52.96,28.7,45.76,47.15,116.2,8.0,4575.0,18.0,9.0,,4.0,medium
stu_02173,class_037,85.38,82.06,54.66,57.51,67.3,41.58,30.35,9.0,1654.0,7.0,3.0,12.0,2.0,medium
stu_02174,class_029,70.13,69.76,77.92,86.56,73.22,81.59,25.33,14.0,1559.0,7.0,2.0,15.0,0.0,low
stu_02175,class_010,64.75,94.94,100.0,100.0,78.93,70.84,33.92,17.0,2117.0,9.0,5.0,15.0,0.0,low
stu_02176,class_027,74.07,90.87,94.74,100.0,86.74,85.79,20.31,9.0,1767.0,8.0,4.0,10.0,0.0,low
stu_02177,class_021,53.33,14.43,23.02,9.68,32.8,65.77,81.86,1.0,47.0,1.0,0.0,5.0,3.0,high
stu_02178,class_036,76.18,60.46,96.96,100.0,81.54,82.57,10.89,9.0,1328.0,6.0,3.0,15.0,0.0,low
stu_02179,class_037,81.4,69.05,28.44,30.64,60.27,56.94,21.67,3.0,764.0,4.0,2.0,4.0,5.0,medium
stu_02180,class_018,16.62,36.2,51.37,46.62,24.68,18.38,,3.0,784.0,4.0,1.0,4.0,1.0,high
stu_02181,class_003,0.0,16.68,32.32,39.32,16.42,62.97,88.83,1.0,385.0,2.0,0.0,0.0,2.0,high
stu_02182,class_027,92.32,73.71,41.82,46.05,72.47,75.58,27.95,6.0,1629.0,7.0,4.0,7.0,6.0,low
stu_02183,class_023,65.08,76.72,52.55,56.06,65.62,49.39,46.27,10.0,1736.0,7.0,2.0,18.0,4.0,medium
stu_02184,class_036,36.86,85.75,63.84,65.76,66.81,87.0,23.03,10.0,1772.0,8.0,2.0,17.0,1.0,medium
stu_02185,class_010,46.92,93.48,55.11,68.0,62.71,44.4,39.27,6.0,1975.0,8.0,4.0,13.0,2.0,medium
stu_02186,class_022,14.11,4.45,61.37,67.67,23.77,53.11,23.15,2.0,0.0,1.0,1.0,1.0,4.0,high
stu_02187,class_038,80.56,61.5,45.53,60.48,60.98,35.62,25.88,1.0,3253.0,13.0,11.0,11.0,2.0,medium
stu_02188,class_003,67.41,68.48,52.16,53.15,69.11,61.58,16.96,9.0,1326.0,6.0,2.0,16.0,3.0,medium
stu_02189,class_005,55.39,47.52,62.89,57.38,53.18,37.67,33.73,10.0,1084.0,5.0,1.0,13.0,4.0,medium
stu_02190,class_024,79.32,81.52,74.33,66.14,79.95,81.39,20.13,5.0,1718.0,7.0,2.0,7.0,0.0,low
stu_02191,class_014,84.72,81.09,98.76,100.0,86.36,66.09,17.63,8.0,1822.0,8.0,4.0,9.0,1.0,low
stu_02192,class_003,68.79,62.91,56.09,56.71,63.39,76.9,25.28,7.0,1404.0,6.0,2.0,7.0,4.0,medium
stu_02193,class_025,86.0,89.61,91.23,100.0,86.53,69.55,28.08,16.0,2048.0,9.0,5.0,26.0,2.0,low
stu_02194,class_009,93.89,87.79,73.93,67.57,85.29,79.33,30.99,10.0,1818.0,8.0,4.0,7.0,0.0,low
stu_02195,class_032,73.21,77.31,68.08,80.18,73.37,73.94,22.53,14.0,1865.0,8.0,2.0,20.0,1.0,low
stu_02196,class_024,86.15,77.45,39.99,48.35,71.53,70.95,14.95,15.0,1748.0,7.0,5.0,20.0,4.0,low
stu_02197,class_035,19.95,53.21,7.61,3.49,23.51,7.96,98.31,3.0,1005.0,5.0,1.0,5.0,5.0,high
stu_02198,class_031,48.07,44.78,60.08,67.48,52.9,38.58,49.82,10.0,1060.0,5.0,1.0,15.0,3.0,medium
stu_02199,class_019,64.17,69.89,57.12,56.54,66.89,33.71,41.83,4.0,1342.0,6.0,2.0,7.0,1.0,medium
stu_02200,class_040,31.52,53.06,46.64,42.76,40.54,36.91,50.28,3.0,1173.0,5.0,2.0,5.0,3.0,high
stu_02201,class_013,91.48,55.9,58.6,57.67,68.52,59.48,102.84,4.0,4113.0,16.0,11.0,20.0,2.0,medium
stu_02202,class_031,94.15,,41.65,49.82,68.1,71.79,57.85,9.0,5992.0,23.0,13.0,9.0,4.0,medium
stu_02203,class_015,38.06,49.77,94.84,79.22,61.01,78.98,20.51,5.0,1385.0,6.0,4.0,6.0,0.0,low
stu_02204,class_034,53.21,50.61,61.8,59.36,49.29,39.8,47.55,4.0,1085.0,5.0,1.0,7.0,1.0,medium
stu_02205,class_030,28.08,35.82,43.16,37.09,39.64,19.94,59.17,5.0,923.0,4.0,1.0,5.0,5.0,high
stu_02206,class_031,92.6,71.04,91.77,88.07,84.88,87.65,29.2,6.0,1366.0,6.0,4.0,6.0,0.0,low
stu_02207,class_021,84.79,77.52,59.94,60.14,70.71,68.79,28.81,7.0,1613.0,7.0,4.0,3.0,0.0,low
stu_02208,class_034,69.69,84.08,81.32,80.81,79.66,84.19,17.73,16.0,1906.0,8.0,3.0,27.0,0.0,low
stu_02209,class_013,71.63,70.88,36.83,42.08,60.49,55.73,72.16,7.0,1443.0,6.0,3.0,6.0,1.0,medium
stu_02210,class_009,68.29,89.27,50.03,43.63,71.14,51.07,25.19,10.0,1908.0,8.0,2.0,7.0,0.0,medium
stu_02211,class_029,51.77,53.0,63.57,59.0,60.01,65.76,66.69,5.0,947.0,4.0,1.0,7.0,1.0,medium
stu_02212,class_022,92.88,86.73,76.39,68.64,82.77,62.97,29.71,5.0,1749.0,7.0,3.0,9.0,0.0,low
stu_02213,class_028,17.26,21.18,33.9,31.36,22.3,0.0,57.1,4.0,598.0,3.0,0.0,0.0,6.0,high
stu_02214,class_007,41.23,67.94,43.36,42.42,55.67,69.78,43.48,7.0,1481.0,6.0,2.0,12.0,2.0,medium
stu_02215,class_017,82.94,72.28,71.05,75.29,80.48,82.11,28.65,7.0,1480.0,6.0,3.0,11.0,1.0,low
stu_02216,class_014,82.69,34.68,76.84,80.54,64.41,57.47,50.16,6.0,809.0,4.0,2.0,10.0,0.0,medium
stu_02217,class_023,78.71,82.89,77.2,70.38,82.86,98.23,22.82,11.0,1704.0,7.0,3.0,13.0,1.0,low
stu_02218,class_009,92.72,68.76,100.0,100.0,74.77,7.24,21.7,0.0,1366.0,6.0,5.0,0.0,0.0,low
stu_02219,class_004,23.39,52.07,51.8,52.05,35.82,14.29,49.34,2.0,958.0,4.0,1.0,2.0,3.0,high
stu_02220,class_024,59.92,62.98,62.98,50.8,59.92,17.51,37.51,10.0,1823.0,8.0,2.0,9.0,2.0,medium
stu_02221,class_035,78.33,72.23,77.08,85.72,76.08,85.39,27.25,18.0,1827.0,8.0,2.0,22.0,1.0,low
stu_02222,class_034,10.38,7.45,6.76,4.07,10.31,44.14,78.61,2.0,224.0,1.0,0.0,3.0,5.0,high
stu_02223,class_037,31.75,99.24,50.71,,55.05,66.68,27.93,1.0,1764.0,8.0,3.0,2.0,1.0,medium
stu_02224,class_014,74.24,39.67,40.5,44.49,56.5,65.29,27.9,10.0,935.0,4.0,2.0,7.0,1.0,medium
stu_02225,class_003,94.16,97.64,87.85,81.72,94.02,91.8,27.38,14.0,2037.0,9.0,5.0,26.0,0.0,low
stu_02226,class_015,45.55,66.31,66.72,60.71,60.3,77.06,40.76,8.0,1512.0,7.0,3.0,11.0,1.0,medium
stu_02227,class_037,99.27,82.97,81.16,74.15,90.31,100.0,24.06,18.0,1761.0,8.0,4.0,34.0,0.0,low
stu_02228,class_037,42.62,74.39,68.48,78.03,54.54,53.51,46.78,0.0,1613.0,7.0,2.0,0.0,1.0,medium
stu_02229,class_022,74.1,69.33,77.46,75.72,68.86,56.12,54.36,5.0,1511.0,7.0,2.0,8.0,2.0,medium
stu_02230,class_019,76.13,94.23,38.57,51.07,69.44,58.09,38.27,8.0,2039.0,9.0,3.0,9.0,2.0,medium
stu_02231,class_005,97.54,74.35,23.66,40.27,72.05,62.72,24.75,11.0,1726.0,7.0,5.0,9.0,5.0,low
stu_02232,class_026,51.88,37.46,78.01,77.8,53.55,50.13,57.74,10.0,1584.0,7.0,2.0,14.0,2.0,medium
stu_02233,class_006,48.87,86.66,68.45,69.35,71.22,95.14,86.97,8.0,1892.0,8.0,2.0,11.0,3.0,medium
stu_02234,class_017,100.0,78.01,100.0,91.0,95.72,81.6,11.06,11.0,1759.0,8.0,4.0,10.0,1.0,low
stu_02235,class_017,23.36,4.5,45.88,32.54,24.32,64.26,101.97,1.0,145.0,1.0,1.0,5.0,1.0,high
stu_02236,class_006,56.51,73.52,50.25,40.98,60.12,21.24,35.3,5.0,1378.0,6.0,3.0,6.0,1.0,medium
stu_02237,class_026,79.59,89.78,99.34,100.0,87.48,84.32,33.08,5.0,1808.0,8.0,3.0,5.0,0.0,low
stu_02238,class_037,69.54,87.73,98.52,93.81,76.61,48.99,13.76,10.0,1950.0,8.0,4.0,9.0,0.0,medium
stu_02239,class_023,60.03,71.84,59.66,49.61,64.34,54.61,30.74,8.0,1291.0,6.0,2.0,10.0,2.0,medium
stu_02240,class_016,75.49,45.83,82.19,85.63,70.02,75.17,,10.0,1163.0,5.0,3.0,7.0,2.0,medium
stu_02241,class_009,79.99,84.56,87.42,89.89,79.02,81.73,19.3,5.0,1748.0,7.0,3.0,1.0,0.0,low
stu_02242,class_015,78.51,99.74,84.99,84.02,85.13,70.48,19.42,6.0,2150.0,9.0,5.0,9.0,0.0,low
stu_02243,class_020,39.7,25.55,31.5,26.27,29.76,29.29,50.7,0.0,615.0,3.0,0.0,0.0,1.0,high
stu_02244,class_027,70.77,40.95,27.37,24.34,53.01,44.34,34.56,8.0,966.0,4.0,2.0,12.0,1.0,medium
stu_02245,class_001,31.14,96.44,65.95,73.94,59.1,46.61,29.48,9.0,2008.0,9.0,3.0,11.0,1.0,medium
stu_02246,class_013,60.3,54.33,,40.01,61.84,83.39,54.22,9.0,1245.0,5.0,1.0,17.0,1.0,medium
stu_02247,class_033,95.38,68.22,52.96,57.13,77.22,50.67,49.24,10.0,1556.0,7.0,3.0,0.0,1.0,medium
stu_02248,class_010,62.79,49.6,41.96,41.2,53.25,43.46,22.51,10.0,1227.0,5.0,1.0,11.0,2.0,medium
stu_02249,class_024,87.86,88.62,75.13,55.37,83.54,63.42,30.98,6.0,1855.0,8.0,3.0,7.0,1.0,low
stu_02250,class_028,93.05,77.32,70.64,76.83,81.97,77.87,18.74,17.0,1944.0,8.0,3.0,18.0,2.0,low
stu_02251,class_038,65.63,39.74,30.13,37.62,50.44,68.32,33.51,3.0,906.0,4.0,1.0,3.0,1.0,medium
stu_02252,class_033,86.54,91.14,92.86,96.79,77.58,38.4,24.54,0.0,2024.0,9.0,5.0,0.0,0.0,low
stu_02253,class_026,93.84,53.87,46.98,49.04,68.53,43.48,20.55,5.0,1287.0,6.0,2.0,7.0,1.0,medium
stu_02254,class_027,13.25,39.44,28.27,18.25,20.66,27.59,24.22,1.0,736.0,3.0,2.0,0.0,4.0,high
stu_02255,class_040,57.27,43.46,43.11,49.24,53.78,72.91,66.66,10.0,1006.0,5.0,0.0,19.0,0.0,medium
stu_02256,class_024,37.26,48.26,33.18,37.58,37.48,35.32,80.66,2.0,906.0,4.0,2.0,1.0,5.0,high
stu_02257,class_033,51.4,32.38,76.25,90.84,54.99,61.22,39.19,4.0,530.0,3.0,0.0,6.0,3.0,medium
stu_02258,class_012,43.98,51.98,56.87,61.52,49.54,60.58,48.9,1.0,939.0,4.0,2.0,0.0,3.0,medium
stu_02259,class_012,78.76,81.86,86.66,91.98,84.71,92.59,25.9,18.0,2069.0,9.0,4.0,27.0,0.0,low
stu_02260,class_033,64.02,58.54,65.05,64.29,65.79,100.0,51.8,1.0,1078.0,5.0,2.0,4.0,0.0,medium
stu_02261,class_032,88.65,80.11,85.26,90.91,85.26,89.6,29.96,,1571.0,7.0,5.0,6.0,1.0,low
stu_02262,class_031,100.0,75.15,80.28,82.46,87.4,86.33,26.07,12.0,1605.0,7.0,5.0,7.0,0.0,low
stu_02263,class_010,72.36,74.9,83.58,75.22,78.61,59.49,20.11,8.0,1689.0,7.0,3.0,12.0,0.0,low
stu_02264,class_019,87.8,81.29,87.06,79.7,85.74,100.0,17.61,7.0,1676.0,,4.0,6.0,1.0,low
stu_02265,class_027,55.15,20.96,61.17,50.29,50.36,72.69,25.7,6.0,0.0,3.0,1.0,8.0,0.0,medium
stu_02266,class_014,89.91,100.0,72.62,68.71,82.29,54.92,26.29,0.0,2234.0,9.0,4.0,0.0,0.0,low
stu_02267,class_036,13.86,26.51,25.07,17.24,17.67,13.17,37.88,1.0,339.0,2.0,0.0,0.0,4.0,high
stu_02268,class_039,20.75,16.8,46.37,58.85,28.02,23.5,50.24,3.0,382.0,2.0,0.0,4.0,5.0,high
stu_02269,class_018,58.19,68.28,21.78,21.11,48.24,34.98,62.76,3.0,1153.0,5.0,2.0,6.0,3.0,medium
stu_02270,class_014,96.0,85.59,83.09,82.66,91.62,78.09,17.88,16.0,2005.0,9.0,6.0,22.0,1.0,low
stu_02271,class_004,60.07,42.95,58.78,58.47,48.05,7.71,77.49,3.0,809.0,4.0,1.0,6.0,3.0,high
stu_02272,class_003,73.92,68.22,78.86,82.01,73.39,79.85,39.83,11.0,1550.0,7.0,3.0,9.0,1.0,low
stu_02273,class_019,80.86,87.26,68.65,60.33,85.37,76.3,24.81,9.0,1821.0,8.0,3.0,9.0,2.0,low
stu_02274,class_031,93.27,62.62,31.65,26.62,60.15,26.11,54.04,5.0,614.0,3.0,0.0,6.0,7.0,high
stu_02275,class_023,,100.0,76.41,95.51,91.89,72.21,18.86,15.0,2138.0,9.0,4.0,20.0,1.0,low
stu_02276,class_011,55.04,80.35,58.96,62.71,55.37,38.24,35.02,1.0,1349.0,6.0,2.0,3.0,1.0,medium
stu_02277,class_019,94.9,100.0,93.06,100.0,95.45,67.2,35.79,10.0,1828.0,8.0,4.0,7.0,0.0,low
stu_02278,class_004,100.0,92.73,76.41,78.97,94.3,84.79,27.61,14.0,2039.0,9.0,5.0,11.0,0.0,low
stu_02279,class_022,97.45,56.33,80.96,75.63,79.02,58.63,25.03,2.0,931.0,4.0,3.0,4.0,2.0,medium
stu_02280,class_029,14.1,70.98,98.04,84.64,54.85,49.4,57.79,10.0,1092.0,5.0,3.0,13.0,2.0,medium
stu_02281,class_034,96.66,70.56,93.05,82.73,77.34,23.32,,0.0,1591.0,7.0,4.0,0.0,0.0,low
stu_02282,class_034,42.23,56.03,86.51,85.86,60.26,32.32,32.47,4.0,393.0,2.0,0.0,2.0,1.0,high
stu_02283,class_036,44.19,43.05,78.9,72.64,54.91,56.5,14.62,9.0,934.0,4.0,1.0,17.0,1.0,medium
stu_02284,class_014,100.0,71.19,73.72,73.44,83.13,84.87,38.24,8.0,1502.0,7.0,3.0,10.0,0.0,low
stu_02285,class_010,59.73,85.46,84.43,79.34,70.84,21.1,27.84,9.0,1780.0,8.0,3.0,15.0,0.0,medium
stu_02286,class_008,77.22,42.47,75.17,72.29,61.11,39.01,86.83,1.0,686.0,3.0,1.0,1.0,0.0,medium
stu_02287,class_035,100.0,78.87,92.65,99.77,93.11,88.57,23.14,5.0,1382.0,6.0,4.0,9.0,0.0,low
stu_02288,class_002,56.55,9.46,54.91,54.24,39.19,13.89,80.98,5.0,430.0,2.0,0.0,7.0,3.0,high
stu_02289,class_014,97.51,90.01,44.36,31.55,72.84,37.52,15.33,8.0,901.0,4.0,1.0,11.0,7.0,medium
stu_02290,class_035,55.69,61.12,57.42,56.92,48.21,5.0,90.76,4.0,1068.0,5.0,1.0,0.0,,medium
stu_02291,class_032,42.1,60.75,26.55,33.68,41.3,22.17,29.05,0.0,1415.0,6.0,2.0,0.0,2.0,medium
stu_02292,class_003,75.17,99.34,86.72,71.5,85.49,60.01,33.82,9.0,2120.0,9.0,4.0,7.0,0.0,low
stu_02293,class_039,29.49,40.99,55.43,48.17,36.74,26.67,48.34,1.0,641.0,3.0,1.0,2.0,5.0,high
stu_02294,class_010,43.26,42.9,48.95,50.69,45.43,48.96,71.87,4.0,849.0,4.0,1.0,6.0,1.0,medium
stu_02295,class_037,26.77,25.62,34.34,35.53,28.39,20.86,71.3,1.0,550.0,3.0,1.0,0.0,2.0,high
stu_02296,class_016,60.23,32.06,78.0,49.22,60.51,42.61,47.78,10.0,5750.0,23.0,6.0,12.0,5.0,medium
stu_02297,class_023,82.33,52.21,63.99,66.23,66.75,34.21,41.67,9.0,1177.0,5.0,2.0,14.0,,medium
stu_02298,class_004,90.75,82.7,76.81,84.72,84.35,86.37,27.72,13.0,1857.0,8.0,4.0,10.0,1.0,low
stu_02299,class_024,90.38,82.8,90.58,100.0,85.37,71.01,12.81,5.0,1294.0,6.0,4.0,7.0,1.0,low
stu_02300,class_016,70.65,26.05,55.12,43.78,54.69,47.07,63.22,9.0,633.0,3.0,0.0,11.0,2.0,medium
stu_02301,class_008,91.06,62.49,72.87,83.83,75.39,67.51,38.79,6.0,1422.0,6.0,4.0,9.0,1.0,low
stu_02302,class_005,59.26,54.85,78.26,86.45,58.65,43.79,29.14,2.0,967.0,4.0,1.0,0.0,1.0,medium
stu_02303,class_034,52.3,33.41,76.26,71.73,54.72,52.85,45.43,7.0,710.0,3.0,2.0,12.0,2.0,medium
stu_02304,class_040,44.57,9.33,18.88,8.88,27.94,10.97,129.08,3.0,116.0,1.0,0.0,4.0,3.0,high
stu_02305,class_002,78.34,85.67,74.94,74.48,74.78,76.57,29.77,7.0,1653.0,7.0,2.0,11.0,1.0,low
stu_02306,class_010,98.36,88.27,73.76,80.17,86.72,78.58,19.48,11.0,2041.0,9.0,5.0,13.0,0.0,low
stu_02307,class_024,58.91,35.1,34.07,34.26,48.3,48.32,23.92,4.0,840.0,4.0,1.0,3.0,0.0,medium
stu_02308,class_002,56.95,51.57,48.98,50.92,49.3,25.77,39.17,0.0,934.0,4.0,1.0,0.0,1.0,medium
stu_02309,class_007,10.43,46.94,62.17,52.61,37.79,45.99,134.34,4.0,1150.0,5.0,1.0,3.0,3.0,high
stu_02310,class_004,87.58,73.21,86.65,85.71,84.48,85.93,44.37,9.0,1739.0,7.0,5.0,11.0,0.0,low
stu_02311,class_017,34.88,15.28,77.28,89.13,42.92,39.49,20.81,3.0,451.0,2.0,0.0,7.0,2.0,high
stu_02312,class_019,69.43,60.58,74.64,69.42,65.37,52.92,34.41,5.0,4267.0,17.0,14.0,16.0,3.0,medium
stu_02313,class_012,82.07,98.41,81.83,95.34,89.29,87.11,17.57,17.0,2159.0,9.0,5.0,15.0,0.0,low
stu_02314,class_039,87.58,88.61,80.11,75.73,81.74,85.19,16.93,6.0,1856.0,8.0,5.0,12.0,0.0,low
stu_02315,class_037,81.94,95.27,84.26,78.0,87.9,72.59,29.19,15.0,2100.0,9.0,5.0,26.0,0.0,low
stu_02316,class_035,78.92,83.19,77.76,75.65,84.98,95.07,36.47,10.0,1917.0,8.0,2.0,18.0,1.0,low
stu_02317,class_011,85.71,81.09,92.03,86.9,85.08,65.43,19.08,6.0,1755.0,8.0,4.0,2.0,1.0,low
stu_02318,class_004,31.97,17.14,53.21,40.04,30.85,35.77,54.83,,476.0,2.0,1.0,4.0,2.0,high
stu_02319,class_020,77.31,74.13,79.05,79.06,77.27,79.44,29.77,10.0,1556.0,7.0,2.0,6.0,0.0,low
stu_02320,class_036,89.14,86.34,90.52,90.18,86.94,69.88,22.92,8.0,1806.0,8.0,4.0,5.0,0.0,low
stu_02321,class_006,86.27,69.21,40.99,26.29,66.76,56.84,55.05,7.0,1331.0,6.0,4.0,11.0,4.0,medium
stu_02322,class_011,33.53,58.57,89.79,88.95,60.58,73.75,33.83,9.0,1963.0,8.0,5.0,12.0,0.0,low
stu_02323,class_039,79.59,82.17,84.89,85.2,76.34,50.31,23.99,10.0,1663.0,7.0,4.0,12.0,0.0,low
stu_02324,class_014,97.17,80.88,73.78,70.35,85.52,82.76,23.2,15.0,1723.0,7.0,3.0,22.0,0.0,low
stu_02325,class_029,37.86,24.81,75.27,85.91,49.35,79.23,19.94,7.0,1494.0,6.0,,6.0,,low
stu_02326,class_024,0.0,20.79,43.45,48.83,16.44,37.05,38.08,0.0,440.0,2.0,0.0,0.0,4.0,high
stu_02327,class_005,35.82,44.36,5.07,2.75,22.54,21.78,75.9,0.0,694.0,3.0,1.0,0.0,4.0,high
stu_02328,class_029,53.44,28.9,55.22,46.27,46.35,39.17,75.67,0.0,488.0,2.0,0.0,0.0,5.0,high
stu_02329,class_036,50.31,42.87,39.02,55.71,40.71,5.78,102.95,2.0,766.0,4.0,1.0,0.0,4.0,high
stu_02330,class_010,27.75,48.22,74.44,85.49,53.03,35.0,22.42,17.0,1871.0,8.0,4.0,19.0,2.0,low
stu_02331,class_022,100.0,83.62,39.96,46.93,70.74,0.0,94.61,5.0,578.0,3.0,0.0,7.0,7.0,high
stu_02332,class_015,63.42,45.62,40.51,20.38,55.43,71.76,45.77,4.0,1040.0,5.0,2.0,6.0,3.0,medium
stu_02333,class_008,91.99,85.28,69.45,79.2,79.73,55.2,23.23,11.0,1758.0,8.0,3.0,15.0,0.0,low
stu_02334,class_040,88.91,85.7,81.23,83.41,84.9,58.55,23.63,13.0,1774.0,8.0,4.0,15.0,1.0,low
stu_02335,class_027,85.97,92.94,63.84,73.77,72.41,59.91,36.22,4.0,1945.0,8.0,3.0,3.0,0.0,medium
stu_02336,class_017,51.74,59.29,27.2,22.75,41.6,26.34,61.21,4.0,1245.0,5.0,2.0,7.0,3.0,high
stu_02337,class_012,100.0,94.64,87.56,76.15,93.76,69.17,18.06,15.0,2074.0,9.0,5.0,20.0,1.0,low
stu_02338,class_013,80.8,86.23,63.54,58.99,84.49,98.38,26.67,7.0,1762.0,8.0,3.0,12.0,1.0,low
stu_02339,class_023,22.5,18.35,49.79,55.14,28.48,18.85,67.59,4.0,317.0,2.0,1.0,6.0,5.0,high
stu_02340,class_039,20.02,16.59,38.46,40.6,25.81,20.3,69.09,1.0,164.0,1.0,1.0,0.0,5.0,high
stu_02341,class_030,82.35,96.9,83.77,70.59,85.68,74.86,14.71,5.0,1834.0,8.0,4.0,4.0,1.0,low
stu_02342,class_024,95.07,70.21,78.93,72.2,79.57,49.28,15.01,7.0,1507.0,7.0,4.0,2.0,0.0,low
stu_02343,class_028,63.42,15.59,48.72,44.09,45.96,43.51,24.21,10.0,434.0,2.0,0.0,15.0,3.0,medium
stu_02344,class_012,67.49,74.92,50.14,49.18,58.1,43.44,37.86,3.0,1372.0,6.0,2.0,0.0,1.0,medium
stu_02345,class_006,34.54,34.8,70.76,88.16,48.65,65.7,59.46,6.0,1957.0,8.0,4.0,8.0,0.0,medium
stu_02346,class_021,49.99,30.0,59.83,50.01,47.71,63.18,32.33,7.0,686.0,3.0,2.0,12.0,1.0,medium
stu_02347,class_030,82.24,79.35,65.69,63.52,71.56,74.62,19.26,7.0,1904.0,8.0,3.0,11.0,0.0,low
stu_02348,class_032,88.67,100.0,76.99,83.55,88.34,86.15,23.53,11.0,2128.0,9.0,4.0,9.0,0.0,low
stu_02349,class_016,94.3,98.18,77.29,74.04,89.79,91.53,22.41,8.0,1945.0,8.0,3.0,9.0,0.0,low
stu_02350,class_013,36.95,14.16,57.73,53.36,38.59,35.4,50.17,2.0,237.0,1.0,0.0,4.0,0.0,medium
stu_02351,class_016,58.89,79.32,49.13,44.55,68.08,51.35,26.99,8.0,1533.0,7.0,2.0,12.0,2.0,medium
stu_02352,class_020,54.96,64.67,65.17,65.14,60.88,58.67,16.74,4.0,1384.0,6.0,2.0,4.0,1.0,medium
stu_02353,class_006,78.23,88.46,65.0,60.34,73.95,31.76,38.03,7.0,1644.0,7.0,3.0,6.0,1.0,medium
stu_02354,class_033,17.26,71.66,57.56,49.42,49.28,55.9,21.59,6.0,1451.0,6.0,2.0,10.0,3.0,medium
stu_02355,class_025,77.55,50.98,39.81,34.98,50.31,8.39,52.84,5.0,1000.0,5.0,1.0,11.0,5.0,high
stu_02356,class_013,53.91,14.88,31.16,34.95,29.4,7.46,66.97,3.0,408.0,2.0,0.0,4.0,2.0,high
stu_02357,class_036,94.71,24.92,49.42,52.38,61.19,62.65,74.65,5.0,435.0,2.0,2.0,3.0,1.0,medium
stu_02358,class_017,26.39,100.0,69.68,56.94,66.26,79.11,93.11,9.0,2056.0,9.0,4.0,6.0,0.0,medium
stu_02359,class_002,47.24,44.37,60.37,60.74,53.17,64.12,50.96,9.0,924.0,4.0,1.0,10.0,4.0,medium
stu_02360,class_029,80.67,77.95,86.62,84.92,85.78,76.81,21.77,11.0,1707.0,7.0,4.0,18.0,0.0,low
stu_02361,class_026,74.07,85.71,36.44,28.03,63.53,57.09,40.36,3.0,1405.0,6.0,3.0,,0.0,medium
stu_02362,class_005,90.58,74.98,81.82,77.2,85.41,82.25,11.95,9.0,1597.0,7.0,5.0,15.0,0.0,low
stu_02363,class_040,88.13,95.75,89.04,90.7,88.05,85.44,34.62,9.0,1968.0,,6.0,17.0,0.0,low
stu_02364,class_026,100.0,84.78,96.64,100.0,93.92,85.75,20.81,15.0,2030.0,9.0,6.0,6.0,0.0,low
stu_02365,class_005,85.99,72.49,78.72,85.74,83.66,51.72,32.3,11.0,1332.0,6.0,4.0,18.0,1.0,low
stu_02366,class_036,37.92,37.28,9.01,13.23,30.9,,44.43,2.0,674.0,3.0,1.0,2.0,1.0,high
stu_02367,class_016,97.23,96.83,72.77,68.27,89.54,96.54,25.66,9.0,2102.0,9.0,5.0,10.0,1.0,low
stu_02368,class_036,36.91,36.46,57.35,62.97,44.82,53.66,32.8,10.0,966.0,4.0,1.0,5.0,3.0,medium
stu_02369,class_021,89.75,84.1,96.82,96.34,89.93,62.43,18.25,7.0,2022.0,9.0,5.0,9.0,0.0,low
stu_02370,class_033,82.93,65.36,69.06,79.36,75.59,86.51,12.58,16.0,1543.0,7.0,3.0,20.0,0.0,low
stu_02371,class_010,71.14,68.6,80.83,86.84,75.29,84.95,26.14,16.0,1719.0,7.0,3.0,13.0,1.0,low
stu_02372,class_030,95.96,95.99,75.95,76.8,85.16,62.76,26.23,15.0,2163.0,9.0,5.0,20.0,1.0,low
stu_02373,class_028,77.17,75.4,80.36,82.52,75.46,49.77,32.24,12.0,1427.0,6.0,3.0,16.0,0.0,low
stu_02374,class_008,34.13,53.73,87.12,81.59,61.39,86.72,22.48,5.0,1513.0,7.0,3.0,6.0,2.0,low
stu_02375,class_037,35.73,56.71,50.93,50.04,45.64,16.53,131.01,1.0,1029.0,5.0,1.0,0.0,4.0,high
stu_02376,class_029,56.42,74.81,53.96,48.94,60.76,50.97,22.01,4.0,1464.0,6.0,2.0,6.0,2.0,medium
stu_02377,class_003,90.87,94.74,88.97,90.39,91.29,70.64,29.86,14.0,1934.0,8.0,5.0,24.0,1.0,low
stu_02378,class_004,51.31,80.8,74.89,74.77,61.49,38.64,21.33,3.0,1482.0,6.0,2.0,4.0,1.0,medium
stu_02379,class_006,55.33,74.28,62.63,67.79,62.47,74.33,58.73,4.0,1320.0,6.0,3.0,10.0,1.0,medium
stu_02380,class_004,80.25,92.0,80.78,92.14,84.49,93.81,23.76,16.0,2112.0,9.0,6.0,21.0,0.0,low
stu_02381,class_015,,35.93,85.38,78.35,61.09,62.7,66.66,1.0,761.0,4.0,3.0,1.0,2.0,medium
stu_02382,class_009,55.91,35.19,30.25,26.65,48.29,45.87,56.97,5.0,877.0,4.0,1.0,6.0,4.0,high
stu_02383,class_019,81.04,35.9,43.85,33.98,48.6,39.62,76.5,0.0,923.0,4.0,2.0,0.0,2.0,medium
stu_02384,class_017,26.88,53.37,57.74,70.11,46.03,32.15,114.14,5.0,979.0,4.0,2.0,6.0,4.0,high
stu_02385,class_038,34.87,28.03,41.25,37.3,34.22,38.4,51.09,0.0,782.0,4.0,2.0,1.0,5.0,high
stu_02386,class_029,94.74,67.48,83.24,93.89,85.29,98.96,16.46,0.0,1479.0,6.0,4.0,24.0,2.0,low
stu_02387,class_034,60.44,59.37,38.47,25.15,52.96,36.67,33.13,7.0,1181.0,5.0,1.0,15.0,1.0,medium
stu_02388,class_030,82.54,100.0,,78.27,85.7,87.37,53.72,16.0,2207.0,9.0,6.0,,0.0,low
stu_02389,class_011,24.33,4.94,8.23,10.6,17.01,16.58,44.64,1.0,54.0,1.0,0.0,0.0,5.0,high
stu_02390,class_039,87.02,72.11,60.85,66.2,76.93,73.67,35.62,7.0,1549.0,7.0,4.0,8.0,0.0,medium
stu_02391,class_021,26.4,61.55,51.7,38.36,46.69,72.18,43.87,7.0,1238.0,5.0,1.0,6.0,1.0,medium
stu_02392,class_012,30.19,59.09,82.86,81.43,61.22,90.16,22.38,17.0,2030.0,9.0,5.0,21.0,2.0,low
stu_02393,class_028,66.83,87.47,52.9,50.36,70.49,56.58,42.8,6.0,1825.0,8.0,2.0,11.0,3.0,medium
stu_02394,class_033,99.55,73.62,37.25,,71.6,99.74,29.91,8.0,2103.0,9.0,4.0,13.0,4.0,low
stu_02395,class_007,54.43,84.78,83.56,87.62,68.48,67.4,50.31,8.0,1943.0,8.0,3.0,8.0,2.0,medium
stu_02396,class_013,67.22,83.6,89.9,91.46,73.89,64.79,33.11,7.0,1818.0,8.0,3.0,7.0,0.0,low
stu_02397,class_001,76.96,52.31,84.08,85.64,67.61,49.97,27.37,2.0,0.0,5.0,3.0,2.0,3.0,medium
stu_02398,class_005,58.03,41.18,52.97,45.49,44.93,26.28,35.38,1.0,684.0,3.0,1.0,0.0,2.0,medium
stu_02399,class_001,31.86,16.4,88.27,70.86,38.55,28.4,45.51,0.0,739.0,3.0,1.0,0.0,0.0,high
stu_02400,class_012,74.76,85.49,95.94,97.05,83.99,94.39,46.21,5.0,1394.0,6.0,4.0,3.0,2.0,low
stu_02401,class_008,25.18,34.02,43.72,45.72,34.2,31.63,37.76,1.0,665.0,3.0,1.0,0.0,4.0,high
stu_02402,class_019,58.76,83.85,57.91,60.4,67.72,58.06,49.76,8.0,3298.0,13.0,13.0,26.0,5.0,medium
stu_02403,class_034,19.29,24.08,28.17,33.25,22.15,10.4,73.02,2.0,703.0,3.0,2.0,2.0,3.0,high
stu_02404,class_011,87.1,74.37,94.4,99.98,80.56,80.42,,8.0,1511.0,,5.0,10.0,0.0,low
stu_02405,class_009,55.31,52.99,75.31,85.78,59.75,41.43,48.67,4.0,1105.0,5.0,,8.0,2.0,medium
stu_02406,class_008,90.08,89.59,94.03,95.68,90.06,77.75,26.25,10.0,2048.0,9.0,5.0,11.0,0.0,low
stu_02407,class_020,70.55,74.88,77.24,84.68,75.06,57.89,18.37,0.0,1469.0,6.0,2.0,0.0,1.0,low
stu_02408,class_014,24.74,37.68,78.56,91.19,48.82,79.78,59.08,10.0,1897.0,8.0,3.0,18.0,2.0,low
stu_02409,class_007,27.5,2.61,4.71,3.54,20.54,31.17,37.89,5.0,302.0,,0.0,11.0,4.0,high
stu_02410,class_015,46.19,89.12,39.89,39.89,58.94,49.86,47.71,5.0,1811.0,8.0,2.0,2.0,1.0,medium
stu_02411,class_009,75.23,57.1,54.06,56.12,66.32,54.93,56.22,3.0,961.0,4.0,1.0,0.0,2.0,medium
stu_02412,class_040,64.86,27.78,43.18,45.33,47.39,40.03,39.7,5.0,631.0,3.0,0.0,6.0,6.0,high
stu_02413,class_022,84.35,66.43,92.25,92.79,82.63,80.01,37.34,18.0,1711.0,7.0,4.0,20.0,1.0,low
stu_02414,class_015,,95.83,90.25,71.37,94.14,80.41,16.85,7.0,2032.0,9.0,5.0,5.0,0.0,low
stu_02415,class_033,82.4,44.7,79.66,74.72,66.72,62.79,18.35,4.0,797.0,4.0,2.0,0.0,1.0,medium
stu_02416,class_017,100.0,69.79,86.84,87.6,87.02,84.48,43.47,16.0,1698.0,7.0,4.0,15.0,0.0,low
stu_02417,class_026,80.5,95.86,38.83,45.92,74.36,76.79,22.28,0.0,1962.0,8.0,5.0,23.0,5.0,low
stu_02418,class_020,86.3,87.59,80.86,89.2,83.68,71.17,36.55,8.0,1747.0,7.0,4.0,10.0,0.0,low
stu_02419,class_036,93.24,73.53,82.94,87.65,82.24,74.78,13.99,11.0,1624.0,7.0,5.0,9.0,1.0,low
stu_02420,class_039,32.61,52.23,75.0,58.46,48.32,63.68,37.1,4.0,952.0,4.0,1.0,5.0,2.0,medium
stu_02421,class_027,45.75,96.52,57.52,51.35,64.58,83.02,39.15,10.0,2050.0,9.0,3.0,8.0,3.0,medium
stu_02422,class_012,42.83,3.62,50.24,52.92,27.97,0.0,87.07,1.0,153.0,1.0,1.0,2.0,5.0,high
stu_02423,class_011,81.87,63.64,69.67,62.29,80.37,91.27,28.25,18.0,1651.0,7.0,3.0,15.0,0.0,low
stu_02424,class_016,80.54,86.99,77.84,85.25,83.28,75.51,22.81,14.0,2019.0,9.0,4.0,22.0,0.0,low
stu_02425,class_039,44.71,53.25,51.96,69.33,47.74,36.42,62.29,2.0,1068.0,5.0,2.0,2.0,2.0,medium
stu_02426,class_031,64.13,74.69,77.84,78.14,68.89,51.61,39.42,2.0,1612.0,7.0,2.0,8.0,2.0,medium
stu_02427,class_024,54.21,59.32,60.07,62.05,51.74,54.81,50.54,0.0,923.0,4.0,2.0,0.0,2.0,medium
stu_02428,class_003,81.72,73.81,73.91,82.54,74.29,76.59,15.33,16.0,2024.0,9.0,5.0,12.0,0.0,low
stu_02429,class_016,89.13,99.84,41.03,50.19,76.84,63.89,18.21,9.0,688.0,3.0,1.0,7.0,7.0,medium
stu_02430,class_018,73.03,81.77,88.33,87.08,79.94,84.8,29.82,10.0,1899.0,8.0,3.0,13.0,0.0,low
stu_02431,class_015,40.87,54.23,37.69,39.2,49.33,66.31,29.67,10.0,1045.0,5.0,1.0,18.0,1.0,medium
stu_02432,class_016,65.33,56.32,57.21,50.03,58.9,45.58,30.35,7.0,1243.0,5.0,0.0,9.0,0.0,medium
stu_02433,class_016,41.03,22.34,30.63,37.55,27.11,14.76,25.22,0.0,479.0,2.0,0.0,0.0,3.0,high
stu_02434,class_029,74.78,71.89,32.14,25.0,66.66,72.83,72.04,9.0,1863.0,8.0,2.0,3.0,6.0,medium
stu_02435,class_001,100.0,99.4,82.02,79.21,94.82,85.72,19.49,16.0,2161.0,9.0,5.0,17.0,2.0,low
stu_02436,class_027,82.39,86.43,80.54,87.69,80.69,91.01,20.15,5.0,1641.0,7.0,5.0,8.0,0.0,low
stu_02437,class_026,54.47,33.89,0.0,0.0,36.82,49.25,61.95,3.0,780.0,4.0,2.0,0.0,6.0,high
stu_02438,class_035,55.47,6.7,34.12,35.67,33.57,21.29,52.12,0.0,306.0,2.0,1.0,3.0,1.0,high
stu_02439,class_007,95.0,57.68,63.01,66.63,70.17,46.37,46.59,6.0,1154.0,5.0,3.0,6.0,4.0,medium
stu_02440,class_021,55.45,42.07,84.99,92.68,62.42,34.01,49.7,8.0,780.0,4.0,3.0,7.0,3.0,medium
stu_02441,class_003,100.0,88.32,82.08,81.56,95.18,94.14,19.65,17.0,1938.0,8.0,5.0,31.0,0.0,low
stu_02442,class_017,25.65,10.75,46.33,45.94,23.93,43.08,55.53,1.0,220.0,1.0,0.0,0.0,2.0,high
stu_02443,class_023,28.96,75.89,18.34,12.17,40.77,33.73,13.96,4.0,1367.0,6.0,2.0,2.0,3.0,medium
stu_02444,class_026,96.21,93.87,89.84,76.67,90.37,76.28,25.77,13.0,2102.0,9.0,5.0,16.0,0.0,low
stu_02445,class_017,72.06,90.29,90.24,84.25,80.08,78.4,31.99,9.0,1824.0,8.0,0.0,16.0,1.0,low
stu_02446,class_003,43.68,38.92,52.76,50.16,39.56,0.0,49.83,3.0,969.0,4.0,1.0,4.0,3.0,high
stu_02447,class_008,100.0,82.61,90.19,84.91,87.91,69.43,25.58,9.0,2018.0,9.0,6.0,17.0,0.0,low
stu_02448,class_038,97.42,78.61,95.42,86.87,75.0,7.5,24.64,0.0,1568.0,7.0,4.0,0.0,2.0,low
stu_02449,class_007,52.78,40.63,36.94,28.57,45.37,,29.72,5.0,695.0,3.0,2.0,1.0,3.0,high
stu_02450,class_005,71.19,90.24,83.88,98.27,79.86,90.09,18.65,13.0,2039.0,9.0,5.0,24.0,0.0,low
stu_02451,class_022,43.69,29.14,35.9,21.48,32.7,24.63,51.29,0.0,902.0,4.0,1.0,0.0,1.0,medium
stu_02452,class_012,75.54,59.19,54.93,45.51,65.54,70.31,38.21,4.0,1093.0,5.0,1.0,2.0,0.0,medium
stu_02453,class_028,80.24,35.8,72.17,77.56,60.48,40.07,22.2,5.0,877.0,4.0,2.0,6.0,0.0,medium
stu_02454,class_019,93.12,73.74,79.18,70.49,85.52,81.75,41.88,7.0,1441.0,6.0,0.0,7.0,0.0,low
stu_02455,class_025,53.42,42.69,55.03,58.31,53.53,58.72,27.7,8.0,1021.0,5.0,1.0,15.0,0.0,medium
stu_02456,class_013,34.89,10.72,50.24,59.49,35.41,35.44,18.81,1.0,222.0,1.0,0.0,0.0,3.0,high
stu_02457,class_026,83.41,64.08,65.23,69.69,65.1,51.9,41.98,1.0,1050.0,5.0,2.0,2.0,1.0,medium
stu_02458,class_007,81.96,74.17,79.83,88.49,81.87,61.26,25.06,13.0,1832.0,8.0,3.0,,1.0,low
stu_02459,class_036,54.98,41.47,100.0,100.0,65.52,59.87,35.86,7.0,984.0,4.0,2.0,4.0,1.0,medium
stu_02460,class_031,76.45,41.14,65.24,60.16,62.28,33.44,52.14,10.0,1040.0,5.0,1.0,18.0,2.0,medium
stu_02461,class_037,93.93,51.45,28.65,31.77,66.73,54.57,45.42,5.0,1080.0,5.0,2.0,3.0,6.0,medium
stu_02462,class_003,44.7,47.94,51.86,37.31,54.12,56.17,55.66,7.0,1007.0,5.0,2.0,4.0,1.0,medium
stu_02463,class_006,92.34,78.21,88.15,92.55,84.22,86.74,37.31,8.0,1648.0,7.0,4.0,8.0,0.0,low
stu_02464,class_029,31.08,81.51,42.75,45.25,47.24,62.51,23.11,9.0,1745.0,7.0,2.0,12.0,0.0,medium
stu_02465,class_004,14.66,49.22,76.73,90.21,51.98,86.07,23.99,17.0,2157.0,9.0,6.0,26.0,0.0,low
stu_02466,class_025,76.46,84.77,76.37,62.56,83.4,95.09,23.34,18.0,2101.0,9.0,3.0,20.0,1.0,low
stu_02467,class_011,46.56,39.41,56.15,81.81,40.64,28.29,39.69,2.0,814.0,4.0,2.0,1.0,1.0,high
stu_02468,class_004,49.16,43.46,85.55,92.22,64.65,75.78,30.91,9.0,1444.0,6.0,2.0,13.0,1.0,medium
stu_02469,class_004,80.34,64.43,91.49,92.02,75.08,70.84,51.46,7.0,1371.0,6.0,4.0,6.0,0.0,low
stu_02470,class_003,19.48,13.26,24.48,29.04,22.14,43.1,53.1,0.0,436.0,2.0,0.0,0.0,3.0,high
stu_02471,class_017,86.39,80.62,97.93,88.02,89.92,72.33,19.7,15.0,1921.0,8.0,4.0,27.0,1.0,low
stu_02472,class_020,71.2,68.64,58.23,73.14,63.76,49.91,49.35,8.0,1543.0,7.0,2.0,11.0,3.0,medium
stu_02473,class_035,77.04,92.8,79.02,73.24,82.77,100.0,18.98,16.0,2319.0,10.0,4.0,20.0,0.0,low
stu_02474,class_015,22.88,76.88,84.17,80.79,62.19,86.34,55.44,10.0,911.0,4.0,1.0,12.0,2.0,medium
stu_02475,class_039,71.45,37.78,32.99,31.11,49.37,39.63,45.76,4.0,718.0,3.0,1.0,6.0,,high
stu_02476,class_014,85.49,74.0,78.14,97.22,81.55,82.47,24.08,15.0,1705.0,7.0,3.0,23.0,0.0,low
stu_02477,class_004,93.72,78.69,81.1,87.95,84.1,95.94,36.28,15.0,1699.0,7.0,5.0,21.0,0.0,low
stu_02478,class_037,74.96,75.8,98.36,97.23,83.11,69.5,18.43,13.0,1626.0,7.0,3.0,15.0,0.0,low
stu_02479,class_026,56.79,27.57,73.36,67.52,54.76,36.95,65.35,8.0,534.0,3.0,1.0,14.0,2.0,medium
stu_02480,class_005,6.41,39.42,66.17,60.43,34.36,47.37,62.15,3.0,643.0,3.0,1.0,0.0,2.0,high
stu_02481,class_039,45.12,28.45,38.92,36.28,36.98,43.36,38.21,1.0,666.0,3.0,1.0,3.0,2.0,high
stu_02482,class_011,50.54,24.45,24.83,23.35,35.65,3.43,77.96,5.0,621.0,3.0,0.0,5.0,6.0,high
stu_02483,class_033,40.41,25.93,39.05,45.41,35.83,30.48,45.98,0.0,350.0,2.0,0.0,2.0,6.0,high
stu_02484,class_026,36.36,60.3,50.08,56.27,41.71,33.83,29.94,4.0,1089.0,5.0,2.0,5.0,4.0,high
stu_02485,class_031,88.59,70.28,68.26,68.17,79.09,75.84,23.84,8.0,1513.0,7.0,3.0,8.0,0.0,low
stu_02486,class_013,,32.82,54.89,72.71,43.6,54.82,40.89,6.0,738.0,3.0,2.0,6.0,0.0,medium
stu_02487,class_010,90.54,31.66,15.0,10.76,53.47,56.33,46.37,5.0,551.0,3.0,2.0,4.0,1.0,medium
stu_02488,class_014,94.02,87.26,79.18,88.71,88.99,85.26,26.36,16.0,1966.0,8.0,4.0,15.0,1.0,low
stu_02489,class_040,90.04,91.53,96.43,100.0,90.55,73.92,15.56,18.0,2056.0,9.0,5.0,31.0,0.0,low
stu_02490,class_026,88.09,81.92,77.02,79.25,80.64,67.99,15.17,5.0,1579.0,7.0,3.0,3.0,0.0,low
stu_02491,class_029,49.64,29.01,83.15,83.31,53.25,80.98,22.34,2.0,735.0,3.0,2.0,1.0,1.0,medium
stu_02492,class_039,36.47,66.53,82.46,93.14,46.27,16.37,33.98,0.0,382.0,2.0,0.0,0.0,0.0,high
stu_02493,class_015,72.93,39.11,12.3,12.14,45.92,0.0,25.33,3.0,877.0,4.0,1.0,1.0,1.0,high
stu_02494,class_012,50.71,39.23,56.76,56.17,43.15,0.0,110.48,5.0,1009.0,5.0,1.0,6.0,3.0,high
stu_02495,class_002,82.86,96.95,95.05,95.57,75.03,11.68,34.92,0.0,1984.0,8.0,6.0,0.0,0.0,low
stu_02496,class_031,82.98,82.5,43.2,40.28,69.23,62.65,22.0,1.0,1659.0,7.0,2.0,0.0,3.0,medium
stu_02497,class_008,84.23,71.28,69.8,83.09,80.12,95.28,35.76,13.0,1699.0,7.0,3.0,13.0,0.0,low
stu_02498,class_032,89.22,68.91,49.01,44.25,57.88,15.33,21.72,1.0,1064.0,5.0,2.0,0.0,0.0,medium
stu_02499,class_016,48.24,51.5,16.62,12.6,40.42,40.11,127.51,3.0,911.0,4.0,1.0,1.0,1.0,high
stu_02500,class_036,19.89,0.0,68.56,77.93,30.91,19.73,63.99,5.0,187.0,1.0,0.0,6.0,2.0,high
stu_02501,class_019,37.2,14.93,27.85,28.72,21.95,30.79,130.06,0.0,111.0,1.0,0.0,0.0,2.0,high
stu_02502,class_037,6.99,27.96,19.22,20.59,20.05,52.28,151.56,5.0,681.0,3.0,1.0,8.0,3.0,high
stu_02503,class_020,33.26,21.06,69.63,78.6,43.36,63.76,54.42,5.0,636.0,3.0,0.0,5.0,5.0,high
stu_02504,class_012,88.91,76.89,92.59,100.0,91.94,100.0,19.77,18.0,1709.0,7.0,5.0,32.0,1.0,low
stu_02505,class_003,92.34,76.7,80.31,92.53,81.0,61.39,36.67,16.0,1819.0,8.0,5.0,22.0,0.0,low
stu_02506,class_009,38.52,63.2,43.47,56.33,45.21,31.88,46.89,5.0,1312.0,6.0,2.0,0.0,5.0,high
stu_02507,class_016,47.37,42.11,47.34,37.79,46.68,35.67,56.47,4.0,1163.0,5.0,0.0,6.0,2.0,medium
stu_02508,class_038,81.51,100.0,79.97,83.36,93.49,94.45,,16.0,2148.0,9.0,5.0,30.0,1.0,low
stu_02509,class_002,82.47,80.16,69.59,60.64,64.95,6.84,33.03,0.0,1890.0,8.0,3.0,0.0,0.0,low
stu_02510,class_031,86.4,92.22,86.01,81.13,84.82,61.69,28.0,8.0,1714.0,7.0,4.0,12.0,1.0,low
stu_02511,class_023,100.0,85.94,74.44,74.65,89.3,84.84,15.7,7.0,1745.0,7.0,3.0,6.0,0.0,low
stu_02512,class_014,72.47,84.11,88.74,96.07,80.75,77.76,26.71,14.0,1799.0,8.0,4.0,8.0,1.0,low
stu_02513,class_029,44.9,59.65,30.06,20.85,40.49,25.45,24.2,0.0,900.0,4.0,1.0,0.0,4.0,high
stu_02514,class_026,48.27,,60.59,57.36,60.72,76.68,71.09,3.0,1512.0,7.0,2.0,3.0,0.0,medium
stu_02515,class_035,84.39,84.13,27.69,29.67,62.33,71.24,40.36,1.0,831.0,4.0,2.0,0.0,6.0,medium
stu_02516,class_032,94.84,66.72,89.42,89.72,84.86,86.02,25.14,14.0,1716.0,7.0,4.0,18.0,0.0,low
stu_02517,class_021,85.51,71.18,76.27,79.96,79.86,73.52,26.48,11.0,1791.0,8.0,4.0,16.0,0.0,low
stu_02518,class_017,66.14,41.71,64.04,69.89,61.89,52.75,48.78,8.0,781.0,4.0,0.0,11.0,2.0,medium
stu_02519,class_020,91.11,68.57,62.99,45.5,79.77,68.44,46.23,8.0,1375.0,,3.0,12.0,2.0,low
stu_02520,class_030,49.89,40.55,44.19,27.93,40.57,25.76,43.74,4.0,766.0,4.0,1.0,6.0,6.0,high
stu_02521,class_029,94.67,81.56,97.15,86.6,89.13,62.76,17.55,9.0,1670.0,7.0,4.0,13.0,1.0,low
stu_02522,class_008,18.27,55.38,90.0,86.32,50.46,53.65,63.21,5.0,1045.0,5.0,3.0,6.0,5.0,high
stu_02523,class_029,79.66,48.78,33.68,23.32,58.4,58.86,28.15,7.0,1269.0,6.0,1.0,5.0,1.0,medium
stu_02524,class_039,42.62,34.62,53.87,50.48,44.2,60.98,33.95,6.0,970.0,4.0,2.0,6.0,4.0,medium
stu_02525,class_038,87.99,87.36,75.44,73.24,83.74,76.72,40.15,6.0,1731.0,7.0,4.0,4.0,1.0,low
stu_02526,class_004,70.42,77.27,73.58,81.97,73.47,85.39,27.47,0.0,1658.0,7.0,2.0,10.0,0.0,low
stu_02527,class_006,55.42,66.3,77.43,78.31,65.36,72.33,43.62,4.0,1491.0,6.0,2.0,2.0,2.0,medium
stu_02528,class_035,45.98,74.25,63.48,70.6,60.07,43.54,46.2,9.0,1452.0,6.0,3.0,14.0,1.0,medium
stu_02529,class_031,44.99,50.96,26.67,41.14,38.44,33.22,26.01,0.0,872.0,4.0,2.0,1.0,4.0,high
stu_02530,class_008,87.33,79.04,86.51,95.82,86.46,74.41,27.74,16.0,1972.0,8.0,5.0,24.0,0.0,low
stu_02531,class_008,40.06,98.68,47.45,28.26,56.01,51.41,71.69,1.0,1928.0,8.0,2.0,0.0,1.0,medium
stu_02532,class_018,91.27,93.14,82.43,91.69,74.1,6.29,46.78,0.0,1821.0,8.0,4.0,0.0,0.0,low
stu_02533,class_007,38.71,50.44,83.65,81.66,56.13,76.89,20.56,14.0,1612.0,7.0,4.0,19.0,0.0,low
stu_02534,class_013,90.05,79.93,83.24,81.48,78.74,55.92,14.12,0.0,1779.0,8.0,4.0,0.0,0.0,low
stu_02535,class_020,75.67,67.08,69.5,66.24,70.23,57.27,25.42,8.0,1461.0,6.0,2.0,8.0,0.0,low
stu_02536,class_036,86.45,92.04,90.64,83.35,86.73,93.11,27.12,13.0,1990.0,8.0,5.0,20.0,0.0,low
stu_02537,class_024,81.64,71.75,69.69,60.43,77.11,72.43,21.58,6.0,1403.0,6.0,4.0,7.0,0.0,low
stu_02538,class_011,41.47,39.1,54.69,67.01,43.22,50.68,38.15,5.0,756.0,4.0,1.0,4.0,0.0,medium
stu_02539,class_016,95.71,84.12,81.58,84.55,87.8,69.09,24.17,14.0,1903.0,8.0,4.0,16.0,0.0,low
stu_02540,class_026,89.15,79.15,43.97,33.44,76.46,75.32,17.49,13.0,2154.0,9.0,6.0,20.0,4.0,low
stu_02541,class_031,31.79,9.68,52.59,50.86,29.06,42.03,165.73,0.0,0.0,1.0,0.0,2.0,4.0,high
stu_02542,class_021,79.49,87.25,85.33,84.88,79.62,77.32,39.51,9.0,1584.0,7.0,3.0,14.0,1.0,low
stu_02543,class_025,96.57,70.53,87.39,88.31,90.2,83.43,28.34,17.0,1783.0,8.0,5.0,26.0,0.0,low
stu_02544,class_006,76.82,51.6,,69.93,72.17,82.22,48.03,5.0,1143.0,5.0,1.0,7.0,1.0,medium
stu_02545,class_005,34.55,37.9,59.92,64.13,40.13,29.22,54.62,1.0,869.0,4.0,2.0,2.0,3.0,high
stu_02546,class_031,3.63,16.19,49.54,40.19,13.56,27.65,85.91,0.0,523.0,3.0,0.0,0.0,2.0,high
stu_02547,class_019,60.52,52.87,38.34,29.89,58.15,100.0,46.7,7.0,1080.0,5.0,1.0,8.0,4.0,medium
stu_02548,class_018,74.82,80.43,96.23,100.0,82.12,74.05,24.78,14.0,2052.0,9.0,4.0,20.0,0.0,low
stu_02549,class_025,76.25,85.77,83.18,74.1,87.22,100.0,14.96,10.0,1828.0,8.0,3.0,20.0,0.0,low
stu_02550,class_008,92.34,82.42,85.61,85.17,89.51,79.94,23.98,13.0,1937.0,8.0,4.0,22.0,0.0,low
stu_02551,class_019,,28.95,14.59,12.5,14.01,22.85,34.68,1.0,443.0,2.0,0.0,2.0,4.0,high
stu_02552,class_038,41.12,37.13,24.04,23.43,38.74,41.42,75.39,6.0,682.0,3.0,1.0,15.0,2.0,medium
stu_02553,class_014,17.04,58.14,46.04,50.5,37.88,57.59,,0.0,1232.0,5.0,2.0,0.0,3.0,high
stu_02554,class_008,73.28,76.75,85.79,83.4,76.09,86.29,26.31,8.0,1770.0,8.0,3.0,11.0,0.0,low
stu_02555,class_024,79.71,99.24,94.72,88.29,93.5,76.64,31.04,12.0,2305.0,10.0,4.0,19.0,0.0,low
stu_02556,class_015,77.0,64.17,48.41,67.12,57.64,26.04,13.81,1.0,1287.0,6.0,2.0,0.0,1.0,medium
stu_02557,class_016,24.98,34.83,85.94,80.91,53.78,91.52,24.93,14.0,1859.0,8.0,3.0,12.0,2.0,low
stu_02558,class_007,65.58,70.35,87.38,91.23,70.37,30.45,56.71,7.0,1510.0,7.0,4.0,12.0,2.0,medium
stu_02559,class_017,84.2,78.01,86.14,79.05,84.7,84.29,23.76,7.0,1570.0,7.0,5.0,4.0,0.0,low
stu_02560,class_003,40.48,50.37,81.51,75.0,52.58,59.9,53.17,4.0,1380.0,6.0,4.0,3.0,1.0,medium
stu_02561,class_026,89.12,64.37,64.58,63.75,74.6,65.33,59.32,8.0,1331.0,6.0,4.0,3.0,3.0,medium
stu_02562,class_034,93.86,95.39,75.78,80.41,89.42,65.92,15.45,11.0,1931.0,8.0,3.0,15.0,0.0,low
stu_02563,class_025,78.12,40.22,83.04,70.89,64.97,40.39,52.31,0.0,842.0,4.0,3.0,0.0,1.0,medium
stu_02564,class_011,30.33,42.91,77.35,88.98,48.67,50.41,55.43,1.0,508.0,3.0,2.0,1.0,1.0,medium
stu_02565,class_031,61.3,69.84,67.8,53.27,65.35,41.28,25.14,5.0,1367.0,6.0,3.0,5.0,2.0,medium
stu_02566,class_022,90.56,62.17,93.24,96.8,84.52,84.92,38.09,13.0,1445.0,6.0,4.0,16.0,0.0,low
stu_02567,class_028,61.43,16.65,31.36,40.37,41.16,25.58,12.85,5.0,389.0,2.0,1.0,0.0,4.0,high
stu_02568,class_025,60.98,57.43,71.96,67.44,61.45,55.1,31.68,5.0,,6.0,1.0,11.0,3.0,medium
stu_02569,class_024,84.78,96.93,82.37,65.89,92.4,77.38,23.34,9.0,1768.0,8.0,4.0,9.0,1.0,low
stu_02570,class_027,94.41,67.43,35.27,24.3,61.74,46.34,28.78,3.0,1296.0,6.0,3.0,0.0,,medium
stu_02571,class_030,69.68,53.22,49.26,41.21,59.73,74.29,26.3,5.0,1110.0,5.0,1.0,4.0,3.0,medium
stu_02572,class_033,100.0,80.93,93.71,89.59,90.9,98.1,27.01,13.0,1875.0,8.0,,12.0,1.0,low
stu_02573,class_025,86.78,84.15,95.09,92.11,88.36,68.41,29.69,8.0,1762.0,8.0,4.0,3.0,1.0,low
stu_02574,class_028,23.34,33.72,21.94,45.34,24.69,49.84,39.53,3.0,862.0,4.0,1.0,6.0,0.0,high
stu_02575,class_033,85.26,99.79,88.69,97.18,90.78,76.9,15.94,15.0,2232.0,9.0,6.0,13.0,0.0,low
stu_02576,class_035,31.67,67.16,69.02,83.12,53.15,56.75,47.13,6.0,1193.0,5.0,1.0,3.0,3.0,medium
stu_02577,class_008,84.22,92.32,77.32,71.26,81.29,,17.54,17.0,2266.0,10.0,5.0,28.0,1.0,low
stu_02578,class_010,95.59,80.91,79.58,65.64,83.68,,34.14,17.0,2030.0,9.0,4.0,25.0,0.0,low
stu_02579,class_018,98.31,88.39,82.31,88.14,89.19,89.19,26.31,7.0,1718.0,7.0,5.0,5.0,0.0,low
stu_02580,class_006,80.19,77.18,76.74,82.14,75.47,67.08,15.93,16.0,1958.0,8.0,4.0,26.0,0.0,low
stu_02581,class_026,89.73,91.81,88.34,89.46,88.47,89.87,21.03,15.0,2002.0,9.0,5.0,20.0,0.0,low
stu_02582,class_025,57.86,6.68,25.26,29.3,34.57,44.32,49.01,3.0,197.0,1.0,0.0,1.0,3.0,high
stu_02583,class_007,52.04,21.93,32.87,33.83,40.01,30.8,49.13,3.0,420.0,2.0,0.0,6.0,4.0,high
stu_02584,class_019,87.13,66.17,33.04,31.34,72.4,89.59,21.87,10.0,2083.0,9.0,6.0,11.0,6.0,low
stu_02585,class_001,87.14,76.68,86.08,85.05,80.67,83.39,14.27,16.0,1675.0,7.0,5.0,17.0,1.0,low
stu_02586,class_034,41.81,41.06,53.65,57.86,40.98,20.73,84.34,3.0,591.0,3.0,1.0,1.0,1.0,high
stu_02587,class_016,15.74,33.95,49.86,52.79,31.37,31.85,47.1,0.0,809.0,4.0,2.0,,1.0,high
stu_02588,class_027,67.79,43.84,57.46,62.18,62.07,75.29,39.51,5.0,855.0,4.0,1.0,7.0,1.0,medium
stu_02589,class_027,82.86,76.8,83.68,66.91,71.71,37.51,25.17,0.0,1961.0,8.0,6.0,0.0,1.0,low
stu_02590,class_039,90.17,63.39,33.22,43.12,64.19,55.99,41.6,4.0,1145.0,5.0,1.0,4.0,3.0,medium
stu_02591,class_028,43.93,28.68,45.18,43.68,40.0,51.34,58.28,5.0,565.0,3.0,0.0,10.0,4.0,high
stu_02592,class_037,87.3,86.82,85.01,90.06,85.75,84.6,22.86,12.0,2015.0,9.0,6.0,20.0,0.0,low
stu_02593,class_032,72.36,82.08,73.32,81.53,74.8,54.41,18.69,12.0,0.0,8.0,2.0,14.0,0.0,low
stu_02594,class_019,81.95,82.56,70.31,70.73,86.73,84.14,24.71,11.0,1672.0,7.0,3.0,16.0,0.0,low
stu_02595,class_012,81.46,81.2,81.37,77.1,79.07,72.89,51.23,12.0,1860.0,8.0,5.0,18.0,0.0,low
stu_02596,class_024,42.97,36.72,29.14,26.93,37.27,13.95,92.86,5.0,767.0,4.0,2.0,8.0,3.0,high
stu_02597,class_016,36.09,41.19,62.66,72.73,44.84,32.15,33.62,2.0,4759.0,19.0,11.0,12.0,5.0,medium
stu_02598,class_013,0.0,42.21,8.05,7.68,13.51,27.77,33.27,0.0,723.0,3.0,2.0,0.0,5.0,high
stu_02599,class_013,83.29,62.6,80.54,89.39,76.01,83.66,20.58,8.0,1240.0,5.0,3.0,14.0,0.0,low
stu_02600,class_002,80.76,76.25,75.66,85.41,76.9,65.64,26.93,16.0,1675.0,7.0,3.0,25.0,0.0,low
stu_02601,class_003,92.51,84.91,84.92,87.19,88.29,81.73,33.64,12.0,1745.0,7.0,4.0,10.0,0.0,low
stu_02602,class_012,75.59,36.33,67.07,75.4,58.67,81.45,25.86,1.0,432.0,2.0,0.0,4.0,3.0,medium
stu_02603,class_004,84.6,82.37,94.32,99.89,89.07,76.37,43.08,8.0,1700.0,7.0,5.0,8.0,1.0,low
stu_02604,class_002,87.71,82.97,97.43,100.0,90.55,66.7,35.99,9.0,1567.0,7.0,5.0,10.0,0.0,low
stu_02605,class_027,74.26,13.0,54.48,56.28,55.44,47.3,33.34,9.0,369.0,2.0,0.0,18.0,6.0,medium
stu_02606,class_038,83.87,75.21,90.27,97.13,73.38,62.05,28.59,0.0,1782.0,8.0,4.0,0.0,1.0,low
stu_02607,class_029,35.14,51.51,49.72,51.89,45.47,65.73,36.76,3.0,1166.0,5.0,2.0,4.0,4.0,medium
stu_02608,class_024,77.22,79.57,84.52,80.49,86.16,90.32,23.34,11.0,1671.0,7.0,3.0,10.0,,low
stu_02609,class_020,39.74,53.59,51.83,45.59,46.81,30.04,69.03,4.0,1037.0,5.0,1.0,9.0,3.0,high
stu_02610,class_011,83.9,64.82,84.4,90.81,77.37,62.23,36.41,6.0,1211.0,5.0,3.0,10.0,0.0,low
stu_02611,class_023,88.59,94.92,72.82,88.97,84.96,82.9,32.7,9.0,2026.0,9.0,4.0,12.0,0.0,low
stu_02612,class_030,47.76,67.33,78.9,85.03,61.44,55.88,56.33,5.0,1305.0,6.0,3.0,3.0,2.0,medium
stu_02613,class_016,62.04,60.59,81.4,83.6,60.3,40.97,39.79,0.0,1400.0,6.0,3.0,3.0,3.0,high
stu_02614,class_001,72.84,58.13,77.04,60.82,68.93,48.02,29.5,4.0,1304.0,6.0,3.0,7.0,0.0,medium
stu_02615,class_001,67.99,8.61,27.02,30.11,40.58,41.1,122.56,4.0,257.0,2.0,0.0,2.0,4.0,high
stu_02616,class_014,91.94,80.02,86.16,78.37,82.4,71.35,24.3,10.0,1705.0,7.0,4.0,17.0,1.0,low
stu_02617,class_019,84.58,74.81,41.03,33.08,66.03,66.58,58.71,5.0,774.0,4.0,4.0,6.0,5.0,medium
stu_02618,class_005,69.86,68.12,83.08,93.98,70.95,66.01,37.33,8.0,1684.0,7.0,3.0,9.0,0.0,low
stu_02619,class_008,76.39,67.87,79.83,84.98,79.19,82.96,26.56,16.0,1648.0,7.0,3.0,27.0,0.0,low
stu_02620,class_019,82.02,76.66,32.91,46.23,65.91,82.92,18.37,5.0,1689.0,7.0,3.0,10.0,5.0,medium
stu_02621,class_027,48.84,42.19,72.91,73.01,51.53,31.43,56.8,5.0,907.0,4.0,2.0,12.0,3.0,medium
stu_02622,class_003,98.37,84.1,75.41,78.66,85.04,83.26,16.28,8.0,1765.0,8.0,3.0,10.0,1.0,low
stu_02623,class_027,66.35,32.77,61.33,55.46,55.65,61.98,42.0,2.0,676.0,3.0,1.0,0.0,2.0,medium
stu_02624,class_039,31.72,41.21,8.61,7.46,25.26,9.9,101.08,3.0,839.0,4.0,1.0,0.0,2.0,high
stu_02625,class_003,56.89,47.76,59.09,58.18,52.02,51.12,32.37,1.0,6165.0,24.0,8.0,15.0,2.0,medium
stu_02626,class_025,86.52,55.99,39.87,53.56,65.41,69.59,36.81,14.0,1780.0,8.0,5.0,21.0,7.0,low
stu_02627,class_039,96.64,91.87,31.97,34.67,77.42,76.54,16.91,16.0,2084.0,9.0,6.0,23.0,5.0,low
stu_02628,class_016,77.27,84.46,53.44,50.1,69.54,77.18,28.87,2.0,1587.0,7.0,2.0,1.0,2.0,medium
stu_02629,class_033,77.47,65.22,68.94,72.55,71.64,66.43,33.95,7.0,1343.0,6.0,2.0,13.0,0.0,low
stu_02630,class_034,84.99,90.73,87.61,91.14,85.94,60.41,20.86,8.0,1873.0,8.0,5.0,8.0,0.0,low
stu_02631,class_040,97.06,67.27,83.34,92.79,86.15,81.14,22.22,0.0,1895.0,8.0,4.0,26.0,0.0,low
stu_02632,class_019,72.88,48.33,34.14,31.75,53.52,98.68,37.73,2.0,943.0,4.0,2.0,3.0,2.0,medium
stu_02633,class_011,95.81,51.6,85.19,80.55,81.5,73.49,28.51,9.0,1103.0,5.0,3.0,11.0,0.0,low
stu_02634,class_003,60.42,29.16,52.04,61.56,51.68,58.46,39.2,4.0,542.0,3.0,0.0,0.0,3.0,medium
stu_02635,class_029,100.0,97.19,78.75,79.99,97.18,90.44,23.29,8.0,2122.0,9.0,4.0,11.0,0.0,low
stu_02636,class_039,11.85,22.97,0.0,0.0,19.12,41.61,102.86,2.0,627.0,,0.0,3.0,3.0,high
stu_02637,class_012,5.45,23.79,28.21,26.83,25.95,26.27,216.51,5.0,507.0,3.0,0.0,6.0,5.0,high
stu_02638,class_039,90.13,19.21,15.0,12.73,44.98,34.38,39.55,5.0,642.0,3.0,1.0,9.0,0.0,medium
stu_02639,class_019,62.57,34.52,52.32,47.13,45.47,43.12,30.67,0.0,714.0,3.0,1.0,0.0,5.0,medium
stu_02640,class_012,98.13,73.2,80.0,80.75,80.82,63.68,28.38,0.0,1585.0,7.0,0.0,0.0,0.0,low
stu_02641,class_001,87.62,79.74,68.03,65.51,85.22,95.0,23.19,10.0,1560.0,7.0,3.0,14.0,0.0,low
stu_02642,class_031,60.59,30.98,64.66,52.77,50.1,38.06,54.73,8.0,0.0,3.0,1.0,4.0,1.0,medium
stu_02643,class_012,58.09,62.98,70.44,80.38,62.42,53.58,68.19,2.0,1352.0,6.0,2.0,3.0,3.0,medium
stu_02644,class_006,79.69,93.52,100.0,96.42,90.63,76.73,14.5,16.0,2087.0,9.0,4.0,21.0,0.0,low
stu_02645,class_037,35.58,12.28,18.58,19.01,24.18,22.21,55.08,5.0,175.0,1.0,0.0,4.0,3.0,high
stu_02646,class_015,72.85,85.86,76.16,67.35,77.48,54.4,38.6,7.0,1836.0,8.0,2.0,15.0,2.0,medium
stu_02647,class_010,76.33,79.48,82.31,83.62,77.94,74.08,25.67,14.0,1831.0,8.0,4.0,25.0,0.0,low
stu_02648,class_023,73.45,85.26,78.4,71.84,78.36,86.63,29.27,16.0,1769.0,8.0,2.0,22.0,1.0,low
stu_02649,class_027,82.28,72.93,90.23,100.0,77.72,70.37,27.61,6.0,1742.0,7.0,4.0,0.0,0.0,low
stu_02650,class_040,78.44,79.65,84.55,87.59,78.22,60.61,25.8,11.0,1676.0,7.0,4.0,17.0,0.0,low
stu_02651,class_016,80.15,71.28,68.75,71.64,72.41,100.0,22.12,6.0,1403.0,6.0,3.0,7.0,1.0,low
stu_02652,class_017,93.09,84.61,100.0,94.61,92.36,89.6,20.22,14.0,1934.0,8.0,5.0,9.0,1.0,low
stu_02653,class_024,91.06,88.19,92.7,85.18,84.16,73.68,25.85,7.0,1669.0,7.0,4.0,11.0,0.0,low
stu_02654,class_009,37.64,9.54,25.86,23.24,18.63,33.6,32.01,0.0,225.0,1.0,0.0,0.0,5.0,high
stu_02655,class_007,63.75,51.15,53.71,57.65,51.82,13.24,30.8,0.0,817.0,4.0,1.0,0.0,1.0,medium
stu_02656,class_025,91.4,63.9,98.19,94.2,81.98,100.0,19.1,11.0,1380.0,6.0,5.0,9.0,0.0,low
stu_02657,class_010,24.66,45.35,74.1,84.58,49.1,60.15,27.89,7.0,1018.0,5.0,3.0,6.0,1.0,medium
stu_02658,class_001,94.34,72.86,85.29,88.36,82.97,70.24,19.07,9.0,1470.0,6.0,4.0,7.0,0.0,low
stu_02659,class_037,91.92,77.5,82.87,89.02,86.28,79.4,19.13,14.0,1887.0,8.0,4.0,15.0,0.0,low
stu_02660,class_007,47.04,30.65,58.59,51.0,48.11,44.45,49.71,5.0,764.0,4.0,1.0,8.0,3.0,medium
stu_02661,class_010,37.13,59.9,52.79,61.06,52.08,55.67,58.24,8.0,1407.0,6.0,3.0,8.0,3.0,medium
stu_02662,class_036,49.94,78.64,49.36,61.74,60.16,67.37,32.59,2.0,1316.0,6.0,2.0,3.0,5.0,medium
stu_02663,class_028,60.55,34.06,44.45,30.85,51.12,49.02,60.26,3.0,734.0,3.0,2.0,5.0,3.0,high
stu_02664,class_028,77.2,73.33,73.19,73.39,73.92,12.29,30.04,8.0,1721.0,7.0,3.0,8.0,1.0,medium
stu_02665,class_030,69.0,25.79,75.58,82.84,56.68,53.06,23.79,7.0,635.0,3.0,0.0,6.0,3.0,medium
stu_02666,class_036,92.84,80.75,27.23,27.06,68.71,68.95,24.24,9.0,1601.0,7.0,5.0,15.0,7.0,low
stu_02667,class_002,92.63,91.09,71.72,73.87,84.87,88.87,19.06,18.0,2178.0,9.0,5.0,29.0,0.0,low
stu_02668,class_039,60.93,58.7,65.9,44.89,58.51,,33.19,4.0,1286.0,6.0,2.0,6.0,2.0,medium
stu_02669,class_007,24.55,48.89,93.64,88.93,57.39,64.69,29.31,2.0,1643.0,7.0,3.0,6.0,0.0,medium
stu_02670,class_009,100.0,61.6,78.49,52.56,81.13,67.11,15.36,9.0,1538.0,7.0,0.0,10.0,1.0,low
stu_02671,class_015,49.78,76.3,51.42,56.89,57.38,75.63,50.27,1.0,1474.0,6.0,3.0,3.0,2.0,medium
stu_02672,class_040,15.41,9.87,16.54,1.97,17.36,24.84,36.83,0.0,147.0,1.0,0.0,0.0,4.0,high
stu_02673,class_035,75.16,46.74,58.82,69.01,67.23,92.51,51.1,2.0,1090.0,5.0,1.0,0.0,0.0,medium
stu_02674,class_038,63.8,73.77,64.56,68.56,63.58,54.81,38.73,6.0,1258.0,6.0,1.0,3.0,0.0,medium
stu_02675,class_009,23.08,61.73,44.59,54.19,34.83,16.16,67.94,0.0,869.0,4.0,1.0,0.0,5.0,high
stu_02676,class_012,82.05,76.95,90.52,89.49,87.11,97.45,21.02,18.0,1453.0,6.0,4.0,16.0,0.0,low
stu_02677,class_033,81.46,84.49,77.78,92.74,86.17,86.33,22.83,16.0,2088.0,9.0,5.0,,1.0,low
stu_02678,class_027,81.42,,52.06,59.51,63.83,57.67,47.96,2.0,1464.0,6.0,4.0,0.0,4.0,medium
stu_02679,class_014,68.12,78.8,100.0,100.0,80.89,100.0,29.32,15.0,1888.0,8.0,3.0,21.0,0.0,low
stu_02680,class_013,32.9,44.05,0.0,0.0,19.83,30.32,50.47,0.0,879.0,4.0,2.0,0.0,5.0,high
stu_02681,class_005,87.31,70.18,89.83,89.31,82.42,69.09,26.96,0.0,1680.0,7.0,4.0,14.0,0.0,low
stu_02682,class_022,82.78,79.18,72.66,59.5,78.71,72.42,28.91,18.0,1724.0,7.0,3.0,29.0,1.0,low
stu_02683,class_036,84.84,98.02,99.28,96.06,91.37,96.99,21.91,0.0,2193.0,9.0,5.0,21.0,0.0,low
stu_02684,class_035,79.21,76.29,76.76,69.56,82.0,84.88,25.74,13.0,1642.0,7.0,2.0,16.0,0.0,low
stu_02685,class_001,77.87,88.37,77.46,82.78,75.54,24.92,16.4,0.0,1772.0,8.0,2.0,0.0,1.0,low
stu_02686,class_026,84.23,83.71,78.44,69.18,84.07,78.93,26.9,14.0,1886.0,8.0,3.0,16.0,0.0,low
stu_02687,class_010,47.55,49.57,57.51,48.61,51.06,57.17,21.08,5.0,911.0,4.0,1.0,10.0,4.0,medium
stu_02688,class_001,74.77,94.31,100.0,91.25,90.57,75.13,30.08,8.0,1764.0,8.0,3.0,10.0,0.0,low
stu_02689,class_020,56.4,76.12,70.46,74.53,62.42,55.01,31.54,2.0,1487.0,6.0,2.0,3.0,1.0,medium
stu_02690,class_022,87.74,83.33,87.58,96.4,83.7,77.57,30.8,6.0,1531.0,7.0,4.0,9.0,0.0,low
stu_02691,class_031,88.49,66.32,98.25,91.31,72.29,47.48,39.47,0.0,1608.0,7.0,4.0,0.0,0.0,low
stu_02692,class_005,89.7,63.18,84.46,92.77,79.97,76.04,18.39,17.0,1446.0,6.0,5.0,27.0,0.0,low
stu_02693,class_037,58.34,44.05,57.57,48.59,50.1,21.15,21.93,0.0,966.0,4.0,1.0,0.0,2.0,medium
stu_02694,class_029,38.16,4.74,32.61,52.03,22.19,14.32,25.76,4.0,274.0,2.0,0.0,4.0,1.0,high
stu_02695,class_040,87.02,68.36,100.0,100.0,81.44,58.88,10.54,5.0,1464.0,6.0,5.0,5.0,0.0,low
stu_02696,class_022,75.92,88.74,95.68,81.97,80.29,66.83,,9.0,1990.0,8.0,4.0,16.0,1.0,low
stu_02697,class_037,41.26,36.78,46.25,30.47,40.32,54.32,44.57,2.0,689.0,3.0,1.0,7.0,4.0,high
stu_02698,class_031,88.53,81.21,82.14,91.16,84.71,57.85,19.32,11.0,1893.0,8.0,5.0,12.0,0.0,low
stu_02699,class_020,100.0,100.0,84.87,92.25,93.11,56.97,32.81,14.0,2045.0,9.0,5.0,11.0,0.0,low
stu_02700,class_035,52.49,97.64,78.05,79.69,73.17,84.81,26.83,1.0,1817.0,8.0,2.0,2.0,0.0,medium
stu_02701,class_016,92.07,100.0,85.25,88.09,94.05,80.01,13.03,12.0,2197.0,9.0,5.0,13.0,1.0,low
stu_02702,class_016,38.37,63.26,84.68,81.86,62.03,87.24,24.93,9.0,1633.0,7.0,3.0,7.0,0.0,low
stu_02703,class_008,78.6,77.89,82.05,82.21,83.54,96.24,21.97,11.0,0.0,7.0,4.0,9.0,0.0,low
stu_02704,class_021,91.17,86.08,78.14,84.38,87.21,83.41,22.73,18.0,2260.0,10.0,5.0,26.0,0.0,low
stu_02705,class_002,82.82,95.55,82.47,76.17,86.72,90.92,17.51,12.0,1965.0,8.0,5.0,12.0,0.0,low
stu_02706,class_006,97.79,87.4,97.17,100.0,90.74,77.15,74.65,9.0,1879.0,8.0,,15.0,2.0,low
stu_02707,class_031,58.02,34.3,46.88,39.98,46.94,52.02,41.55,1.0,518.0,3.0,0.0,2.0,2.0,medium
stu_02708,class_002,92.87,82.78,68.45,63.25,81.82,69.09,30.19,11.0,1874.0,8.0,3.0,18.0,1.0,low
stu_02709,class_003,71.19,77.31,72.72,84.25,74.94,62.48,84.08,4.0,1259.0,6.0,1.0,7.0,2.0,medium
stu_02710,class_029,18.59,49.29,44.21,43.56,34.61,32.96,65.28,2.0,899.0,4.0,2.0,1.0,1.0,high
stu_02711,class_016,54.71,56.21,80.59,82.41,60.61,47.15,18.98,8.0,1216.0,5.0,3.0,18.0,3.0,medium
stu_02712,class_040,90.2,70.31,46.72,63.85,70.45,53.14,59.71,4.0,1528.0,7.0,3.0,5.0,3.0,medium
stu_02713,class_038,81.96,68.5,89.63,79.29,76.0,64.45,15.13,11.0,1615.0,7.0,4.0,15.0,0.0,low
stu_02714,class_016,97.27,86.71,95.11,82.05,92.18,68.08,12.71,7.0,1783.0,8.0,5.0,10.0,,low
stu_02715,class_034,29.75,41.59,75.79,85.89,48.96,80.47,63.15,4.0,673.0,3.0,,0.0,1.0,medium
stu_02716,class_039,23.92,48.15,72.08,69.2,47.34,37.12,40.61,6.0,1158.0,5.0,2.0,8.0,1.0,medium
stu_02717,class_013,79.91,39.64,66.84,85.22,67.38,70.64,38.91,8.0,1021.0,5.0,1.0,7.0,4.0,medium
stu_02718,class_013,76.63,82.06,100.0,100.0,84.66,84.58,25.07,17.0,2027.0,9.0,4.0,25.0,0.0,low
stu_02719,class_008,93.1,80.02,78.92,79.46,84.54,83.73,22.75,7.0,1714.0,7.0,3.0,11.0,0.0,low
stu_02720,class_039,79.85,76.7,87.23,100.0,79.62,62.07,13.95,6.0,1493.0,6.0,3.0,6.0,0.0,low
stu_02721,class_023,40.59,63.12,75.36,73.63,54.87,35.96,18.76,8.0,1485.0,6.0,2.0,10.0,2.0,medium
stu_02722,class_024,,82.92,78.64,74.36,80.81,86.47,27.51,18.0,1956.0,8.0,4.0,13.0,1.0,low
stu_02723,class_004,66.05,47.3,32.85,39.22,52.94,100.0,31.45,2.0,912.0,4.0,2.0,1.0,3.0,medium
stu_02724,class_039,94.07,100.0,73.84,76.83,82.23,62.05,24.34,9.0,2004.0,9.0,4.0,12.0,1.0,low
stu_02725,class_023,,39.59,68.64,51.64,51.41,45.73,35.75,2.0,824.0,4.0,1.0,3.0,2.0,medium
stu_02726,class_010,89.26,78.21,75.29,72.64,78.95,85.1,26.77,6.0,1548.0,7.0,4.0,6.0,0.0,low
stu_02727,class_012,69.2,89.87,84.94,85.18,73.48,40.83,14.88,0.0,2016.0,9.0,4.0,0.0,1.0,low
stu_02728,class_033,20.93,60.24,13.51,13.41,27.33,28.94,52.97,0.0,1162.0,5.0,2.0,0.0,1.0,high
stu_02729,class_008,35.27,67.16,27.68,22.02,41.44,44.81,204.47,1.0,1312.0,6.0,2.0,0.0,4.0,high
stu_02730,class_006,85.92,84.06,100.0,99.28,79.85,24.7,19.27,0.0,1846.0,8.0,4.0,0.0,0.0,low
stu_02731,class_037,87.88,73.27,75.11,78.17,80.26,91.66,28.71,10.0,1348.0,6.0,3.0,16.0,0.0,low
stu_02732,class_013,30.3,26.12,51.98,50.83,39.82,44.78,94.63,0.0,348.0,2.0,1.0,1.0,3.0,high
stu_02733,class_033,67.1,68.3,55.75,51.03,66.09,65.99,44.5,1.0,3443.0,13.0,9.0,26.0,2.0,medium
stu_02734,class_011,89.61,67.52,50.96,46.69,69.9,64.02,27.84,1.0,1091.0,5.0,2.0,2.0,2.0,medium
stu_02735,class_005,26.12,63.11,51.21,70.84,51.4,59.32,35.98,10.0,4171.0,16.0,14.0,16.0,3.0,medium
stu_02736,class_030,83.24,78.23,81.89,75.11,76.73,95.8,24.56,5.0,1699.0,7.0,5.0,0.0,0.0,low
stu_02737,class_030,70.34,42.11,55.0,52.91,62.56,44.94,69.26,9.0,1004.0,5.0,1.0,11.0,1.0,medium
stu_02738,class_029,81.23,59.35,26.94,22.58,62.32,76.9,32.06,8.0,1065.0,5.0,2.0,8.0,1.0,medium
stu_02739,class_026,85.57,61.28,77.38,75.11,76.87,64.8,28.31,9.0,1185.0,5.0,3.0,11.0,0.0,low
stu_02740,class_030,90.8,87.32,90.83,100.0,91.54,95.32,39.83,12.0,1992.0,8.0,6.0,10.0,0.0,low
stu_02741,class_018,57.17,99.11,97.41,99.86,81.78,79.16,27.9,4.0,1887.0,8.0,4.0,5.0,4.0,medium
stu_02742,class_026,59.83,64.39,63.52,55.36,63.27,37.98,41.31,9.0,1346.0,6.0,3.0,4.0,3.0,medium
stu_02743,class_037,66.77,48.57,51.5,47.13,52.83,49.87,18.99,,961.0,4.0,1.0,0.0,1.0,medium
stu_02744,class_024,86.65,88.89,85.55,70.77,85.39,67.09,26.14,6.0,0.0,8.0,4.0,14.0,0.0,low
stu_02745,class_028,91.1,95.47,81.78,67.2,81.63,54.67,20.08,0.0,1948.0,8.0,4.0,0.0,0.0,low
stu_02746,class_010,68.39,71.46,79.17,70.09,66.24,27.33,38.98,5.0,1340.0,6.0,3.0,8.0,2.0,medium
stu_02747,class_037,80.82,50.62,94.63,97.99,74.4,41.12,22.11,9.0,1097.0,5.0,3.0,10.0,3.0,medium
stu_02748,class_040,37.24,65.74,51.05,64.18,52.29,56.28,50.46,8.0,1683.0,7.0,2.0,9.0,3.0,medium
stu_02749,class_035,37.5,62.18,74.6,68.94,53.43,25.2,13.85,7.0,1358.0,6.0,2.0,9.0,2.0,medium
stu_02750,class_030,75.65,91.42,73.81,79.05,82.08,68.53,42.9,6.0,1832.0,8.0,3.0,10.0,0.0,low
stu_02751,class_038,78.26,80.97,75.49,75.43,79.28,71.75,27.54,12.0,1634.0,7.0,3.0,19.0,1.0,low
stu_02752,class_015,28.77,54.49,77.38,88.55,54.53,73.72,36.41,13.0,1359.0,6.0,5.0,19.0,0.0,low
stu_02753,class_001,75.42,56.91,60.84,44.62,64.52,27.32,28.63,7.0,1287.0,6.0,1.0,7.0,0.0,medium
stu_02754,class_036,41.73,9.35,33.57,35.76,27.62,12.86,83.21,3.0,4.0,1.0,0.0,6.0,5.0,high
stu_02755,class_019,34.42,55.58,83.11,92.67,54.57,55.79,87.64,1.0,404.0,2.0,1.0,2.0,0.0,high
stu_02756,class_028,50.08,52.94,49.32,88.52,51.92,83.61,21.45,4.0,2995.0,11.0,14.0,15.0,5.0,medium
stu_02757,class_001,58.57,68.27,52.07,40.91,65.66,87.04,19.66,6.0,1363.0,6.0,2.0,10.0,4.0,medium
stu_02758,class_007,77.94,67.6,33.11,35.55,67.44,66.47,18.86,18.0,2102.0,9.0,4.0,15.0,7.0,low
stu_02759,class_008,94.29,69.66,83.59,83.5,82.78,76.86,21.99,11.0,1457.0,6.0,5.0,23.0,0.0,low
stu_02760,class_020,9.89,28.85,27.34,28.46,23.61,50.74,64.06,2.0,358.0,2.0,1.0,4.0,5.0,high
stu_02761,class_030,91.69,87.34,87.58,94.51,84.34,72.05,32.75,18.0,1922.0,8.0,4.0,21.0,1.0,low
stu_02762,class_011,84.37,70.93,92.53,95.87,80.86,93.82,16.28,5.0,1356.0,6.0,4.0,9.0,0.0,low
stu_02763,class_036,85.64,78.56,82.22,89.8,85.21,80.59,22.65,12.0,1622.0,7.0,4.0,20.0,,low
stu_02764,class_035,34.39,32.17,67.33,62.71,37.05,0.0,35.12,0.0,496.0,2.0,1.0,0.0,6.0,high
stu_02765,class_002,81.05,93.46,83.34,67.71,83.24,89.37,16.0,6.0,1890.0,8.0,4.0,0.0,0.0,low
stu_02766,class_028,37.72,15.43,34.96,35.07,27.66,39.81,81.66,3.0,235.0,1.0,0.0,5.0,3.0,high
stu_02767,class_032,60.87,63.01,68.07,83.77,58.89,65.22,58.01,2.0,960.0,4.0,2.0,3.0,2.0,medium
stu_02768,class_015,29.69,40.53,85.85,90.46,43.15,37.28,41.89,7.0,801.0,4.0,2.0,14.0,2.0,medium
stu_02769,class_019,48.44,76.82,35.66,36.62,54.94,53.51,37.62,8.0,1764.0,8.0,3.0,14.0,2.0,medium
stu_02770,class_015,37.95,70.56,79.26,73.64,57.92,74.44,26.23,2.0,1421.0,6.0,3.0,3.0,2.0,medium
stu_02771,class_024,88.29,100.0,64.77,68.88,85.18,77.57,18.93,14.0,2165.0,9.0,4.0,18.0,0.0,low
stu_02772,class_027,69.68,83.37,59.9,60.13,79.24,88.46,24.38,12.0,1804.0,8.0,3.0,15.0,1.0,low
stu_02773,class_030,84.03,82.09,45.55,38.13,70.51,56.52,40.75,10.0,3827.0,15.0,12.0,22.0,3.0,medium
stu_02774,class_025,79.04,69.11,93.16,93.49,84.09,85.14,48.12,13.0,1618.0,7.0,4.0,17.0,0.0,low
stu_02775,class_028,92.26,65.68,57.64,52.51,70.1,33.86,54.14,5.0,1451.0,6.0,3.0,7.0,2.0,medium
stu_02776,class_006,87.03,43.72,64.89,71.77,64.58,23.7,17.8,8.0,0.0,4.0,2.0,5.0,4.0,medium
stu_02777,class_035,99.27,86.17,78.46,92.35,92.11,82.07,7.12,17.0,1912.0,8.0,4.0,18.0,,low
stu_02778,class_013,99.23,80.82,85.25,77.2,90.78,95.01,24.81,11.0,1661.0,7.0,4.0,13.0,1.0,low
stu_02779,class_035,18.52,15.42,45.66,37.26,25.54,41.7,60.15,3.0,363.0,2.0,1.0,1.0,4.0,high
stu_02780,class_025,84.95,74.82,82.36,81.82,82.37,75.78,16.02,15.0,1792.0,8.0,4.0,24.0,0.0,low
stu_02781,class_020,69.72,84.77,81.51,67.2,80.4,81.15,30.72,10.0,1855.0,8.0,4.0,19.0,1.0,low
stu_02782,class_015,22.6,46.9,42.21,43.68,34.03,35.33,154.75,0.0,979.0,4.0,2.0,0.0,4.0,high
stu_02783,class_013,67.47,46.46,60.28,58.1,59.1,62.63,42.62,4.0,1084.0,5.0,1.0,6.0,4.0,medium
stu_02784,class_021,29.55,64.87,67.85,71.81,54.72,64.82,38.65,7.0,1403.0,6.0,2.0,9.0,4.0,medium
stu_02785,class_017,46.68,71.9,78.0,63.43,60.85,41.83,32.04,4.0,6421.0,25.0,8.0,10.0,2.0,medium
stu_02786,class_021,63.93,42.22,77.16,74.32,58.64,44.44,150.72,4.0,1144.0,5.0,2.0,3.0,2.0,medium
stu_02787,class_032,73.55,86.71,80.65,71.93,81.57,86.39,28.73,10.0,1823.0,8.0,3.0,10.0,2.0,low
stu_02788,class_032,94.1,79.46,87.28,89.77,89.64,77.24,30.68,16.0,1842.0,8.0,0.0,22.0,1.0,low
stu_02789,class_033,51.84,57.89,66.0,68.29,61.29,79.39,22.36,5.0,4028.0,16.0,7.0,27.0,3.0,medium
stu_02790,class_029,49.54,1.63,49.38,43.17,32.95,14.52,51.68,5.0,199.0,1.0,0.0,5.0,4.0,high
stu_02791,class_032,85.83,100.0,92.76,93.28,89.42,93.03,17.03,7.0,1957.0,8.0,5.0,9.0,0.0,low
stu_02792,class_012,55.45,47.26,50.88,49.95,49.21,49.49,56.25,0.0,970.0,4.0,1.0,0.0,4.0,high
stu_02793,class_014,57.69,47.43,72.34,77.9,52.39,43.67,21.7,0.0,1191.0,5.0,2.0,0.0,3.0,medium
stu_02794,class_008,76.5,71.42,84.13,91.88,72.57,64.55,19.98,4.0,1570.0,7.0,3.0,3.0,1.0,medium
stu_02795,class_015,40.86,56.02,59.41,60.36,50.26,35.44,24.58,3.0,1061.0,5.0,,1.0,3.0,medium
stu_02796,class_021,39.18,12.89,38.81,30.53,24.65,9.24,72.0,3.0,435.0,2.0,0.0,2.0,5.0,high
stu_02797,class_039,74.03,64.59,79.3,75.98,76.76,80.58,45.97,12.0,1617.0,7.0,2.0,21.0,0.0,low
stu_02798,class_007,83.17,81.88,86.98,78.1,78.15,47.58,28.0,7.0,1815.0,8.0,4.0,8.0,0.0,low
stu_02799,class_039,62.72,28.1,63.89,72.18,56.37,37.41,45.86,5.0,635.0,3.0,0.0,5.0,1.0,medium
stu_02800,class_034,73.77,38.05,41.44,20.34,51.7,49.15,48.17,4.0,734.0,3.0,1.0,3.0,2.0,medium
stu_02801,class_032,79.25,80.49,76.79,83.62,80.35,81.34,36.89,10.0,1689.0,7.0,3.0,4.0,0.0,low
stu_02802,class_038,100.0,78.84,75.18,72.89,86.1,90.88,28.05,5.0,1310.0,6.0,3.0,2.0,0.0,low
stu_02803,class_027,43.18,49.1,63.44,81.11,57.22,98.62,36.24,7.0,1164.0,5.0,2.0,13.0,1.0,medium
stu_02804,class_019,100.0,81.56,90.66,86.43,89.52,82.92,20.59,16.0,2012.0,9.0,6.0,16.0,0.0,low
stu_02805,class_007,56.39,43.47,58.39,54.15,48.82,50.27,33.14,3.0,957.0,4.0,2.0,4.0,2.0,medium
stu_02806,class_039,45.75,36.53,88.45,94.07,56.86,24.99,155.36,3.0,1107.0,5.0,1.0,6.0,0.0,high
stu_02807,class_008,88.97,89.68,79.91,78.18,75.42,28.55,32.61,0.0,1802.0,8.0,3.0,0.0,0.0,low
stu_02808,class_025,51.63,35.63,88.04,,57.47,60.7,34.91,3.0,800.0,4.0,2.0,1.0,3.0,medium
stu_02809,class_027,95.07,85.79,86.57,83.01,84.6,85.11,19.26,9.0,1785.0,8.0,4.0,10.0,0.0,low
stu_02810,class_022,77.97,78.22,87.64,97.38,79.24,75.57,15.56,18.0,0.0,9.0,4.0,14.0,2.0,low
stu_02811,class_038,77.83,73.15,91.42,91.64,76.83,82.41,18.7,17.0,1720.0,7.0,3.0,24.0,0.0,low
stu_02812,class_001,43.47,32.24,78.84,89.2,56.47,76.6,36.25,16.0,1673.0,7.0,5.0,15.0,2.0,low
stu_02813,class_020,77.24,96.64,81.88,87.59,85.94,81.44,33.83,13.0,2117.0,9.0,4.0,14.0,0.0,low
stu_02814,class_010,85.14,100.0,88.68,98.43,83.74,77.83,25.72,6.0,1870.0,8.0,5.0,1.0,1.0,low
stu_02815,class_026,31.84,54.25,15.64,12.15,33.79,32.39,61.22,4.0,1117.0,5.0,1.0,5.0,5.0,high
stu_02816,class_016,31.21,30.83,26.8,24.41,28.92,35.55,33.98,3.0,579.0,3.0,0.0,3.0,3.0,high
stu_02817,class_006,55.45,17.04,18.66,11.04,30.84,36.27,50.6,4.0,497.0,2.0,0.0,8.0,1.0,high
stu_02818,class_030,75.23,49.97,22.36,17.08,44.54,13.73,69.14,3.0,812.0,4.0,1.0,3.0,4.0,high
stu_02819,class_005,53.58,81.05,76.95,73.9,66.62,52.67,56.11,3.0,1422.0,6.0,2.0,2.0,1.0,medium
stu_02820,class_009,77.29,37.95,93.81,89.56,69.14,47.62,21.55,6.0,752.0,4.0,2.0,4.0,0.0,medium
stu_02821,class_035,81.48,84.73,72.59,64.44,81.19,79.13,16.55,16.0,2060.0,9.0,4.0,29.0,0.0,low
stu_02822,class_019,96.84,65.79,70.32,82.17,78.04,80.84,28.85,1.0,1291.0,6.0,3.0,0.0,2.0,medium
stu_02823,class_034,42.97,22.92,84.37,89.78,54.4,70.56,62.45,4.0,1243.0,5.0,1.0,5.0,2.0,medium
stu_02824,class_003,40.73,60.41,77.95,79.58,59.1,50.53,31.02,5.0,997.0,4.0,1.0,8.0,1.0,medium
stu_02825,class_018,56.92,61.38,75.6,87.97,63.06,61.55,37.1,6.0,1208.0,5.0,2.0,11.0,3.0,medium
stu_02826,class_013,98.26,12.95,34.75,26.37,53.16,17.55,27.7,0.0,452.0,2.0,1.0,0.0,0.0,medium
stu_02827,class_025,64.67,60.18,59.86,41.34,58.92,58.76,24.24,4.0,1374.0,6.0,2.0,3.0,3.0,medium
stu_02828,class_038,19.34,34.86,26.05,32.78,22.76,18.02,79.97,5.0,0.0,4.0,2.0,8.0,4.0,high
stu_02829,class_002,73.5,89.99,85.06,91.72,86.99,82.18,20.79,17.0,2184.0,9.0,4.0,15.0,2.0,low
stu_02830,class_026,40.13,78.36,100.0,95.54,68.12,34.09,72.45,8.0,1717.0,7.0,3.0,9.0,1.0,medium
stu_02831,class_020,,32.28,56.16,57.77,56.2,72.7,24.98,6.0,806.0,4.0,1.0,11.0,3.0,medium
stu_02832,class_001,76.29,100.0,91.26,92.08,83.09,78.77,26.6,13.0,2037.0,9.0,5.0,17.0,0.0,low
stu_02833,class_013,55.33,18.69,42.4,52.46,42.26,37.27,27.04,1.0,160.0,1.0,1.0,1.0,3.0,medium
stu_02834,class_018,86.8,34.77,55.65,65.81,59.56,51.55,57.01,6.0,876.0,4.0,3.0,6.0,1.0,medium
stu_02835,class_025,91.56,96.32,80.32,77.15,88.12,80.79,17.09,12.0,1861.0,8.0,4.0,18.0,0.0,low
stu_02836,class_004,64.58,76.66,85.55,82.5,74.59,79.93,21.08,6.0,,7.0,3.0,6.0,1.0,low
stu_02837,class_021,20.72,8.9,37.41,37.8,22.27,24.11,49.24,1.0,253.0,2.0,0.0,0.0,3.0,high
stu_02838,class_002,100.0,89.07,98.7,95.86,90.43,69.9,29.1,8.0,1982.0,8.0,5.0,13.0,0.0,low
stu_02839,class_018,81.87,84.51,72.8,74.32,77.59,65.0,25.32,0.0,1699.0,7.0,4.0,0.0,2.0,low
stu_02840,class_027,12.95,37.55,75.39,77.87,41.21,40.29,54.29,3.0,897.0,4.0,1.0,7.0,4.0,high
stu_02841,class_004,80.4,90.04,88.34,98.06,85.95,75.46,64.32,9.0,1829.0,8.0,5.0,11.0,0.0,low
stu_02842,class_006,86.6,88.97,85.75,83.6,82.63,54.56,33.58,18.0,2130.0,9.0,5.0,17.0,0.0,low
stu_02843,class_016,100.0,66.81,71.37,74.51,84.28,88.88,36.16,13.0,1495.0,6.0,3.0,23.0,0.0,low
stu_02844,class_025,,79.53,86.62,,76.3,58.19,24.44,14.0,1960.0,8.0,,20.0,1.0,low
stu_02845,class_034,,42.29,40.22,38.19,55.8,60.83,46.4,8.0,1071.0,5.0,1.0,13.0,3.0,medium
stu_02846,class_007,73.4,42.03,51.94,50.01,56.97,81.98,61.65,5.0,1032.0,5.0,1.0,8.0,3.0,medium
stu_02847,class_014,39.55,52.93,84.18,70.48,53.99,42.31,36.84,4.0,1183.0,5.0,3.0,3.0,0.0,medium
stu_02848,class_012,91.1,100.0,93.89,100.0,94.63,75.55,19.3,11.0,2244.0,9.0,5.0,9.0,1.0,low
stu_02849,class_005,26.85,51.7,91.04,88.82,56.06,73.55,25.44,15.0,1925.0,8.0,4.0,12.0,2.0,low
stu_02850,class_027,47.97,43.68,75.04,79.73,53.49,63.19,18.76,6.0,1066.0,5.0,2.0,9.0,1.0,medium
stu_02851,class_034,85.29,72.44,85.0,100.0,85.42,69.23,19.99,11.0,1759.0,8.0,5.0,18.0,,low
stu_02852,class_018,45.87,0.0,49.74,58.84,33.9,33.8,41.77,2.0,0.0,1.0,0.0,3.0,2.0,high
stu_02853,class_005,47.61,43.18,72.04,77.32,52.22,5.0,40.65,10.0,959.0,4.0,1.0,11.0,3.0,medium
stu_02854,class_022,92.17,87.4,83.61,85.59,86.99,80.55,23.09,14.0,1917.0,8.0,5.0,25.0,1.0,low
stu_02855,class_002,100.0,65.4,72.29,62.3,82.75,80.29,29.42,13.0,1451.0,6.0,3.0,13.0,0.0,low
stu_02856,class_009,47.25,25.62,,22.88,31.78,36.02,74.42,1.0,596.0,3.0,0.0,4.0,3.0,high
stu_02857,class_008,81.25,90.56,80.54,77.74,82.19,89.61,19.4,5.0,1661.0,7.0,4.0,5.0,0.0,low
stu_02858,class_021,84.53,59.32,74.63,78.12,76.03,70.33,15.67,10.0,1248.0,5.0,0.0,13.0,0.0,low
stu_02859,class_004,80.43,81.44,94.08,92.14,82.22,85.24,36.19,10.0,1521.0,7.0,4.0,11.0,0.0,low
stu_02860,class_021,71.03,45.32,56.65,57.59,57.18,52.06,30.71,5.0,794.0,4.0,1.0,10.0,2.0,medium
stu_02861,class_002,79.35,84.13,73.44,71.99,81.15,68.25,20.53,9.0,1954.0,8.0,4.0,11.0,0.0,low
stu_02862,class_003,100.0,81.9,87.47,89.43,90.34,83.08,27.7,12.0,1611.0,7.0,4.0,19.0,0.0,low
stu_02863,class_034,86.22,75.82,78.6,70.78,90.01,89.42,19.52,17.0,1942.0,8.0,3.0,17.0,0.0,low
stu_02864,class_008,70.99,46.91,59.91,57.09,59.51,74.22,60.34,2.0,805.0,4.0,1.0,0.0,1.0,medium
stu_02865,class_038,35.92,21.65,34.97,39.69,30.36,34.68,16.45,4.0,526.0,3.0,0.0,5.0,6.0,high
stu_02866,class_038,97.69,85.93,93.77,81.25,91.46,100.0,34.6,9.0,1596.0,7.0,4.0,11.0,0.0,low
stu_02867,class_010,97.75,74.23,89.89,94.03,95.04,92.26,18.44,16.0,1813.0,8.0,4.0,17.0,0.0,low
stu_02868,class_028,45.87,34.89,49.52,52.65,42.55,38.85,87.37,1.0,696.0,3.0,2.0,0.0,6.0,high
stu_02869,class_034,21.38,0.89,32.11,26.07,22.24,36.55,174.35,4.0,167.0,1.0,1.0,3.0,5.0,high
stu_02870,class_013,71.97,62.64,46.67,53.06,52.11,25.31,25.59,0.0,1353.0,6.0,3.0,0.0,3.0,medium
stu_02871,class_001,18.63,37.62,23.94,14.53,22.97,25.24,106.3,5.0,920.0,4.0,1.0,4.0,2.0,high
stu_02872,class_016,57.37,69.45,58.19,51.7,61.96,64.95,29.42,4.0,1391.0,6.0,0.0,3.0,0.0,medium
stu_02873,class_020,71.54,100.0,100.0,87.79,83.21,85.08,20.84,7.0,1710.0,7.0,4.0,5.0,0.0,low
stu_02874,class_009,88.68,69.6,33.78,27.14,73.14,79.03,21.31,17.0,2347.0,10.0,4.0,29.0,7.0,low
stu_02875,class_037,92.41,100.0,85.97,87.78,83.49,5.0,44.5,9.0,1891.0,8.0,5.0,12.0,3.0,medium
stu_02876,class_002,87.15,92.98,75.53,82.66,87.81,87.5,16.2,17.0,2136.0,9.0,4.0,32.0,1.0,low
stu_02877,class_014,71.01,53.73,38.11,33.02,58.9,32.0,45.11,9.0,1009.0,5.0,1.0,14.0,2.0,medium
stu_02878,class_015,28.08,39.22,15.0,28.22,27.92,32.65,188.77,2.0,993.0,4.0,1.0,3.0,3.0,medium
stu_02879,class_027,43.31,44.4,54.5,41.11,51.72,51.64,26.62,3.0,1074.0,5.0,1.0,4.0,6.0,high
stu_02880,class_018,94.28,89.16,58.15,56.03,83.22,81.33,39.56,7.0,1816.0,8.0,3.0,11.0,0.0,low
stu_02881,class_027,92.3,70.76,68.25,78.05,80.48,83.88,23.35,17.0,1772.0,8.0,3.0,21.0,0.0,low
stu_02882,class_023,83.11,72.39,88.65,83.42,84.28,100.0,19.16,10.0,1964.0,8.0,,16.0,2.0,low
stu_02883,class_021,85.39,75.37,76.12,79.23,84.31,81.07,16.71,18.0,1628.0,7.0,4.0,32.0,0.0,low
stu_02884,class_023,60.18,59.02,41.16,45.6,52.25,70.54,47.01,1.0,979.0,4.0,1.0,2.0,2.0,medium
stu_02885,class_028,79.77,95.86,82.85,78.46,87.39,77.32,21.49,8.0,2100.0,9.0,5.0,12.0,0.0,low
stu_02886,class_024,87.02,67.05,37.2,42.65,60.86,21.93,103.12,3.0,620.0,3.0,1.0,4.0,3.0,high
stu_02887,class_025,71.92,61.29,74.65,56.73,69.26,38.39,48.8,7.0,3434.0,13.0,10.0,14.0,5.0,medium
stu_02888,class_002,13.91,28.97,13.4,26.75,20.18,37.23,85.19,3.0,738.0,3.0,1.0,4.0,2.0,high
stu_02889,class_032,61.24,20.14,31.21,23.4,38.53,51.83,52.71,1.0,57.0,1.0,0.0,0.0,4.0,high
stu_02890,class_020,29.1,33.77,57.25,71.39,34.69,17.54,190.3,1.0,631.0,3.0,0.0,2.0,4.0,high
stu_02891,class_001,54.76,36.21,85.01,72.61,63.3,51.13,50.2,10.0,1018.0,5.0,2.0,14.0,2.0,medium
stu_02892,class_005,45.89,33.52,30.12,15.86,35.0,19.45,45.89,1.0,538.0,3.0,1.0,1.0,5.0,high
stu_02893,class_016,67.44,86.21,69.3,64.18,69.45,80.66,32.45,3.0,1568.0,7.0,,3.0,3.0,medium
stu_02894,class_006,34.86,22.72,0.2,6.13,20.72,5.85,114.53,4.0,426.0,2.0,0.0,7.0,4.0,high
stu_02895,class_030,21.86,75.64,35.75,34.71,48.43,35.84,31.39,10.0,1493.0,6.0,3.0,14.0,0.0,medium
stu_02896,class_009,70.1,32.03,28.3,35.82,52.15,,16.91,6.0,799.0,4.0,1.0,7.0,0.0,medium
stu_02897,class_018,17.67,25.34,24.5,34.06,22.52,14.42,27.83,2.0,619.0,3.0,1.0,3.0,3.0,high
stu_02898,class_008,60.05,50.02,74.41,64.82,60.78,56.71,47.59,6.0,1085.0,5.0,2.0,11.0,4.0,medium
stu_02899,class_030,100.0,84.57,78.88,83.83,85.81,72.94,25.39,9.0,1831.0,8.0,3.0,10.0,0.0,low
stu_02900,class_018,49.59,63.51,15.0,19.71,49.32,87.36,53.64,2.0,1349.0,6.0,2.0,4.0,3.0,medium
stu_02901,class_019,95.66,100.0,80.19,78.15,96.71,91.13,17.79,16.0,2085.0,9.0,5.0,15.0,0.0,low
stu_02902,class_027,71.11,75.15,77.01,75.89,77.22,81.12,23.64,12.0,1510.0,7.0,2.0,20.0,0.0,low
stu_02903,class_027,75.98,,77.14,69.43,82.0,66.22,32.24,14.0,2329.0,10.0,4.0,13.0,2.0,low
stu_02904,class_025,39.96,42.64,90.13,86.16,59.4,65.21,42.14,8.0,1196.0,5.0,1.0,9.0,2.0,medium
stu_02905,class_009,67.8,76.9,51.67,43.11,61.73,48.24,20.22,7.0,5106.0,20.0,11.0,11.0,5.0,medium
stu_02906,class_019,14.29,45.73,50.43,41.02,29.65,24.52,58.89,0.0,970.0,4.0,1.0,0.0,5.0,high
stu_02907,class_014,83.43,77.73,92.8,74.68,81.19,66.07,30.58,12.0,1835.0,8.0,5.0,13.0,0.0,low
stu_02908,class_006,76.87,81.2,33.16,43.78,63.74,57.09,17.41,2.0,1548.0,7.0,3.0,0.0,1.0,medium
stu_02909,class_028,47.59,70.47,85.1,88.34,71.59,60.63,85.93,10.0,1641.0,7.0,4.0,7.0,3.0,medium
stu_02910,class_038,75.95,86.57,78.93,79.82,83.7,77.09,26.73,7.0,1713.0,7.0,2.0,9.0,1.0,low
stu_02911,class_023,80.63,72.53,100.0,80.48,86.29,82.09,25.92,16.0,1650.0,7.0,4.0,33.0,0.0,low
stu_02912,class_005,90.42,81.65,79.09,76.44,84.65,65.57,12.02,6.0,0.0,7.0,3.0,9.0,0.0,low
stu_02913,class_031,93.05,67.23,93.33,100.0,80.91,66.66,57.41,15.0,1783.0,8.0,4.0,20.0,0.0,low
stu_02914,class_036,5.44,45.87,32.72,25.3,28.15,40.29,68.47,4.0,1012.0,5.0,1.0,1.0,3.0,high
stu_02915,class_014,20.74,19.87,38.12,32.08,27.45,50.4,28.25,0.0,398.0,2.0,1.0,1.0,4.0,high
stu_02916,class_040,55.72,48.42,49.01,41.5,46.02,34.42,74.0,2.0,1149.0,5.0,2.0,0.0,8.0,high
stu_02917,class_026,88.07,82.51,93.36,92.68,86.99,84.68,38.78,12.0,1838.0,8.0,4.0,14.0,0.0,low
stu_02918,class_021,58.83,39.51,86.22,100.0,56.11,37.61,30.24,6.0,939.0,4.0,3.0,7.0,2.0,medium
stu_02919,class_028,64.89,34.87,77.5,69.41,63.85,48.32,84.85,8.0,940.0,4.0,1.0,16.0,2.0,medium
stu_02920,class_021,92.0,89.47,76.44,71.36,87.12,71.25,97.09,8.0,1937.0,8.0,3.0,12.0,2.0,medium
stu_02921,class_016,70.77,28.8,42.71,43.52,52.39,85.57,28.16,5.0,520.0,3.0,0.0,3.0,3.0,medium
stu_02922,class_039,64.51,48.59,55.88,64.97,57.93,49.1,60.9,10.0,1410.0,6.0,2.0,12.0,3.0,medium
stu_02923,class_004,53.78,65.36,47.65,30.7,49.41,46.05,40.53,0.0,1419.0,6.0,3.0,0.0,0.0,medium
stu_02924,class_037,100.0,64.94,59.99,53.18,81.55,63.41,48.01,10.0,1352.0,6.0,4.0,15.0,2.0,medium
stu_02925,class_002,79.29,44.69,55.14,69.41,61.49,57.32,29.21,8.0,1029.0,5.0,1.0,15.0,4.0,medium
stu_02926,class_021,61.69,78.48,69.85,81.72,62.88,37.28,18.71,2.0,1257.0,6.0,1.0,1.0,1.0,medium
stu_02927,class_013,91.16,89.32,86.48,100.0,86.0,73.78,28.61,16.0,2101.0,9.0,5.0,28.0,0.0,low
stu_02928,class_005,82.41,93.37,100.0,96.37,89.71,85.66,11.64,13.0,1651.0,7.0,4.0,19.0,0.0,low
stu_02929,class_023,8.55,40.53,43.28,49.01,23.07,0.47,27.06,5.0,915.0,4.0,1.0,7.0,3.0,high
stu_02930,class_003,80.42,94.72,80.72,97.09,86.27,95.92,33.14,18.0,2041.0,9.0,5.0,20.0,1.0,low
stu_02931,class_015,30.96,73.39,64.72,69.09,56.05,73.55,39.98,6.0,1242.0,5.0,2.0,5.0,5.0,medium
stu_02932,class_030,88.79,91.12,88.26,81.65,91.34,88.95,35.67,8.0,1775.0,8.0,4.0,15.0,0.0,low
stu_02933,class_002,93.58,79.8,88.25,81.21,89.08,84.88,40.87,6.0,1706.0,7.0,4.0,8.0,0.0,low
stu_02934,class_004,87.93,78.61,88.3,82.03,85.19,62.02,21.17,9.0,1541.0,7.0,4.0,11.0,0.0,low
stu_02935,class_001,60.66,26.14,48.86,45.58,47.35,42.11,77.87,7.0,594.0,3.0,0.0,8.0,1.0,medium
stu_02936,class_013,84.6,68.93,84.31,86.6,76.84,79.6,22.1,16.0,1504.0,7.0,5.0,22.0,0.0,low
stu_02937,class_029,38.07,67.74,28.41,23.68,36.97,51.03,91.31,1.0,1140.0,5.0,2.0,0.0,1.0,high
stu_02938,class_004,3.84,0.0,52.28,49.53,16.06,55.71,47.76,3.0,279.0,2.0,1.0,0.0,1.0,high
stu_02939,class_037,44.9,74.41,54.1,60.36,58.37,78.6,31.34,4.0,1468.0,6.0,3.0,3.0,4.0,medium
stu_02940,class_034,97.13,77.75,70.86,59.55,79.1,62.25,20.4,15.0,1832.0,8.0,4.0,20.0,0.0,low
stu_02941,class_031,56.97,67.25,78.65,75.13,52.16,18.72,28.88,0.0,1270.0,6.0,1.0,0.0,2.0,medium
stu_02942,class_033,27.52,47.91,36.87,27.13,36.1,30.06,50.54,3.0,810.0,4.0,2.0,5.0,3.0,high
stu_02943,class_011,88.96,28.6,78.14,97.02,65.72,64.41,35.76,8.0,748.0,3.0,3.0,12.0,0.0,medium
stu_02944,class_012,35.23,25.23,57.82,64.49,35.27,34.47,66.85,5.0,623.0,3.0,0.0,8.0,2.0,high
stu_02945,class_012,86.63,78.28,85.12,85.79,79.79,85.0,41.62,7.0,1700.0,7.0,4.0,5.0,0.0,low
stu_02946,class_015,76.15,82.92,94.21,92.15,81.21,79.02,22.42,5.0,1798.0,8.0,3.0,8.0,0.0,low
stu_02947,class_033,59.75,56.28,83.5,88.13,67.43,53.33,95.2,9.0,1449.0,6.0,3.0,12.0,2.0,medium
stu_02948,class_017,74.82,46.66,69.12,74.29,68.61,75.71,38.27,9.0,920.0,4.0,2.0,17.0,0.0,medium
stu_02949,class_037,81.36,57.85,88.37,93.97,77.32,78.21,18.78,8.0,1242.0,5.0,4.0,11.0,0.0,low
stu_02950,class_026,36.66,46.06,57.48,65.33,43.51,33.96,26.72,3.0,1176.0,5.0,1.0,5.0,1.0,medium
stu_02951,class_040,86.88,83.07,69.02,74.22,79.73,69.22,10.64,10.0,1781.0,8.0,3.0,16.0,0.0,low
stu_02952,class_023,90.94,86.73,85.46,74.85,89.84,83.34,14.6,13.0,1854.0,8.0,4.0,13.0,0.0,low
stu_02953,class_032,93.52,69.59,86.74,91.26,81.14,66.78,19.78,16.0,1801.0,8.0,5.0,10.0,0.0,low
stu_02954,class_026,83.78,87.93,78.77,74.04,83.54,61.79,22.46,17.0,1994.0,8.0,4.0,22.0,1.0,low
stu_02955,class_029,28.78,21.35,87.39,83.08,39.62,38.38,84.04,1.0,932.0,4.0,2.0,2.0,2.0,high
stu_02956,class_039,89.12,74.2,97.37,100.0,82.93,83.33,32.12,16.0,1910.0,8.0,4.0,15.0,0.0,low
stu_02957,class_002,84.99,71.06,83.45,84.46,83.33,93.66,34.83,16.0,1655.0,7.0,4.0,14.0,,low
stu_02958,class_028,44.13,70.98,51.55,56.39,57.39,68.61,26.5,9.0,1497.0,6.0,2.0,11.0,1.0,medium
stu_02959,class_033,90.0,98.08,92.94,78.7,88.49,56.8,37.14,18.0,2249.0,9.0,6.0,16.0,0.0,low
stu_02960,class_014,97.42,81.65,88.41,74.89,90.6,89.88,20.13,13.0,1665.0,7.0,4.0,24.0,1.0,low
stu_02961,class_028,54.6,61.96,40.99,44.05,53.72,33.52,49.11,8.0,1303.0,6.0,2.0,10.0,0.0,medium
stu_02962,class_010,17.71,34.65,27.86,22.97,20.52,32.51,65.98,0.0,668.0,3.0,2.0,2.0,4.0,high
stu_02963,class_038,40.01,8.76,42.92,49.31,29.55,11.91,35.39,0.0,95.0,1.0,1.0,0.0,5.0,high
stu_02964,class_016,80.68,46.52,47.78,54.56,65.93,95.78,20.08,15.0,2212.0,9.0,5.0,15.0,5.0,low
stu_02965,class_032,99.81,86.39,77.88,59.42,84.24,65.76,24.95,6.0,1446.0,6.0,4.0,5.0,0.0,low
stu_02966,class_006,21.96,26.11,30.04,16.96,25.58,35.71,23.05,3.0,440.0,2.0,0.0,4.0,5.0,high
stu_02967,class_039,71.06,85.69,80.31,87.78,78.33,65.65,32.64,13.0,1927.0,8.0,4.0,14.0,1.0,low
stu_02968,class_009,59.28,17.6,27.51,19.16,33.67,12.8,43.86,3.0,272.0,2.0,0.0,6.0,4.0,high
stu_02969,class_013,81.02,92.41,92.81,95.56,86.48,78.77,26.16,5.0,1681.0,7.0,4.0,3.0,1.0,low
stu_02970,class_033,63.25,50.07,69.73,72.99,60.28,63.66,44.3,7.0,961.0,4.0,1.0,10.0,3.0,medium
stu_02971,class_031,81.4,77.04,77.44,75.41,77.82,69.97,15.6,6.0,1620.0,7.0,3.0,6.0,0.0,low
stu_02972,class_002,32.7,26.27,56.22,53.2,39.31,39.93,40.14,4.0,495.0,2.0,0.0,6.0,4.0,high
stu_02973,class_016,97.17,89.31,88.81,81.0,88.26,67.66,24.07,17.0,1974.0,8.0,6.0,20.0,2.0,low
stu_02974,class_032,52.86,70.57,48.25,72.66,52.96,28.41,36.34,3.0,3939.0,15.0,9.0,15.0,4.0,medium
stu_02975,class_006,84.64,61.23,96.01,90.83,75.87,81.34,19.44,5.0,1068.0,5.0,3.0,5.0,0.0,low
stu_02976,class_010,90.02,78.62,100.0,100.0,78.32,43.37,27.79,0.0,1515.0,7.0,5.0,0.0,0.0,low
stu_02977,class_011,78.32,69.14,67.16,67.24,67.24,39.48,35.11,6.0,1330.0,6.0,2.0,4.0,1.0,medium
stu_02978,class_020,,92.77,66.57,87.91,64.37,60.96,51.19,8.0,5162.0,20.0,7.0,26.0,4.0,medium
stu_02979,class_002,86.37,83.69,57.91,54.18,73.81,67.35,21.92,5.0,1631.0,7.0,4.0,5.0,0.0,low
stu_02980,class_038,84.57,72.24,85.23,90.32,77.44,68.23,21.16,12.0,1652.0,7.0,4.0,12.0,1.0,low
stu_02981,class_012,93.39,87.13,91.07,94.23,84.84,74.74,19.39,15.0,2151.0,9.0,5.0,22.0,0.0,low
stu_02982,class_023,48.1,64.17,40.01,44.25,52.07,81.38,33.54,5.0,1147.0,5.0,1.0,4.0,1.0,medium
stu_02983,class_001,32.52,53.98,55.72,51.63,39.57,26.22,34.52,1.0,1153.0,5.0,1.0,4.0,2.0,high
stu_02984,class_028,86.45,82.97,78.81,77.65,85.22,80.07,19.22,11.0,1853.0,8.0,4.0,9.0,0.0,low
stu_02985,class_012,93.3,100.0,87.18,87.52,90.04,100.0,19.58,6.0,2105.0,9.0,5.0,4.0,0.0,low
stu_02986,class_025,81.23,68.57,89.4,96.16,81.43,76.32,43.62,13.0,1545.0,7.0,5.0,20.0,1.0,low
stu_02987,class_020,86.13,93.2,89.89,93.85,83.68,94.3,19.96,6.0,1976.0,8.0,5.0,6.0,1.0,low
stu_02988,class_003,86.14,92.12,97.39,78.32,91.69,81.09,29.32,11.0,2124.0,9.0,6.0,15.0,0.0,low
stu_02989,class_001,79.53,100.0,87.89,80.19,87.12,65.37,34.29,17.0,2267.0,10.0,4.0,15.0,0.0,low
stu_02990,class_027,26.33,35.88,48.43,54.47,32.52,23.86,22.66,1.0,0.0,4.0,1.0,0.0,2.0,high
stu_02991,class_017,29.5,30.9,84.59,71.74,52.65,43.59,78.02,10.0,880.0,4.0,2.0,9.0,0.0,medium
stu_02992,class_017,67.75,46.6,58.48,62.41,64.46,84.21,41.26,,1073.0,5.0,1.0,17.0,0.0,medium
stu_02993,class_024,49.14,100.0,62.27,47.35,65.97,29.49,23.63,7.0,1888.0,8.0,2.0,9.0,6.0,medium
stu_02994,class_032,86.61,82.81,87.06,85.38,87.02,88.26,29.48,9.0,1881.0,8.0,4.0,9.0,0.0,low
stu_02995,class_002,57.78,51.3,55.55,62.1,58.53,96.98,41.08,2.0,943.0,4.0,2.0,0.0,2.0,medium
stu_02996,class_037,38.78,62.38,58.31,57.86,46.09,40.34,31.09,0.0,1022.0,5.0,2.0,0.0,2.0,medium
stu_02997,class_017,91.97,59.45,67.48,64.62,72.74,70.87,37.5,6.0,1326.0,6.0,3.0,4.0,1.0,medium
stu_02998,class_026,17.38,47.2,26.35,28.03,28.31,30.82,53.74,2.0,1001.0,5.0,1.0,3.0,6.0,high
stu_02999,class_036,86.83,79.47,74.79,79.26,79.06,71.87,27.06,17.0,1896.0,8.0,3.0,33.0,0.0,low
stu_03000,class_015,72.42,79.43,74.85,74.89,76.35,70.04,21.02,11.0,1652.0,7.0,3.0,13.0,2.0,low
stu_03001,class_033,47.62,12.61,90.0,89.56,51.31,30.72,55.86,3.0,247.0,1.0,2.0,0.0,2.0,high
stu_03002,class_023,95.3,100.0,77.57,79.29,82.03,61.15,34.68,0.0,2197.0,9.0,4.0,0.0,1.0,low
stu_03003,class_002,35.08,6.39,45.98,43.5,25.08,27.78,40.69,2.0,309.0,2.0,0.0,1.0,5.0,high
stu_03004,class_029,86.55,65.92,71.35,71.74,76.0,64.83,21.78,0.0,1842.0,8.0,3.0,14.0,0.0,low
stu_03005,class_020,89.5,78.32,76.87,80.09,80.75,83.21,22.66,6.0,1311.0,6.0,4.0,8.0,0.0,low
stu_03006,class_027,87.25,86.5,,100.0,92.53,88.91,23.02,16.0,1835.0,8.0,4.0,21.0,1.0,low
stu_03007,class_018,81.59,100.0,90.57,85.39,88.77,76.53,16.82,10.0,2034.0,9.0,6.0,12.0,,low
stu_03008,class_013,45.52,37.0,57.49,70.9,46.32,59.43,26.85,7.0,879.0,4.0,1.0,7.0,4.0,medium
stu_03009,class_025,25.28,16.07,72.28,69.5,39.85,73.03,16.08,5.0,1550.0,7.0,3.0,7.0,1.0,medium
stu_03010,class_030,17.88,51.02,38.72,37.43,33.84,,40.19,5.0,1044.0,5.0,1.0,7.0,1.0,high
stu_03011,class_006,93.08,79.73,80.56,90.27,85.98,62.74,28.55,6.0,1721.0,7.0,5.0,4.0,0.0,low
stu_03012,class_023,98.27,72.26,96.69,96.67,88.86,81.28,29.92,5.0,1481.0,6.0,4.0,4.0,0.0,low
stu_03013,class_034,63.55,69.72,32.33,29.61,63.64,78.97,44.1,10.0,1705.0,7.0,2.0,8.0,2.0,medium
stu_03014,class_001,0.0,4.12,50.37,48.88,16.69,1.61,58.63,4.0,435.0,2.0,0.0,3.0,4.0,high
stu_03015,class_004,80.36,84.49,88.04,93.81,79.56,69.64,15.73,13.0,1851.0,8.0,4.0,18.0,1.0,low
stu_03016,class_035,86.12,52.34,69.62,71.85,67.65,51.42,30.88,3.0,1199.0,5.0,2.0,5.0,2.0,medium
stu_03017,class_016,51.2,62.07,70.11,74.47,56.25,43.35,34.07,3.0,1219.0,5.0,1.0,3.0,3.0,medium
stu_03018,class_010,100.0,85.85,90.21,86.71,92.62,70.82,23.73,6.0,1694.0,7.0,4.0,7.0,0.0,low
stu_03019,class_014,70.2,65.82,80.71,77.24,66.13,46.36,33.72,1.0,1162.0,5.0,3.0,3.0,3.0,medium
stu_03020,class_026,66.07,76.12,77.77,79.95,74.86,83.87,42.19,16.0,1764.0,8.0,2.0,16.0,1.0,low
stu_03021,class_028,85.97,74.94,63.43,49.01,76.89,56.29,55.56,8.0,1535.0,7.0,3.0,8.0,2.0,medium
stu_03022,class_023,92.07,100.0,87.03,89.44,85.84,38.4,9.38,0.0,2227.0,9.0,5.0,0.0,0.0,low
stu_03023,class_025,98.49,91.67,79.06,92.44,90.07,92.19,19.46,8.0,1835.0,8.0,3.0,8.0,1.0,low
stu_03024,class_036,80.61,78.55,86.39,72.76,80.66,73.13,29.67,8.0,1943.0,8.0,4.0,16.0,0.0,low
stu_03025,class_032,86.56,68.31,78.92,,73.8,76.63,38.56,5.0,1251.0,6.0,2.0,8.0,1.0,medium
stu_03026,class_017,98.86,99.81,81.53,79.25,90.38,96.43,30.55,8.0,1863.0,8.0,4.0,11.0,1.0,low
stu_03027,class_009,27.07,48.77,65.92,56.89,47.89,40.21,31.16,4.0,1124.0,5.0,1.0,6.0,1.0,medium
stu_03028,class_001,73.22,91.17,87.38,80.46,77.79,73.07,23.89,5.0,1945.0,8.0,3.0,5.0,0.0,low
stu_03029,class_016,90.65,48.58,78.0,86.95,71.55,69.78,25.84,4.0,6230.0,24.0,10.0,24.0,4.0,medium
stu_03030,class_040,54.27,46.84,33.48,27.45,38.05,8.27,46.53,4.0,933.0,4.0,1.0,2.0,3.0,high
stu_03031,class_034,99.87,90.97,80.29,,87.14,73.13,23.97,13.0,1963.0,8.0,5.0,22.0,0.0,low
stu_03032,class_032,49.73,66.16,60.94,67.74,53.51,45.13,12.76,8.0,1440.0,6.0,3.0,21.0,0.0,medium
stu_03033,class_038,97.35,96.12,89.27,86.67,96.84,74.47,23.22,17.0,2222.0,9.0,5.0,28.0,0.0,low
stu_03034,class_002,32.04,40.59,34.61,40.81,35.78,45.21,79.28,0.0,960.0,4.0,1.0,0.0,5.0,high
stu_03035,class_021,89.42,82.83,86.55,83.03,87.07,66.86,22.83,8.0,1785.0,8.0,5.0,2.0,0.0,low
stu_03036,class_002,89.89,93.53,74.11,83.6,88.0,78.5,13.82,7.0,1792.0,8.0,3.0,6.0,0.0,low
stu_03037,class_013,59.77,47.84,52.55,31.43,53.85,58.63,15.01,9.0,4171.0,16.0,13.0,26.0,5.0,medium
stu_03038,class_015,97.75,77.61,85.99,90.8,86.3,80.13,28.98,12.0,1602.0,7.0,0.0,11.0,0.0,low
stu_03039,class_037,58.74,15.83,52.86,60.01,42.84,30.74,46.83,0.0,321.0,2.0,0.0,0.0,5.0,high
stu_03040,class_016,48.64,47.47,60.25,61.04,53.18,38.7,34.39,6.0,971.0,4.0,1.0,1.0,2.0,medium
stu_03041,class_040,60.29,71.58,54.27,49.67,65.99,70.42,14.67,4.0,1369.0,6.0,2.0,6.0,2.0,medium
stu_03042,class_032,62.67,50.87,57.57,44.35,60.36,62.26,28.75,4.0,970.0,4.0,1.0,6.0,0.0,medium
stu_03043,class_031,33.89,37.43,34.05,34.67,38.24,80.14,27.08,1.0,772.0,4.0,1.0,2.0,2.0,medium
stu_03044,class_016,73.47,73.21,83.35,67.3,76.31,85.43,46.85,5.0,1540.0,7.0,3.0,7.0,1.0,low
stu_03045,class_021,48.28,45.97,43.57,42.75,46.57,29.7,55.59,2.0,786.0,4.0,1.0,3.0,3.0,high
stu_03046,class_014,89.67,34.59,61.82,85.9,63.3,42.42,53.24,5.0,5710.0,22.0,14.0,13.0,3.0,medium
stu_03047,class_012,78.75,75.49,100.0,94.83,84.48,80.63,37.99,8.0,1737.0,7.0,4.0,6.0,1.0,low
stu_03048,class_002,89.58,47.51,95.55,99.0,75.79,34.55,48.19,4.0,779.0,4.0,3.0,4.0,3.0,medium
stu_03049,class_019,95.05,62.38,71.89,67.3,80.88,88.93,34.52,8.0,1269.0,6.0,2.0,12.0,1.0,low
stu_03050,class_039,89.59,67.88,83.21,80.46,74.7,65.0,18.21,0.0,1691.0,7.0,4.0,0.0,0.0,low
stu_03051,class_018,83.03,87.81,88.82,89.48,86.93,91.2,19.68,16.0,2067.0,9.0,6.0,24.0,0.0,low
stu_03052,class_017,83.09,95.11,86.98,78.45,84.23,67.74,27.49,8.0,1910.0,8.0,4.0,7.0,0.0,low
stu_03053,class_006,88.86,92.36,73.26,76.28,86.98,100.0,14.4,9.0,1809.0,8.0,3.0,6.0,1.0,low
stu_03054,class_038,27.09,41.89,46.64,57.61,38.07,30.71,47.93,1.0,860.0,4.0,1.0,1.0,3.0,high
stu_03055,class_007,92.12,84.51,89.71,84.23,89.48,80.81,21.92,8.0,1834.0,8.0,4.0,10.0,0.0,low
stu_03056,class_012,88.78,84.5,32.53,37.76,69.81,60.1,37.16,3.0,771.0,4.0,1.0,4.0,7.0,high
stu_03057,class_036,59.49,54.94,36.35,34.47,54.12,72.58,40.43,2.0,1145.0,5.0,1.0,2.0,0.0,medium
stu_03058,class_028,37.36,78.7,45.11,47.67,48.0,28.11,23.04,0.0,1795.0,8.0,3.0,0.0,1.0,medium
stu_03059,class_016,79.1,45.74,25.98,25.03,53.11,52.1,24.05,6.0,971.0,4.0,2.0,4.0,0.0,medium
stu_03060,class_032,96.94,53.9,81.32,70.8,82.09,77.7,28.6,18.0,1547.0,7.0,4.0,19.0,1.0,low
stu_03061,class_006,79.8,93.57,82.3,90.48,82.63,88.62,20.01,16.0,1971.0,8.0,4.0,13.0,1.0,low
stu_03062,class_014,93.82,81.65,78.96,74.08,81.47,75.37,16.17,14.0,1809.0,8.0,4.0,23.0,1.0,low
stu_03063,class_039,56.59,,,47.4,45.05,75.42,19.13,8.0,876.0,4.0,1.0,7.0,1.0,medium
stu_03064,class_034,83.6,76.77,79.66,95.9,73.6,62.68,25.33,0.0,1776.0,8.0,3.0,0.0,0.0,low
stu_03065,class_008,88.84,94.15,86.42,80.55,89.52,70.87,33.91,17.0,2271.0,10.0,5.0,22.0,0.0,low
stu_03066,class_024,47.05,94.0,44.05,37.75,56.55,43.8,35.5,6.0,2033.0,9.0,3.0,7.0,2.0,medium
stu_03067,class_038,48.86,33.16,18.26,36.87,34.06,0.0,71.44,5.0,851.0,4.0,1.0,6.0,3.0,high
stu_03068,class_038,44.09,45.93,26.09,39.33,35.68,34.14,89.25,1.0,756.0,4.0,2.0,1.0,3.0,high
stu_03069,class_027,16.43,7.94,59.55,57.77,27.67,40.87,26.8,5.0,149.0,1.0,1.0,8.0,4.0,high
stu_03070,class_013,56.09,70.46,63.19,63.14,65.63,48.08,37.9,7.0,1442.0,6.0,3.0,15.0,3.0,medium
stu_03071,class_021,32.55,27.9,40.47,36.71,36.09,30.51,27.3,5.0,408.0,2.0,0.0,6.0,5.0,high
stu_03072,class_014,24.84,41.31,3.97,0.0,25.15,21.83,54.41,5.0,666.0,3.0,1.0,4.0,4.0,high
stu_03073,class_025,75.78,38.49,19.61,11.04,45.56,32.34,55.14,3.0,459.0,2.0,0.0,5.0,3.0,high
stu_03074,class_001,40.29,54.4,84.41,67.21,62.91,54.65,16.78,11.0,1645.0,7.0,3.0,13.0,1.0,low
stu_03075,class_007,41.04,10.61,83.52,78.27,49.08,87.44,27.34,7.0,1713.0,7.0,4.0,4.0,2.0,low
stu_03076,class_008,44.14,8.94,33.81,34.74,29.95,62.02,44.89,0.0,74.0,1.0,0.0,1.0,6.0,high
stu_03077,class_013,13.32,0.0,0.0,0.0,12.14,38.2,24.3,5.0,233.0,1.0,0.0,7.0,1.0,high
stu_03078,class_034,71.49,79.66,56.06,,73.57,86.1,24.76,7.0,1567.0,7.0,3.0,7.0,0.0,low
stu_03079,class_035,47.56,49.04,40.93,25.34,48.11,59.16,53.25,8.0,1120.0,5.0,1.0,4.0,2.0,medium
stu_03080,class_027,47.65,41.85,22.34,26.3,33.54,0.0,64.16,3.0,712.0,3.0,1.0,4.0,8.0,high
stu_03081,class_016,99.89,82.5,82.59,93.63,90.82,76.05,19.16,12.0,1721.0,7.0,5.0,13.0,0.0,low
stu_03082,class_001,90.19,95.12,79.65,87.87,87.96,100.0,19.71,7.0,2160.0,9.0,4.0,6.0,1.0,low
stu_03083,class_021,77.97,66.59,,63.46,77.08,82.62,17.18,15.0,1607.0,7.0,2.0,15.0,2.0,low
stu_03084,class_035,78.63,59.17,86.84,81.53,72.71,64.21,29.9,0.0,1405.0,6.0,3.0,9.0,2.0,medium
stu_03085,class_004,37.66,50.36,61.3,57.91,43.81,49.38,50.63,0.0,1030.0,5.0,1.0,0.0,3.0,high
stu_03086,class_020,38.15,42.51,50.43,54.99,40.96,39.93,42.44,0.0,1050.0,5.0,1.0,0.0,4.0,medium
stu_03087,class_013,100.0,76.93,59.03,56.95,69.06,0.0,27.22,0.0,1695.0,7.0,3.0,0.0,0.0,low
stu_03088,class_007,86.0,92.61,70.82,81.13,88.84,90.42,27.38,11.0,1868.0,8.0,4.0,8.0,0.0,low
stu_03089,class_008,54.5,63.46,91.23,84.33,66.25,72.46,63.33,5.0,1406.0,6.0,4.0,9.0,4.0,medium
stu_03090,class_038,85.0,83.73,81.88,88.11,82.46,99.43,36.73,6.0,1566.0,7.0,5.0,6.0,0.0,low
stu_03091,class_039,68.5,51.65,45.05,46.09,58.15,64.81,22.76,6.0,1058.0,5.0,1.0,8.0,1.0,medium
stu_03092,class_010,84.34,98.71,84.15,90.8,84.3,61.09,16.8,,2089.0,9.0,5.0,15.0,0.0,low
stu_03093,class_001,71.62,75.82,53.42,62.9,72.84,85.81,36.94,7.0,1508.0,7.0,3.0,4.0,2.0,medium
stu_03094,class_039,74.12,93.56,77.03,82.71,82.06,81.5,32.53,14.0,1849.0,8.0,2.0,27.0,0.0,low
stu_03095,class_038,78.45,88.74,88.39,76.28,85.16,91.51,26.41,17.0,2135.0,9.0,4.0,28.0,0.0,low
stu_03096,class_040,43.01,25.17,51.7,45.26,37.02,10.58,20.7,5.0,628.0,3.0,0.0,5.0,5.0,high
stu_03097,class_002,80.11,91.8,85.87,74.85,83.09,78.07,27.6,6.0,1646.0,7.0,4.0,5.0,0.0,low
stu_03098,class_014,68.01,41.26,33.09,44.55,48.94,72.75,22.0,5.0,1146.0,5.0,1.0,3.0,3.0,medium
stu_03099,class_016,,73.35,82.85,91.59,87.21,76.33,37.37,9.0,1548.0,7.0,5.0,17.0,0.0,low
stu_03100,class_019,88.69,85.19,83.86,70.67,80.45,36.46,27.96,0.0,2070.0,9.0,5.0,0.0,0.0,low
stu_03101,class_035,68.03,54.12,51.49,54.48,58.0,52.55,26.25,8.0,1152.0,5.0,2.0,11.0,1.0,medium
stu_03102,class_040,92.18,66.23,91.06,87.76,85.23,85.87,48.09,18.0,1490.0,6.0,5.0,15.0,0.0,low
stu_03103,class_024,68.88,71.54,36.71,43.9,50.83,10.88,59.43,1.0,1245.0,5.0,1.0,0.0,5.0,high
stu_03104,class_039,43.46,54.7,68.59,70.9,55.15,51.98,25.61,8.0,1239.0,5.0,1.0,8.0,1.0,medium
stu_03105,class_010,66.34,,58.45,65.33,60.5,61.85,27.33,1.0,1471.0,6.0,2.0,0.0,1.0,medium
stu_03106,class_031,98.26,77.16,86.1,93.26,92.73,73.49,22.75,13.0,1839.0,8.0,4.0,10.0,0.0,low
stu_03107,class_026,42.9,48.35,80.12,100.0,53.24,50.71,34.16,1.0,811.0,4.0,1.0,0.0,0.0,high
stu_03108,class_030,85.03,72.11,95.39,92.17,83.96,69.39,21.79,15.0,1858.0,8.0,4.0,18.0,0.0,low
stu_03109,class_011,54.37,65.96,51.06,60.05,54.24,35.83,45.11,4.0,1214.0,5.0,2.0,0.0,2.0,medium
stu_03110,class_011,100.0,85.51,90.09,100.0,91.63,64.81,34.92,11.0,1993.0,8.0,6.0,10.0,0.0,low
stu_03111,class_029,78.76,35.18,48.29,48.98,59.84,74.03,77.97,0.0,769.0,4.0,2.0,0.0,6.0,medium
stu_03112,class_028,74.62,62.66,40.3,43.91,61.61,78.68,59.09,5.0,1389.0,6.0,2.0,8.0,3.0,medium
stu_03113,class_007,0.98,,36.03,31.74,16.55,38.03,200.9,2.0,149.0,1.0,0.0,0.0,4.0,high
stu_03114,class_010,76.85,100.0,92.9,92.89,84.8,60.97,28.07,13.0,2099.0,9.0,5.0,16.0,1.0,low
stu_03115,class_031,100.0,70.1,78.87,69.24,82.73,64.45,12.51,11.0,1700.0,7.0,4.0,11.0,1.0,low
stu_03116,class_010,78.0,52.0,76.54,82.16,65.57,52.74,9.08,0.0,787.0,4.0,2.0,0.0,2.0,medium
stu_03117,class_021,72.05,34.12,36.31,33.39,47.42,26.51,76.33,4.0,685.0,3.0,1.0,7.0,0.0,high
stu_03118,class_033,64.23,65.64,94.87,100.0,70.26,65.34,36.29,4.0,1212.0,5.0,2.0,5.0,3.0,medium
stu_03119,class_016,32.73,51.37,88.7,93.72,53.99,,20.07,8.0,1546.0,7.0,3.0,0.0,1.0,low
stu_03120,class_036,100.0,72.59,85.25,85.79,87.55,86.29,16.78,9.0,1758.0,8.0,5.0,15.0,0.0,low
stu_03121,class_017,61.41,34.39,93.5,100.0,59.38,44.4,24.1,5.0,810.0,4.0,2.0,14.0,2.0,medium
stu_03122,class_018,57.02,21.64,78.51,75.49,52.36,23.26,27.29,8.0,626.0,3.0,0.0,8.0,0.0,medium
stu_03123,class_015,35.68,77.62,51.54,51.05,52.72,55.53,93.71,9.0,1727.0,7.0,3.0,10.0,2.0,medium
stu_03124,class_030,37.05,50.93,54.8,57.72,42.17,31.74,40.52,1.0,1151.0,5.0,1.0,2.0,2.0,medium
stu_03125,class_014,80.62,75.21,89.98,100.0,75.87,65.57,32.84,8.0,1456.0,6.0,4.0,18.0,0.0,low
stu_03126,class_039,58.39,20.66,60.89,66.41,46.3,11.56,58.72,4.0,436.0,2.0,0.0,,2.0,high
stu_03127,class_014,73.09,61.15,75.98,77.08,71.04,72.07,22.46,4.0,1327.0,6.0,3.0,7.0,3.0,medium
stu_03128,class_032,61.68,80.93,61.81,68.32,68.76,75.4,49.83,3.0,1601.0,7.0,3.0,4.0,2.0,medium
stu_03129,class_033,58.66,52.8,52.25,57.79,51.14,36.73,39.89,3.0,997.0,4.0,2.0,5.0,5.0,medium
stu_03130,class_007,87.46,77.1,100.0,96.76,88.68,83.37,41.42,5.0,1556.0,7.0,4.0,10.0,1.0,low
stu_03131,class_031,86.28,72.86,74.86,92.81,81.57,83.07,20.72,15.0,1746.0,7.0,4.0,25.0,0.0,low
stu_03132,class_032,47.33,69.1,75.6,67.86,56.89,25.49,26.98,7.0,,6.0,2.0,5.0,2.0,medium
stu_03133,class_030,15.0,22.24,75.97,71.62,42.06,81.09,34.64,10.0,679.0,3.0,1.0,10.0,3.0,medium
stu_03134,class_012,27.98,34.86,17.72,28.7,27.98,33.57,56.32,0.0,691.0,3.0,2.0,0.0,5.0,high
stu_03135,class_034,78.86,37.9,43.13,46.34,59.4,52.65,19.48,10.0,1133.0,5.0,1.0,18.0,1.0,medium
stu_03136,class_025,84.3,84.96,99.9,99.58,84.12,69.56,11.49,12.0,1789.0,8.0,5.0,7.0,0.0,low
stu_03137,class_030,73.49,57.32,82.83,84.2,70.31,71.64,14.87,10.0,1372.0,6.0,3.0,12.0,1.0,low
stu_03138,class_032,26.79,67.44,62.59,59.14,48.25,69.55,43.64,1.0,1293.0,6.0,1.0,2.0,2.0,medium
stu_03139,class_004,56.3,75.13,59.75,60.91,58.46,51.25,48.66,2.0,1331.0,6.0,2.0,4.0,2.0,medium
stu_03140,class_039,82.01,67.06,70.89,72.34,70.84,59.36,30.7,3.0,1192.0,5.0,3.0,2.0,0.0,medium
stu_03141,class_025,34.13,12.61,35.32,32.48,35.84,47.01,204.94,4.0,367.0,2.0,0.0,4.0,1.0,high
stu_03142,class_032,70.43,17.33,74.12,72.05,50.81,19.25,89.55,2.0,544.0,3.0,1.0,3.0,3.0,high
stu_03143,class_025,96.71,82.79,94.91,96.47,98.14,83.05,16.44,15.0,1998.0,8.0,5.0,23.0,0.0,low
stu_03144,class_026,93.76,69.87,92.16,76.94,84.81,84.28,24.93,14.0,1558.0,7.0,5.0,10.0,0.0,low
stu_03145,class_008,84.23,84.51,95.24,91.82,85.67,91.65,33.3,8.0,1789.0,8.0,4.0,5.0,1.0,low
stu_03146,class_006,30.34,42.16,21.51,17.9,31.56,16.29,186.2,1.0,859.0,4.0,1.0,2.0,5.0,high
stu_03147,class_030,93.42,85.46,84.36,82.68,91.82,92.24,20.06,18.0,2332.0,10.0,5.0,23.0,0.0,low
stu_03148,class_013,91.51,86.07,72.64,78.77,85.4,91.97,32.21,8.0,1681.0,7.0,3.0,11.0,1.0,low
stu_03149,class_039,52.14,74.59,42.54,34.91,58.56,72.47,47.29,3.0,1370.0,6.0,2.0,2.0,2.0,medium
stu_03150,class_014,93.39,56.5,82.65,70.05,88.09,87.09,17.45,17.0,1425.0,6.0,4.0,27.0,0.0,low
stu_03151,class_020,35.14,98.61,51.56,41.14,57.59,58.22,49.1,7.0,1861.0,8.0,2.0,9.0,2.0,medium
stu_03152,class_023,63.58,50.7,31.56,25.03,46.42,65.57,53.37,2.0,764.0,4.0,1.0,1.0,5.0,high
stu_03153,class_038,86.78,67.91,98.94,84.23,72.47,45.29,17.3,1.0,1273.0,6.0,3.0,1.0,0.0,medium
stu_03154,class_037,83.67,86.51,88.47,83.78,86.77,79.16,22.38,10.0,1616.0,7.0,4.0,11.0,0.0,low
stu_03155,class_013,68.99,78.42,74.58,78.34,78.46,90.26,42.17,18.0,1890.0,8.0,2.0,28.0,0.0,low
stu_03156,class_034,72.72,59.98,24.87,37.66,53.37,41.73,59.91,2.0,999.0,4.0,1.0,2.0,2.0,medium
stu_03157,class_005,70.85,92.66,80.18,73.52,73.89,79.78,25.75,5.0,1801.0,8.0,3.0,7.0,0.0,low
stu_03158,class_036,36.73,60.91,38.64,37.55,40.99,35.4,45.33,4.0,1218.0,5.0,1.0,4.0,0.0,medium
stu_03159,class_007,69.54,74.13,84.97,79.41,80.96,78.88,17.27,12.0,1454.0,6.0,4.0,23.0,1.0,low
stu_03160,class_032,81.88,40.59,81.22,74.19,61.77,33.39,75.48,3.0,922.0,4.0,3.0,5.0,2.0,medium
stu_03161,class_007,48.62,42.88,55.94,54.09,54.72,,68.94,6.0,4849.0,19.0,7.0,20.0,5.0,medium
stu_03162,class_035,9.9,38.74,38.06,31.92,27.96,26.69,88.14,2.0,579.0,3.0,0.0,3.0,1.0,high
stu_03163,class_040,46.88,21.91,36.58,39.32,34.85,36.96,56.56,2.0,401.0,2.0,0.0,3.0,6.0,high
stu_03164,class_003,42.16,50.82,41.61,34.5,47.62,35.48,11.3,9.0,1160.0,5.0,1.0,0.0,4.0,medium
stu_03165,class_011,44.01,79.36,65.5,72.94,63.1,65.83,20.03,9.0,1703.0,7.0,3.0,4.0,3.0,medium
stu_03166,class_038,77.44,81.51,40.45,56.85,69.95,41.97,29.04,6.0,3064.0,12.0,8.0,0.0,4.0,medium
stu_03167,class_037,54.81,66.23,76.31,67.98,62.13,66.16,54.35,4.0,1483.0,6.0,3.0,7.0,2.0,medium
stu_03168,class_025,31.94,12.89,30.18,30.59,23.06,,22.74,0.0,294.0,2.0,0.0,0.0,4.0,high
stu_03169,class_025,71.29,56.98,40.94,46.62,61.23,51.83,57.31,6.0,1409.0,6.0,2.0,11.0,2.0,medium
stu_03170,class_014,26.66,50.68,62.36,60.6,42.16,38.65,42.47,4.0,1068.0,5.0,1.0,3.0,1.0,high
stu_03171,class_018,41.9,56.13,64.51,77.07,62.25,94.77,34.19,18.0,2020.0,9.0,5.0,26.0,0.0,low
stu_03172,class_031,63.07,52.86,28.01,26.66,56.33,63.89,16.27,6.0,1196.0,5.0,1.0,5.0,1.0,medium
stu_03173,class_021,88.19,66.93,82.4,82.24,83.38,97.74,42.97,18.0,1724.0,7.0,,16.0,0.0,low
stu_03174,class_016,73.78,57.02,62.65,63.02,62.96,49.06,54.5,0.0,1183.0,5.0,1.0,0.0,2.0,medium
stu_03175,class_031,42.25,69.61,41.62,44.49,51.98,70.25,23.9,8.0,1461.0,6.0,2.0,10.0,3.0,medium
stu_03176,class_020,20.05,30.74,27.42,16.47,28.78,30.16,65.69,5.0,722.0,3.0,2.0,6.0,4.0,high
stu_03177,class_011,34.32,,22.98,25.28,27.13,25.13,34.76,1.0,669.0,3.0,1.0,2.0,6.0,high
stu_03178,class_035,94.42,70.6,80.2,74.52,83.9,80.69,20.23,8.0,1623.0,7.0,4.0,10.0,2.0,low
stu_03179,class_020,81.55,33.74,65.18,72.42,65.59,77.39,53.85,6.0,699.0,3.0,2.0,11.0,4.0,medium
stu_03180,class_026,88.26,81.17,78.57,81.18,79.19,65.28,17.07,11.0,1870.0,8.0,3.0,15.0,0.0,low
stu_03181,class_012,80.31,75.29,54.94,40.85,68.58,43.64,52.75,5.0,1385.0,6.0,3.0,6.0,2.0,medium
stu_03182,class_010,74.82,79.56,84.91,89.39,79.92,84.04,25.55,12.0,1936.0,8.0,,17.0,0.0,low
stu_03183,class_021,73.28,100.0,86.33,84.06,79.38,36.76,22.28,0.0,1736.0,7.0,3.0,0.0,1.0,low
stu_03184,class_016,84.72,92.91,80.83,71.72,87.08,79.6,11.8,8.0,1983.0,8.0,6.0,10.0,1.0,low
stu_03185,class_003,34.16,75.31,37.89,38.56,39.92,17.24,67.21,2.0,1501.0,7.0,2.0,1.0,5.0,high
stu_03186,class_028,26.54,21.84,26.94,31.14,27.2,48.95,63.62,4.0,474.0,2.0,1.0,3.0,2.0,high
stu_03187,class_040,83.59,97.32,100.0,100.0,74.51,8.74,26.68,0.0,2221.0,9.0,5.0,0.0,0.0,low
stu_03188,class_038,58.05,38.41,100.0,95.13,68.98,40.88,37.34,7.0,1016.0,5.0,2.0,11.0,2.0,medium
stu_03189,class_013,0.0,21.68,30.52,28.23,14.9,27.46,84.66,0.0,514.0,3.0,0.0,0.0,5.0,high
stu_03190,class_037,69.8,69.88,77.97,73.9,73.87,80.7,31.25,18.0,1695.0,7.0,3.0,19.0,1.0,low
stu_03191,class_009,87.28,59.16,75.13,73.5,64.82,46.36,22.0,5.0,1017.0,5.0,2.0,3.0,2.0,medium
stu_03192,class_036,71.82,85.19,85.76,84.84,78.26,85.68,14.05,12.0,1988.0,8.0,4.0,15.0,0.0,low
stu_03193,class_007,86.5,73.4,56.2,62.2,76.77,86.39,22.42,11.0,1665.0,7.0,0.0,18.0,6.0,low
stu_03194,class_001,85.26,83.38,74.36,62.0,76.68,63.94,16.37,15.0,1960.0,8.0,5.0,10.0,0.0,low
stu_03195,class_010,54.82,46.02,61.87,67.38,54.27,59.0,32.93,8.0,1158.0,5.0,2.0,13.0,0.0,medium
stu_03196,class_021,38.73,8.61,11.67,12.39,24.3,39.1,47.11,3.0,339.0,2.0,1.0,3.0,2.0,high
stu_03197,class_013,82.92,65.26,72.93,67.78,72.28,72.0,27.49,6.0,1290.0,6.0,3.0,7.0,1.0,low
stu_03198,class_026,72.8,70.79,88.05,78.3,76.62,68.56,21.04,11.0,1457.0,6.0,4.0,19.0,0.0,low
stu_03199,class_006,75.25,78.21,42.08,36.6,60.75,52.52,24.99,3.0,1472.0,6.0,3.0,3.0,3.0,medium
stu_03200,class_038,95.33,78.18,90.04,100.0,88.13,93.06,21.59,6.0,1509.0,7.0,4.0,9.0,0.0,low
stu_03201,class_034,98.61,68.35,81.58,84.38,81.57,74.98,15.17,5.0,1375.0,6.0,4.0,11.0,0.0,low
stu_03202,class_009,85.67,88.3,88.55,74.04,89.61,85.47,17.51,17.0,2140.0,9.0,6.0,27.0,1.0,low
stu_03203,class_025,78.74,67.42,90.88,100.0,84.4,100.0,22.32,10.0,1382.0,6.0,4.0,17.0,1.0,low
stu_03204,class_037,86.52,69.4,100.0,87.52,83.17,59.94,23.65,0.0,1316.0,6.0,4.0,0.0,0.0,low
stu_03205,class_007,,76.52,64.42,65.95,73.94,75.2,15.35,6.0,1490.0,6.0,4.0,10.0,0.0,medium
stu_03206,class_007,66.63,50.73,65.48,71.68,56.7,24.39,38.5,1.0,910.0,4.0,1.0,0.0,5.0,medium
stu_03207,class_026,84.41,57.97,38.63,45.38,59.14,55.0,30.34,1.0,1153.0,5.0,2.0,0.0,1.0,medium
stu_03208,class_005,92.43,66.16,58.68,64.11,72.72,24.64,21.32,8.0,1571.0,7.0,3.0,9.0,4.0,medium
stu_03209,class_020,86.25,78.05,80.08,77.6,82.22,61.09,33.22,14.0,1720.0,7.0,4.0,24.0,1.0,low
stu_03210,class_013,75.16,80.39,82.47,82.76,69.96,34.65,46.98,1.0,1570.0,7.0,4.0,2.0,1.0,medium
stu_03211,class_040,97.83,64.05,60.0,70.0,83.03,94.01,21.35,9.0,1495.0,6.0,4.0,10.0,3.0,low
stu_03212,class_001,4.23,38.57,51.05,52.41,30.42,21.9,78.74,3.0,841.0,4.0,1.0,1.0,4.0,high
stu_03213,class_015,84.53,90.26,84.68,96.23,91.46,75.11,47.63,16.0,2182.0,9.0,6.0,10.0,0.0,low
stu_03214,class_023,79.07,73.31,97.13,100.0,81.35,73.02,33.89,15.0,1782.0,8.0,3.0,27.0,0.0,low
stu_03215,class_013,86.74,71.73,40.3,48.1,65.44,59.52,36.92,2.0,1061.0,5.0,1.0,7.0,4.0,medium
stu_03216,class_018,89.82,78.18,53.38,45.08,69.68,53.15,51.6,9.0,1689.0,7.0,3.0,6.0,3.0,medium
stu_03217,class_034,84.82,86.29,81.71,83.67,92.71,82.0,25.93,7.0,1726.0,7.0,4.0,4.0,0.0,low
stu_03218,class_002,81.91,95.97,68.03,52.45,84.24,69.13,31.13,10.0,1999.0,8.0,,12.0,0.0,low
stu_03219,class_002,85.18,80.53,78.23,64.02,81.63,77.6,43.49,7.0,1575.0,7.0,3.0,4.0,0.0,low
stu_03220,class_010,88.25,45.71,95.68,80.56,75.84,72.49,69.39,2.0,656.0,3.0,3.0,3.0,1.0,medium
stu_03221,class_012,74.76,10.0,52.86,57.96,51.0,49.97,27.8,9.0,637.0,3.0,1.0,16.0,2.0,medium
stu_03222,class_026,88.36,44.95,84.86,85.31,71.2,46.44,20.24,6.0,900.0,4.0,3.0,5.0,1.0,medium
stu_03223,class_006,74.02,49.0,62.16,55.18,63.22,60.72,51.11,2.0,1045.0,5.0,2.0,3.0,2.0,medium
stu_03224,class_017,49.78,69.05,55.93,43.85,59.81,81.46,22.59,4.0,1250.0,6.0,2.0,11.0,1.0,medium
stu_03225,class_014,95.85,85.13,70.55,,76.53,37.52,20.24,0.0,1764.0,8.0,3.0,0.0,0.0,low
stu_03226,class_001,44.23,14.31,39.09,21.46,32.23,30.92,39.58,3.0,425.0,2.0,1.0,4.0,4.0,high
stu_03227,class_032,50.17,65.16,75.28,73.6,59.46,42.96,36.35,9.0,1383.0,6.0,2.0,15.0,2.0,medium
stu_03228,class_040,83.04,49.0,62.17,64.52,56.53,42.28,52.03,0.0,1258.0,6.0,3.0,0.0,0.0,medium
stu_03229,class_034,71.21,63.56,100.0,95.85,65.59,44.2,18.15,0.0,1324.0,6.0,4.0,0.0,,low
stu_03230,class_030,59.91,68.76,63.86,58.57,63.75,62.51,30.64,5.0,1517.0,7.0,3.0,7.0,2.0,medium
stu_03231,class_005,95.26,100.0,65.98,59.36,89.25,79.1,60.23,18.0,2300.0,10.0,4.0,27.0,1.0,low
stu_03232,class_035,78.26,71.13,79.04,79.18,74.42,72.34,20.08,9.0,1579.0,7.0,2.0,12.0,0.0,low
stu_03233,class_026,88.37,82.43,46.29,45.32,73.3,52.4,19.21,16.0,2045.0,9.0,4.0,24.0,7.0,low
stu_03234,class_031,87.09,82.86,74.3,79.02,77.21,84.5,21.94,7.0,1551.0,7.0,3.0,10.0,1.0,low
stu_03235,class_025,61.81,56.57,58.63,56.65,54.17,13.76,43.56,9.0,1231.0,5.0,2.0,16.0,2.0,medium
stu_03236,class_019,87.0,90.12,100.0,100.0,89.95,80.22,29.1,13.0,2185.0,9.0,6.0,11.0,0.0,low
stu_03237,class_034,71.5,25.21,31.41,34.95,43.68,27.8,43.24,5.0,739.0,3.0,2.0,0.0,3.0,high
stu_03238,class_013,45.09,74.02,73.18,78.13,54.61,18.44,104.12,4.0,1390.0,6.0,3.0,4.0,1.0,medium
stu_03239,class_039,75.83,60.11,38.69,41.64,62.16,54.39,26.46,5.0,1399.0,6.0,2.0,5.0,2.0,medium
stu_03240,class_005,76.25,45.45,72.1,93.16,60.75,31.36,47.09,5.0,1002.0,5.0,1.0,9.0,1.0,medium
stu_03241,class_016,76.44,82.98,83.58,72.11,79.88,62.19,32.69,11.0,1736.0,7.0,3.0,12.0,0.0,low
stu_03242,class_021,83.3,71.67,90.91,98.74,79.19,74.15,37.54,9.0,1476.0,6.0,4.0,11.0,0.0,low
stu_03243,class_009,74.27,46.25,58.9,50.53,60.04,55.2,,1.0,752.0,4.0,1.0,1.0,3.0,medium
stu_03244,class_027,42.03,50.16,37.62,34.23,49.35,88.53,19.96,3.0,1040.0,5.0,1.0,7.0,0.0,medium
stu_03245,class_028,88.27,73.23,85.28,91.58,82.01,88.41,22.18,7.0,1584.0,7.0,4.0,0.0,0.0,low
stu_03246,class_017,31.1,43.17,33.32,27.43,33.04,32.06,70.39,3.0,916.0,4.0,1.0,4.0,5.0,high
stu_03247,class_005,52.61,64.86,67.4,68.57,57.2,43.16,67.02,0.0,1333.0,6.0,2.0,11.0,3.0,medium
stu_03248,class_033,77.49,82.54,71.82,74.66,79.37,95.27,47.47,15.0,1872.0,8.0,3.0,15.0,0.0,low
stu_03249,class_001,88.25,94.52,39.11,49.24,69.5,34.76,25.26,1.0,835.0,4.0,1.0,1.0,7.0,medium
stu_03250,class_018,39.68,32.49,31.96,24.79,32.51,6.84,40.76,5.0,764.0,4.0,1.0,4.0,1.0,high
stu_03251,class_019,47.21,36.11,68.88,65.15,48.33,46.02,45.67,3.0,681.0,3.0,1.0,5.0,7.0,high
stu_03252,class_016,57.5,58.37,74.27,61.64,64.48,52.66,79.95,8.0,1157.0,5.0,1.0,13.0,3.0,medium
stu_03253,class_010,84.67,82.01,85.43,69.4,80.81,93.9,21.67,6.0,1671.0,7.0,4.0,4.0,1.0,low
stu_03254,class_038,50.56,35.14,55.76,53.08,44.21,40.79,36.03,4.0,783.0,4.0,1.0,3.0,2.0,high
stu_03255,class_025,78.34,84.36,77.46,85.1,80.44,73.63,23.53,10.0,1738.0,7.0,2.0,9.0,1.0,low
stu_03256,class_005,91.22,85.73,87.93,87.83,87.3,59.3,26.04,14.0,2058.0,9.0,6.0,12.0,1.0,low
stu_03257,class_022,77.7,51.8,41.52,35.48,58.15,54.23,57.77,9.0,1082.0,5.0,1.0,10.0,3.0,medium
stu_03258,class_022,63.11,62.72,54.37,47.83,58.33,51.95,25.87,1.0,1069.0,5.0,1.0,0.0,2.0,medium
stu_03259,class_036,99.74,84.79,80.6,90.45,85.66,73.78,32.71,6.0,1718.0,7.0,4.0,8.0,2.0,low
stu_03260,class_005,63.57,73.39,52.06,38.43,65.06,46.34,41.92,7.0,1565.0,7.0,3.0,11.0,2.0,medium
stu_03261,class_014,70.01,63.91,47.54,64.46,62.42,82.71,18.47,2.0,1338.0,6.0,2.0,4.0,2.0,medium
stu_03262,class_019,68.91,52.06,67.26,76.0,60.87,71.18,28.86,4.0,1031.0,5.0,2.0,3.0,2.0,medium
stu_03263,class_036,36.16,7.55,31.45,25.66,25.93,14.12,35.18,1.0,49.0,1.0,1.0,2.0,3.0,high
stu_03264,class_021,90.23,87.45,86.26,92.41,90.17,67.68,21.68,5.0,1936.0,8.0,4.0,9.0,0.0,low
stu_03265,class_001,90.18,50.36,35.55,40.85,66.4,82.0,49.85,6.0,1076.0,5.0,2.0,10.0,3.0,medium
stu_03266,class_025,100.0,86.93,87.77,95.69,87.25,60.03,24.73,16.0,1910.0,8.0,5.0,11.0,0.0,low
stu_03267,class_034,76.85,79.76,93.72,90.01,81.43,70.19,22.14,11.0,1797.0,8.0,3.0,6.0,0.0,low
stu_03268,class_012,79.76,54.09,31.47,36.12,54.44,30.06,39.09,0.0,990.0,4.0,1.0,0.0,5.0,high
stu_03269,class_026,69.94,76.87,86.86,82.05,79.54,59.96,28.19,18.0,1881.0,8.0,4.0,28.0,0.0,low
stu_03270,class_017,92.49,71.15,100.0,87.56,86.69,100.0,32.09,17.0,1685.0,7.0,5.0,14.0,1.0,low
stu_03271,class_028,47.13,38.77,72.91,80.33,48.22,35.8,24.5,6.0,970.0,4.0,1.0,9.0,3.0,medium
stu_03272,class_027,27.8,53.21,57.94,47.17,37.95,,81.25,1.0,1014.0,5.0,2.0,3.0,1.0,high
stu_03273,class_027,34.18,49.98,59.36,49.78,47.63,42.89,98.69,1.0,1038.0,5.0,1.0,0.0,4.0,high
stu_03274,class_027,81.72,100.0,84.58,97.59,87.32,95.92,15.38,9.0,2126.0,9.0,5.0,13.0,0.0,low
stu_03275,class_011,79.95,86.5,85.81,75.22,85.19,97.23,23.78,16.0,2272.0,10.0,5.0,16.0,0.0,low
stu_03276,class_012,22.8,41.81,67.25,73.76,45.35,50.07,38.94,5.0,697.0,3.0,2.0,7.0,4.0,high
stu_03277,class_033,96.23,75.53,41.47,47.17,76.01,86.8,29.51,11.0,2100.0,9.0,4.0,10.0,3.0,low
stu_03278,class_018,44.98,35.92,33.17,23.33,38.93,43.9,77.11,3.0,738.0,3.0,1.0,3.0,6.0,high
stu_03279,class_014,36.62,61.71,64.25,78.4,55.46,78.61,38.0,6.0,1259.0,6.0,2.0,15.0,3.0,medium
stu_03280,class_028,84.83,91.62,98.15,85.82,91.06,77.05,27.33,10.0,2026.0,9.0,6.0,11.0,0.0,low
stu_03281,class_014,62.11,70.82,69.66,75.02,65.75,51.7,29.92,7.0,1464.0,6.0,2.0,6.0,2.0,medium
stu_03282,class_001,86.0,100.0,69.47,68.6,84.93,95.58,42.86,7.0,2079.0,9.0,5.0,5.0,0.0,low
stu_03283,class_032,,83.49,90.28,99.51,86.21,76.61,16.86,8.0,1699.0,7.0,5.0,8.0,0.0,low
stu_03284,class_021,79.42,77.44,87.42,86.2,82.93,100.0,30.38,9.0,1714.0,7.0,4.0,12.0,0.0,low
stu_03285,class_036,63.93,30.44,41.03,49.58,46.78,47.85,60.19,1.0,764.0,4.0,1.0,0.0,0.0,medium
stu_03286,class_030,38.01,40.18,44.75,51.98,35.42,24.83,70.26,2.0,690.0,3.0,1.0,0.0,5.0,high
stu_03287,class_002,50.12,6.99,54.05,57.5,37.33,15.25,120.6,4.0,303.0,2.0,0.0,7.0,7.0,high
stu_03288,class_034,90.14,81.03,69.18,62.1,78.93,72.59,22.94,8.0,1763.0,8.0,3.0,,0.0,low
stu_03289,class_023,96.82,76.5,79.49,85.52,83.15,86.82,16.68,6.0,1504.0,7.0,4.0,5.0,0.0,low
stu_03290,class_016,93.95,76.26,78.97,77.63,82.71,67.18,18.27,8.0,1312.0,6.0,3.0,4.0,0.0,low
stu_03291,class_033,28.22,40.93,43.42,43.82,32.08,9.03,43.5,2.0,698.0,3.0,2.0,1.0,2.0,high
stu_03292,class_021,80.89,89.97,31.82,34.42,72.67,77.56,21.7,15.0,1779.0,8.0,4.0,30.0,6.0,low
stu_03293,class_006,95.49,79.5,88.08,73.36,86.54,79.97,34.94,15.0,1557.0,7.0,5.0,25.0,0.0,low
stu_03294,class_002,89.74,89.79,90.79,100.0,90.54,88.62,28.42,10.0,1970.0,8.0,6.0,15.0,0.0,low
stu_03295,class_037,83.4,92.13,73.66,60.14,84.24,100.0,50.45,6.0,1875.0,8.0,3.0,6.0,1.0,low
stu_03296,class_018,22.08,43.08,54.12,46.2,40.68,54.04,36.03,9.0,1219.0,5.0,2.0,13.0,0.0,medium
stu_03297,class_030,36.76,42.63,57.66,61.18,44.61,29.43,43.74,5.0,1054.0,5.0,2.0,8.0,3.0,high
stu_03298,class_010,24.07,50.59,65.71,57.31,45.68,74.64,25.17,6.0,965.0,4.0,2.0,8.0,0.0,medium
stu_03299,class_028,87.2,71.91,91.71,87.07,90.22,100.0,19.58,15.0,1827.0,8.0,4.0,28.0,0.0,low
stu_03300,class_028,93.25,74.28,97.33,100.0,90.95,93.19,16.73,18.0,1822.0,8.0,4.0,16.0,0.0,low
stu_03301,class_020,90.84,83.12,94.11,100.0,92.36,100.0,21.39,7.0,1595.0,7.0,5.0,8.0,0.0,low
stu_03302,class_004,63.27,55.0,46.57,48.19,56.58,100.0,52.38,1.0,1095.0,5.0,2.0,2.0,0.0,medium
stu_03303,class_024,91.16,80.94,88.41,84.63,89.94,73.07,18.15,15.0,1773.0,8.0,4.0,26.0,1.0,low
stu_03304,class_023,82.01,69.82,24.8,40.85,52.99,21.87,41.16,1.0,1431.0,6.0,2.0,1.0,3.0,high
stu_03305,class_039,90.26,80.77,78.98,64.43,85.3,90.07,52.01,7.0,1853.0,8.0,3.0,14.0,2.0,medium
stu_03306,class_002,52.84,39.82,46.67,45.83,48.62,53.1,73.48,5.0,688.0,3.0,0.0,,5.0,high
stu_03307,class_011,36.0,48.15,46.83,36.79,39.48,22.23,36.81,2.0,944.0,4.0,,1.0,5.0,high
stu_03308,class_027,55.38,63.56,36.72,46.43,49.87,14.75,48.68,9.0,1534.0,7.0,2.0,14.0,4.0,medium
stu_03309,class_026,15.14,24.55,59.39,53.5,28.99,34.45,17.97,0.0,387.0,2.0,0.0,0.0,3.0,high
stu_03310,class_039,48.92,24.4,52.65,40.38,37.67,10.0,29.03,0.0,543.0,3.0,0.0,0.0,3.0,high
stu_03311,class_040,37.99,61.3,84.08,98.39,49.74,1.39,44.28,0.0,782.0,4.0,2.0,1.0,1.0,high
stu_03312,class_037,36.34,63.72,63.7,58.75,52.95,73.3,39.65,7.0,1274.0,6.0,1.0,4.0,0.0,medium
stu_03313,class_023,90.54,77.48,85.22,78.44,83.67,82.18,32.86,10.0,1755.0,8.0,5.0,15.0,2.0,low
stu_03314,class_028,69.55,85.17,28.48,23.98,66.27,58.84,64.73,5.0,1633.0,7.0,3.0,8.0,2.0,medium
stu_03315,class_005,83.91,82.63,69.9,68.29,80.96,83.07,32.21,16.0,1753.0,8.0,3.0,10.0,0.0,low
stu_03316,class_007,96.21,56.27,41.5,44.22,69.65,85.52,29.5,18.0,1451.0,6.0,4.0,22.0,3.0,low
stu_03317,class_027,71.41,65.68,64.9,61.61,57.8,34.32,53.87,0.0,1378.0,6.0,3.0,0.0,1.0,medium
stu_03318,class_036,28.64,28.12,66.56,66.4,44.81,79.96,62.72,5.0,571.0,3.0,1.0,5.0,1.0,medium
stu_03319,class_030,28.5,36.42,34.4,36.86,33.11,32.35,104.05,2.0,651.0,3.0,1.0,0.0,1.0,high
stu_03320,class_025,90.4,77.45,84.96,84.29,85.8,78.85,33.99,18.0,1704.0,7.0,5.0,0.0,0.0,low
stu_03321,class_008,91.05,74.6,95.18,80.9,81.05,57.92,16.22,18.0,1636.0,7.0,4.0,13.0,0.0,low
stu_03322,class_009,82.09,85.25,78.37,86.57,81.93,,23.3,7.0,1665.0,7.0,4.0,14.0,0.0,low
stu_03323,class_025,0.0,74.27,48.89,54.91,33.59,39.64,50.93,0.0,1423.0,6.0,2.0,0.0,3.0,high
stu_03324,class_019,88.34,81.24,77.61,80.05,79.02,77.51,27.07,7.0,1747.0,7.0,3.0,13.0,0.0,low
stu_03325,class_002,0.0,23.86,0.0,0.0,11.75,29.04,28.45,0.0,502.0,3.0,1.0,0.0,5.0,high
stu_03326,class_037,30.01,95.36,59.42,61.19,53.48,44.85,37.72,0.0,1702.0,7.0,2.0,0.0,2.0,medium
stu_03327,class_039,100.0,92.25,74.41,80.31,86.5,60.39,18.79,5.0,1866.0,8.0,3.0,8.0,0.0,low
stu_03328,class_008,38.55,26.66,45.62,49.88,35.16,13.9,61.83,3.0,573.0,3.0,1.0,7.0,5.0,high
stu_03329,class_007,87.66,74.64,76.91,79.3,80.74,98.1,16.31,16.0,1804.0,,3.0,16.0,0.0,low
stu_03330,class_035,63.31,78.19,73.08,72.11,59.0,37.12,25.53,0.0,1530.0,7.0,3.0,0.0,2.0,medium
stu_03331,class_032,29.84,20.07,37.62,48.58,27.97,14.61,47.9,0.0,420.0,2.0,0.0,3.0,5.0,high
stu_03332,class_018,90.24,74.67,95.68,92.88,82.42,44.98,40.6,0.0,1723.0,7.0,4.0,0.0,0.0,low
stu_03333,class_020,97.94,78.57,92.03,98.39,91.26,80.25,13.59,16.0,1730.0,7.0,5.0,25.0,0.0,low
stu_03334,class_037,42.54,44.95,67.33,71.15,46.29,19.03,73.22,0.0,675.0,3.0,1.0,0.0,1.0,high
stu_03335,class_006,99.46,25.89,39.41,20.86,57.27,31.26,64.73,8.0,569.0,3.0,1.0,8.0,2.0,medium
stu_03336,class_005,69.91,69.21,69.44,76.62,71.91,74.96,22.4,8.0,1254.0,6.0,,10.0,1.0,medium
stu_03337,class_026,23.15,44.46,19.93,14.66,27.92,36.14,58.25,0.0,924.0,4.0,1.0,0.0,5.0,high
stu_03338,class_013,93.74,68.73,82.07,,80.57,67.91,14.43,15.0,1742.0,7.0,5.0,0.0,1.0,low
stu_03339,class_040,87.9,63.71,100.0,87.63,82.89,89.78,16.13,11.0,1468.0,6.0,5.0,16.0,0.0,low
stu_03340,class_015,78.37,59.6,58.34,49.95,59.3,30.26,34.67,1.0,1243.0,5.0,1.0,0.0,4.0,medium
stu_03341,class_002,54.03,27.65,99.88,100.0,59.91,42.9,61.05,5.0,787.0,4.0,2.0,12.0,2.0,medium
stu_03342,class_006,80.35,94.86,60.72,49.72,83.97,97.68,42.6,16.0,2284.0,10.0,4.0,19.0,1.0,low
stu_03343,class_005,48.34,46.03,48.89,40.22,48.1,59.89,48.73,5.0,890.0,4.0,0.0,5.0,2.0,medium
stu_03344,class_013,54.71,25.92,85.7,88.95,51.28,48.14,52.34,4.0,1731.0,7.0,4.0,4.0,1.0,medium
stu_03345,class_018,27.55,30.26,51.75,58.85,39.41,40.56,65.68,2.0,674.0,3.0,1.0,0.0,1.0,high
stu_03346,class_006,79.68,82.22,92.52,100.0,83.17,100.0,25.61,5.0,1728.0,7.0,3.0,4.0,0.0,low
stu_03347,class_028,83.65,71.49,92.07,83.77,84.89,100.0,14.18,11.0,1737.0,7.0,4.0,19.0,0.0,low
stu_03348,class_024,77.67,78.85,96.75,98.0,83.62,79.45,36.51,9.0,1702.0,7.0,3.0,12.0,1.0,low
stu_03349,class_029,90.8,26.2,18.19,17.92,55.21,100.0,27.14,9.0,669.0,3.0,2.0,8.0,0.0,medium
stu_03350,class_007,63.74,60.96,52.01,55.19,56.34,47.52,36.34,6.0,1172.0,5.0,1.0,6.0,0.0,medium
stu_03351,class_013,40.93,42.65,67.43,80.1,51.74,48.02,46.32,7.0,1344.0,6.0,2.0,7.0,0.0,medium
stu_03352,class_017,56.16,61.96,23.74,20.13,42.42,5.61,60.77,0.0,1216.0,5.0,1.0,0.0,1.0,medium
stu_03353,class_019,15.43,11.04,11.73,12.21,15.06,16.16,105.76,1.0,355.0,2.0,1.0,0.0,4.0,high
stu_03354,class_033,93.53,79.07,82.16,89.63,87.44,87.81,27.07,16.0,1771.0,8.0,4.0,16.0,0.0,low
stu_03355,class_018,,41.95,54.69,57.91,55.05,54.56,69.64,10.0,1000.0,5.0,1.0,10.0,4.0,medium
stu_03356,class_036,74.82,79.11,75.75,60.01,79.96,93.0,19.39,14.0,1795.0,8.0,2.0,27.0,0.0,low
stu_03357,class_010,75.03,100.0,79.66,76.84,72.24,42.17,25.79,0.0,1977.0,8.0,3.0,0.0,0.0,low
stu_03358,class_010,85.67,76.34,81.95,86.16,76.3,89.22,33.22,6.0,1428.0,6.0,5.0,0.0,0.0,low
stu_03359,class_032,28.77,56.78,47.25,35.2,48.86,41.3,85.92,5.0,1369.0,6.0,2.0,5.0,6.0,high
stu_03360,class_025,72.4,62.75,66.71,70.88,67.15,46.77,104.21,7.0,1418.0,6.0,2.0,10.0,2.0,medium
stu_03361,class_038,82.42,71.72,81.22,56.61,75.93,70.97,23.29,6.0,1508.0,7.0,5.0,8.0,0.0,low
stu_03362,class_026,74.55,73.74,66.09,70.77,71.66,65.71,20.09,11.0,1467.0,6.0,2.0,9.0,0.0,low
stu_03363,class_021,39.21,29.59,30.48,24.03,31.95,30.42,77.01,5.0,503.0,3.0,1.0,7.0,3.0,high
stu_03364,class_027,66.87,72.94,76.16,69.87,66.01,75.75,81.33,1.0,1420.0,6.0,2.0,1.0,3.0,medium
stu_03365,class_020,97.04,93.81,77.74,91.41,84.7,62.18,20.2,0.0,1937.0,8.0,3.0,0.0,1.0,low
stu_03366,class_032,89.84,89.23,35.69,20.08,68.08,40.85,14.45,2.0,556.0,3.0,1.0,0.0,6.0,medium
stu_03367,class_015,62.26,70.09,68.49,70.74,64.04,62.62,35.22,3.0,1221.0,5.0,2.0,5.0,2.0,medium
stu_03368,class_003,53.32,66.65,96.45,100.0,69.39,59.01,38.08,8.0,1383.0,6.0,3.0,6.0,0.0,medium
stu_03369,class_015,88.15,83.3,84.1,77.98,89.03,95.33,28.8,16.0,1863.0,8.0,4.0,12.0,0.0,low
stu_03370,class_011,83.7,74.03,67.41,76.87,77.64,73.69,22.67,7.0,1632.0,7.0,4.0,11.0,0.0,low
stu_03371,class_006,98.05,58.03,70.31,86.86,73.13,25.65,40.92,3.0,937.0,4.0,2.0,4.0,1.0,medium
stu_03372,class_003,38.44,18.89,50.35,42.55,34.62,37.89,51.7,0.0,530.0,3.0,0.0,0.0,2.0,high
stu_03373,class_034,62.0,68.86,68.98,71.76,56.47,26.99,37.29,7.0,0.0,6.0,2.0,5.0,2.0,medium
stu_03374,class_024,73.2,54.47,72.1,70.57,63.2,70.96,24.84,5.0,1334.0,6.0,2.0,7.0,1.0,low
stu_03375,class_034,85.14,88.08,81.72,86.99,88.27,88.65,21.03,17.0,2078.0,9.0,5.0,15.0,0.0,low
stu_03376,class_020,90.92,67.53,78.07,92.84,69.12,24.47,28.56,0.0,1186.0,5.0,3.0,0.0,0.0,medium
stu_03377,class_020,48.95,69.98,46.29,54.69,50.95,44.73,93.21,0.0,1326.0,6.0,3.0,0.0,5.0,high
stu_03378,class_010,64.54,38.24,91.02,94.12,65.11,62.74,37.92,2.0,799.0,4.0,2.0,5.0,1.0,medium
stu_03379,class_039,26.08,37.47,44.65,42.93,35.25,38.64,47.47,0.0,680.0,3.0,1.0,1.0,5.0,high
stu_03380,class_010,48.73,74.74,58.94,61.2,55.19,,62.34,1.0,1509.0,7.0,2.0,2.0,1.0,medium
stu_03381,class_016,100.0,,99.69,100.0,93.51,78.41,18.46,11.0,1837.0,8.0,5.0,7.0,0.0,low
stu_03382,class_032,17.84,25.55,34.08,40.15,21.03,24.56,82.19,5.0,596.0,3.0,0.0,5.0,1.0,high
stu_03383,class_023,97.85,72.55,76.65,69.49,86.6,74.15,12.03,9.0,1567.0,7.0,3.0,10.0,1.0,low
stu_03384,class_029,96.05,75.52,74.98,78.23,81.59,78.82,14.43,13.0,1609.0,7.0,4.0,22.0,0.0,low
stu_03385,class_012,52.54,73.76,30.8,46.81,58.36,70.0,32.27,8.0,1624.0,7.0,2.0,5.0,2.0,medium
stu_03386,class_036,23.73,11.88,68.67,66.7,34.47,37.76,140.57,3.0,431.0,2.0,0.0,4.0,4.0,high
stu_03387,class_028,57.58,66.22,84.79,91.42,63.85,50.56,24.88,6.0,1155.0,5.0,3.0,4.0,2.0,medium
stu_03388,class_036,87.43,78.48,74.99,72.21,82.98,68.89,24.88,15.0,1769.0,8.0,3.0,29.0,0.0,low
stu_03389,class_008,59.05,62.55,61.85,65.4,59.43,46.45,24.79,6.0,1385.0,6.0,3.0,4.0,4.0,medium
stu_03390,class_015,74.73,70.59,73.71,64.3,73.57,81.5,23.6,8.0,1466.0,6.0,2.0,10.0,0.0,low
stu_03391,class_029,50.46,12.16,22.79,27.56,34.92,54.37,92.08,3.0,260.0,2.0,0.0,3.0,1.0,high
stu_03392,class_030,75.09,70.68,69.61,60.45,79.38,70.62,15.56,,1788.0,8.0,2.0,21.0,0.0,low
stu_03393,class_006,73.32,47.68,48.08,45.58,52.53,24.91,43.38,0.0,978.0,4.0,2.0,0.0,1.0,medium
stu_03394,class_033,68.06,21.97,77.57,65.98,54.38,31.36,47.19,7.0,705.0,3.0,1.0,11.0,1.0,medium
stu_03395,class_003,79.61,76.49,100.0,100.0,85.71,89.76,20.88,16.0,2009.0,9.0,4.0,14.0,0.0,low
stu_03396,class_012,38.85,58.75,24.84,35.69,34.69,0.0,23.68,2.0,974.0,4.0,2.0,5.0,6.0,high
stu_03397,class_023,81.91,76.76,70.83,78.56,74.92,74.96,24.76,14.0,1654.0,7.0,4.0,23.0,0.0,low
stu_03398,class_002,79.8,84.78,83.94,92.23,76.46,71.27,32.22,9.0,1785.0,8.0,3.0,11.0,0.0,low
stu_03399,class_013,83.9,84.14,70.59,70.63,81.89,82.18,29.97,14.0,2070.0,9.0,4.0,28.0,0.0,low
stu_03400,class_030,83.48,74.21,95.51,91.36,86.04,98.5,13.12,7.0,1547.0,7.0,4.0,2.0,1.0,low
stu_03401,class_016,87.45,89.22,90.39,88.99,87.34,92.5,36.19,18.0,0.0,9.0,5.0,29.0,0.0,low
stu_03402,class_021,55.6,59.52,74.85,74.53,62.11,64.07,30.05,7.0,1280.0,6.0,1.0,5.0,1.0,medium
stu_03403,class_015,18.06,29.61,29.46,5.39,30.39,60.98,124.86,0.0,671.0,3.0,1.0,0.0,4.0,high
stu_03404,class_037,87.66,75.96,96.35,88.82,80.76,62.82,21.36,14.0,1771.0,8.0,4.0,24.0,0.0,low
stu_03405,class_007,93.76,100.0,77.65,77.51,92.18,96.93,19.62,5.0,2104.0,9.0,4.0,7.0,0.0,low
stu_03406,class_008,100.0,67.51,88.05,82.86,82.98,80.06,26.96,0.0,1417.0,6.0,4.0,19.0,0.0,low
stu_03407,class_020,29.87,21.18,44.41,46.24,26.85,0.0,94.41,2.0,721.0,3.0,2.0,4.0,4.0,high
stu_03408,class_024,90.38,86.62,82.54,99.57,89.78,93.79,20.21,9.0,1671.0,7.0,4.0,0.0,0.0,low
stu_03409,class_034,68.38,88.68,74.68,72.04,78.64,80.08,27.15,13.0,1981.0,8.0,3.0,8.0,0.0,low
stu_03410,class_014,96.75,81.3,79.34,72.65,85.43,54.2,,18.0,2084.0,9.0,4.0,28.0,0.0,low
stu_03411,class_037,93.76,89.91,93.34,100.0,83.07,49.92,19.27,0.0,2011.0,9.0,5.0,0.0,0.0,low
stu_03412,class_004,98.21,95.06,85.78,75.3,96.34,59.37,23.83,18.0,2412.0,10.0,5.0,33.0,2.0,low
stu_03413,class_023,88.4,66.7,40.2,35.59,72.56,79.49,24.95,10.0,1527.0,7.0,3.0,15.0,5.0,medium
stu_03414,class_039,38.65,67.36,73.54,75.76,48.63,22.47,51.78,2.0,148.0,1.0,0.0,1.0,2.0,high
stu_03415,class_012,74.29,92.11,80.19,81.69,84.35,93.01,40.51,6.0,1823.0,8.0,3.0,9.0,0.0,low
stu_03416,class_039,57.4,23.68,,28.82,40.39,12.24,23.9,8.0,636.0,3.0,0.0,10.0,0.0,medium
stu_03417,class_003,42.51,14.3,18.13,20.76,29.62,42.55,61.05,3.0,278.0,2.0,1.0,2.0,2.0,high
stu_03418,class_033,81.09,77.71,74.97,69.4,83.43,81.09,44.83,13.0,1843.0,8.0,4.0,22.0,0.0,low
stu_03419,class_020,79.3,90.47,95.8,100.0,73.57,5.54,22.27,0.0,1733.0,7.0,3.0,0.0,0.0,low
stu_03420,class_004,81.48,70.75,93.58,88.6,76.64,83.89,16.43,6.0,1384.0,6.0,4.0,5.0,3.0,low
stu_03421,class_002,96.9,63.84,75.59,69.54,80.41,75.78,16.84,18.0,1618.0,7.0,3.0,13.0,0.0,low
stu_03422,class_023,76.78,78.88,94.34,100.0,84.79,91.33,48.18,17.0,1950.0,8.0,4.0,25.0,1.0,low
stu_03423,class_017,20.38,60.46,84.81,85.77,55.65,90.23,33.37,15.0,2046.0,9.0,5.0,23.0,0.0,low
stu_03424,class_020,87.49,80.72,77.5,79.38,74.48,25.89,17.62,0.0,1829.0,8.0,4.0,0.0,1.0,low
stu_03425,class_026,54.55,64.93,37.31,34.03,54.25,56.27,74.56,4.0,1250.0,6.0,1.0,5.0,0.0,medium
stu_03426,class_009,89.45,75.09,78.76,71.47,84.67,87.82,17.17,18.0,2055.0,9.0,0.0,30.0,1.0,low
stu_03427,class_031,25.95,80.43,78.89,72.51,60.57,87.13,28.84,6.0,1741.0,7.0,3.0,8.0,2.0,medium
stu_03428,class_028,56.72,47.99,51.08,61.19,51.45,70.23,32.18,2.0,974.0,4.0,2.0,2.0,1.0,medium
stu_03429,class_013,78.19,82.98,83.66,80.2,78.6,80.56,25.41,15.0,1985.0,8.0,4.0,15.0,1.0,low
stu_03430,class_028,100.0,74.62,82.07,86.79,85.51,60.52,19.89,10.0,1603.0,7.0,5.0,21.0,0.0,low
stu_03431,class_031,80.41,100.0,94.7,91.73,93.81,74.72,18.25,17.0,2069.0,9.0,5.0,21.0,0.0,low
stu_03432,class_001,36.16,84.54,30.52,18.09,44.6,14.24,48.22,0.0,1591.0,7.0,3.0,0.0,6.0,high
stu_03433,class_031,19.17,98.53,46.09,52.43,45.66,26.65,58.11,0.0,1788.0,8.0,3.0,0.0,3.0,medium
stu_03434,class_035,87.72,70.63,80.28,85.18,80.15,78.7,25.26,10.0,1583.0,7.0,4.0,12.0,0.0,low
stu_03435,class_030,93.21,90.53,63.11,56.0,86.04,93.36,19.9,14.0,2086.0,9.0,5.0,13.0,0.0,low
stu_03436,class_008,29.1,19.31,45.14,45.42,34.67,21.95,25.32,5.0,470.0,2.0,0.0,8.0,1.0,high
stu_03437,class_035,87.88,88.11,78.35,85.44,82.04,94.12,12.52,8.0,1871.0,8.0,3.0,12.0,2.0,low
stu_03438,class_036,80.36,75.05,77.7,74.41,76.61,73.68,14.57,9.0,1507.0,7.0,4.0,12.0,1.0,low
stu_03439,class_018,94.52,82.05,83.38,96.14,83.52,85.78,12.44,11.0,1751.0,8.0,5.0,19.0,0.0,low
stu_03440,class_006,37.18,63.09,65.4,48.78,45.79,0.0,96.66,2.0,1049.0,5.0,1.0,0.0,2.0,high
stu_03441,class_023,75.64,79.72,37.02,44.83,67.99,41.73,55.29,9.0,1734.0,7.0,3.0,11.0,2.0,medium
stu_03442,class_021,95.56,93.93,84.35,82.42,90.59,57.31,20.99,7.0,1961.0,8.0,5.0,5.0,2.0,low
stu_03443,class_001,100.0,70.98,75.62,77.34,75.14,37.06,34.13,0.0,1748.0,7.0,3.0,0.0,2.0,low
stu_03444,class_018,42.47,26.84,0.0,0.0,25.68,26.66,128.47,4.0,605.0,3.0,1.0,7.0,1.0,high
stu_03445,class_038,87.43,89.48,88.89,94.18,79.75,61.43,15.76,13.0,1874.0,8.0,4.0,20.0,1.0,low
stu_03446,class_033,82.79,,82.49,76.86,82.35,84.44,20.05,17.0,1661.0,7.0,5.0,30.0,0.0,low
stu_03447,class_029,50.97,83.13,57.44,49.74,63.82,69.13,25.2,3.0,1718.0,7.0,2.0,0.0,3.0,medium
stu_03448,class_017,53.29,52.21,42.03,48.34,49.7,59.24,40.19,6.0,1130.0,5.0,2.0,13.0,3.0,medium
stu_03449,class_022,39.93,28.9,84.93,87.97,53.74,45.74,31.28,6.0,988.0,4.0,1.0,12.0,0.0,medium
stu_03450,class_025,47.95,65.04,92.36,100.0,66.66,60.87,81.46,3.0,1222.0,5.0,2.0,2.0,3.0,medium
stu_03451,class_023,15.19,9.79,61.6,68.54,27.1,35.5,26.84,5.0,170.0,1.0,0.0,10.0,1.0,high
stu_03452,class_036,25.4,16.38,28.14,24.52,24.64,36.33,24.92,3.0,316.0,2.0,0.0,4.0,4.0,high
stu_03453,class_018,63.02,76.67,88.76,88.24,73.22,65.05,14.35,9.0,1735.0,7.0,3.0,16.0,2.0,low
stu_03454,class_018,100.0,71.43,74.43,68.71,80.55,81.09,18.09,8.0,1696.0,7.0,4.0,0.0,0.0,low
stu_03455,class_004,84.49,79.37,74.32,67.31,82.97,86.48,,15.0,1802.0,8.0,3.0,9.0,0.0,low
stu_03456,class_007,100.0,94.58,74.55,79.53,90.4,75.98,34.06,7.0,1977.0,8.0,4.0,11.0,0.0,low
stu_03457,class_001,58.96,13.19,17.78,18.76,36.27,42.08,110.44,0.0,200.0,1.0,1.0,1.0,3.0,high
stu_03458,class_005,86.32,71.68,90.86,99.14,86.13,79.22,22.47,12.0,0.0,7.0,5.0,12.0,0.0,low
stu_03459,class_009,65.58,45.64,25.38,20.46,43.11,35.24,25.73,0.0,667.0,3.0,2.0,0.0,5.0,high
stu_03460,class_034,48.59,75.21,46.14,52.01,49.9,47.84,25.06,0.0,1517.0,7.0,2.0,0.0,2.0,medium
stu_03461,class_010,93.68,86.47,79.15,69.03,91.5,96.29,32.91,13.0,1883.0,8.0,3.0,11.0,0.0,low
stu_03462,class_040,92.78,79.64,53.08,58.57,76.02,55.67,38.06,8.0,1865.0,8.0,3.0,12.0,1.0,medium
stu_03463,class_013,52.22,33.78,13.57,13.96,31.01,19.49,66.3,0.0,881.0,4.0,1.0,0.0,6.0,high
stu_03464,class_028,53.01,33.97,75.59,70.22,56.35,59.93,52.09,2.0,1127.0,5.0,2.0,3.0,1.0,medium
stu_03465,class_034,49.81,54.61,45.07,36.71,52.79,48.08,50.74,10.0,,6.0,1.0,15.0,0.0,medium
stu_03466,class_017,68.2,77.11,52.29,51.74,62.91,67.21,33.81,7.0,1500.0,7.0,3.0,12.0,0.0,medium
stu_03467,class_029,69.31,42.26,50.16,38.64,54.37,26.21,51.54,1.0,662.0,3.0,1.0,2.0,2.0,medium
stu_03468,class_009,89.71,69.22,96.51,,82.66,85.38,19.01,18.0,1698.0,7.0,5.0,32.0,2.0,low
stu_03469,class_032,74.8,77.74,88.87,79.36,78.05,76.17,29.82,9.0,1820.0,8.0,3.0,13.0,0.0,low
stu_03470,class_033,69.8,75.71,96.19,95.12,75.95,90.63,24.95,6.0,1488.0,6.0,3.0,5.0,0.0,low
stu_03471,class_029,20.66,41.62,75.13,93.61,49.21,75.85,30.3,11.0,1654.0,7.0,4.0,18.0,0.0,low
stu_03472,class_018,96.38,87.02,85.92,82.83,89.61,72.22,24.74,9.0,1557.0,7.0,4.0,12.0,0.0,low
stu_03473,class_015,60.94,67.38,43.32,45.66,59.76,50.37,20.94,10.0,1514.0,7.0,0.0,4.0,3.0,medium
stu_03474,class_009,93.4,65.05,90.47,88.97,85.85,68.4,17.57,11.0,1796.0,8.0,4.0,12.0,,low
stu_03475,class_037,23.65,57.17,83.22,89.43,55.74,81.42,29.3,15.0,1958.0,8.0,6.0,23.0,0.0,low
stu_03476,class_030,71.45,82.43,99.23,88.75,82.23,89.12,43.79,10.0,1735.0,7.0,3.0,14.0,0.0,low
stu_03477,class_014,89.51,75.44,78.69,70.92,79.39,68.83,20.08,10.0,1546.0,7.0,3.0,13.0,0.0,low
stu_03478,class_004,25.02,0.0,40.89,42.95,22.77,9.25,48.89,3.0,39.0,1.0,1.0,5.0,5.0,high
stu_03479,class_022,90.82,83.26,76.1,74.39,75.33,41.91,17.96,0.0,1855.0,8.0,4.0,0.0,0.0,low
stu_03480,class_026,90.91,63.68,77.5,75.46,76.72,63.1,19.3,10.0,1316.0,6.0,4.0,19.0,0.0,low
stu_03481,class_036,17.4,47.0,28.26,32.55,25.69,12.11,18.51,0.0,992.0,4.0,1.0,0.0,3.0,high
stu_03482,class_029,83.31,88.99,51.72,70.0,71.84,56.96,54.62,5.0,1077.0,5.0,0.0,8.0,6.0,medium
stu_03483,class_029,14.28,43.46,26.64,20.79,22.15,10.95,54.15,0.0,812.0,4.0,2.0,0.0,5.0,high
stu_03484,class_015,79.78,81.27,87.52,83.15,83.37,70.42,26.53,17.0,2098.0,9.0,4.0,22.0,2.0,low
stu_03485,class_014,24.06,33.26,44.76,37.88,35.23,69.07,32.42,3.0,786.0,4.0,1.0,2.0,2.0,medium
stu_03486,class_033,40.71,0.0,27.97,23.62,28.18,58.33,39.52,0.0,0.0,1.0,0.0,0.0,5.0,high
stu_03487,class_002,64.17,47.4,43.14,35.61,48.49,34.92,75.86,0.0,707.0,3.0,1.0,0.0,3.0,high
stu_03488,class_032,61.99,71.38,61.67,60.24,66.18,51.58,26.82,9.0,1847.0,8.0,2.0,10.0,1.0,medium
stu_03489,class_040,59.18,82.34,40.11,42.09,61.87,69.21,82.37,9.0,1639.0,7.0,2.0,,0.0,medium
stu_03490,class_016,83.08,58.09,,61.57,69.19,66.66,30.54,9.0,0.0,5.0,2.0,13.0,0.0,medium
stu_03491,class_007,22.35,35.84,26.19,28.94,30.66,28.56,59.96,4.0,837.0,4.0,1.0,6.0,4.0,high
stu_03492,class_021,33.37,60.23,28.22,30.18,35.69,21.55,100.59,2.0,0.0,5.0,1.0,0.0,2.0,high
stu_03493,class_017,42.94,50.58,76.06,74.97,55.84,37.15,47.21,5.0,984.0,4.0,2.0,8.0,0.0,medium
stu_03494,class_028,,86.86,96.82,100.0,91.66,76.96,11.91,11.0,1867.0,8.0,5.0,19.0,0.0,low
stu_03495,class_013,79.03,76.35,81.26,82.91,77.92,72.6,30.7,15.0,1746.0,7.0,3.0,13.0,0.0,low
stu_03496,class_035,91.2,98.15,86.39,91.35,90.69,95.36,41.07,14.0,2332.0,10.0,6.0,14.0,0.0,low
stu_03497,class_008,74.34,76.8,68.87,67.28,76.49,82.76,,9.0,1711.0,7.0,2.0,5.0,1.0,low
stu_03498,class_015,82.17,94.32,81.86,76.86,85.8,75.43,20.35,14.0,2157.0,9.0,6.0,16.0,1.0,low
stu_03499,class_012,45.32,77.77,51.41,46.91,56.48,58.34,54.84,4.0,1517.0,7.0,2.0,4.0,0.0,medium
stu_03500,class_008,72.02,86.93,78.68,78.13,81.01,100.0,38.19,6.0,1714.0,7.0,3.0,9.0,0.0,low
stu_03501,class_003,45.03,31.93,38.57,36.15,40.73,7.48,60.4,4.0,774.0,4.0,,4.0,3.0,high
stu_03502,class_027,78.77,78.52,69.03,62.77,72.07,65.79,,13.0,1783.0,8.0,2.0,13.0,0.0,low
stu_03503,class_024,24.67,48.96,71.87,57.14,39.33,16.29,34.9,0.0,1033.0,5.0,1.0,0.0,1.0,high
stu_03504,class_001,75.37,70.28,,63.49,73.26,44.74,24.63,6.0,1449.0,6.0,2.0,2.0,1.0,medium
stu_03505,class_033,51.57,65.22,41.99,44.12,48.01,48.59,48.4,2.0,1186.0,5.0,1.0,0.0,1.0,medium
stu_03506,class_025,63.38,51.24,54.73,57.31,55.86,46.68,26.47,7.0,1138.0,5.0,1.0,12.0,2.0,medium
stu_03507,class_026,98.66,65.78,86.32,88.45,74.5,41.22,19.21,0.0,1263.0,6.0,4.0,0.0,0.0,low
stu_03508,class_032,39.2,31.87,77.42,100.0,45.25,16.39,39.65,5.0,1607.0,7.0,3.0,5.0,2.0,medium
stu_03509,class_029,79.81,47.95,73.92,72.26,70.83,62.88,24.49,7.0,1037.0,5.0,1.0,8.0,3.0,medium
stu_03510,class_027,70.82,47.35,44.52,66.99,54.31,62.9,31.98,4.0,5779.0,23.0,7.0,12.0,4.0,medium
stu_03511,class_001,71.09,68.7,58.35,50.98,66.27,66.23,21.85,6.0,1392.0,6.0,3.0,4.0,0.0,medium
stu_03512,class_034,66.83,52.3,34.79,45.51,53.68,68.13,29.46,9.0,1384.0,6.0,2.0,15.0,3.0,medium
stu_03513,class_038,86.68,77.27,85.63,78.05,82.05,89.53,47.7,9.0,1610.0,7.0,4.0,9.0,0.0,low
stu_03514,class_031,61.99,67.8,59.34,60.11,60.61,41.73,36.12,2.0,1260.0,6.0,1.0,3.0,1.0,medium
stu_03515,class_016,60.06,58.85,70.13,79.4,54.18,41.28,39.47,0.0,1056.0,5.0,,0.0,4.0,high
stu_03516,class_004,33.19,44.54,33.36,36.47,32.12,31.56,28.48,2.0,913.0,4.0,1.0,0.0,2.0,high
stu_03517,class_027,87.41,69.2,87.54,100.0,80.4,100.0,25.24,16.0,1673.0,7.0,5.0,26.0,0.0,low
stu_03518,class_022,40.41,70.19,44.31,39.88,42.17,16.49,118.2,1.0,1273.0,6.0,2.0,2.0,1.0,high
stu_03519,class_021,63.91,47.62,73.41,63.16,55.71,51.74,27.2,3.0,1041.0,5.0,1.0,4.0,2.0,medium
stu_03520,class_027,23.13,29.68,47.24,38.18,33.06,55.22,163.23,5.0,682.0,3.0,1.0,6.0,3.0,high
stu_03521,class_024,84.42,87.27,97.76,97.75,84.49,48.79,12.31,12.0,1795.0,8.0,4.0,24.0,0.0,low
stu_03522,class_039,72.92,59.07,63.85,53.8,64.95,74.52,52.41,9.0,1298.0,6.0,1.0,18.0,3.0,medium
stu_03523,class_021,80.8,82.05,81.47,87.93,70.22,30.89,19.68,0.0,1911.0,8.0,4.0,0.0,0.0,low
stu_03524,class_004,82.3,80.8,77.76,77.6,80.09,87.98,20.21,7.0,1784.0,8.0,4.0,3.0,0.0,low
stu_03525,class_006,30.65,61.75,67.61,64.96,45.95,56.71,114.75,2.0,1095.0,5.0,1.0,0.0,0.0,medium
stu_03526,class_015,25.56,30.16,65.18,53.07,37.87,44.84,113.07,4.0,517.0,3.0,1.0,2.0,2.0,high
stu_03527,class_004,36.96,21.25,48.67,48.9,34.26,32.65,59.64,0.0,649.0,3.0,0.0,0.0,4.0,high
stu_03528,class_015,89.48,87.86,82.92,82.56,84.5,77.59,21.62,6.0,1631.0,7.0,4.0,3.0,2.0,low
stu_03529,class_036,100.0,90.75,74.22,74.04,92.35,78.95,,18.0,1969.0,8.0,5.0,,2.0,low
stu_03530,class_015,100.0,91.09,74.99,75.47,87.35,73.91,14.25,0.0,2225.0,9.0,4.0,20.0,0.0,low
stu_03531,class_026,84.39,81.47,87.18,78.68,81.55,67.09,41.82,18.0,2071.0,9.0,5.0,19.0,0.0,low
stu_03532,class_022,75.69,84.3,86.59,83.16,83.07,92.06,22.4,15.0,1943.0,8.0,3.0,15.0,1.0,low
stu_03533,class_034,71.43,68.36,80.84,75.16,61.78,12.29,130.52,0.0,0.0,6.0,3.0,0.0,1.0,medium
stu_03534,class_014,20.32,49.23,70.25,76.65,47.56,80.46,20.28,8.0,1907.0,8.0,5.0,17.0,1.0,low
stu_03535,class_004,67.99,56.89,54.0,61.97,54.37,27.41,49.75,5.0,1128.0,5.0,1.0,6.0,0.0,medium
stu_03536,class_010,15.0,54.34,67.41,73.48,48.15,99.24,17.68,1.0,1062.0,5.0,1.0,1.0,0.0,medium
stu_03537,class_023,45.02,18.43,34.51,22.23,33.88,40.44,38.03,3.0,511.0,3.0,0.0,5.0,2.0,high
stu_03538,class_008,69.82,86.14,64.52,79.03,71.63,74.71,23.97,11.0,1696.0,7.0,2.0,16.0,0.0,low
stu_03539,class_040,90.22,97.13,22.52,34.7,73.08,58.14,20.91,17.0,1967.0,8.0,5.0,21.0,4.0,low
stu_03540,class_026,96.43,91.06,87.61,75.13,91.0,92.82,27.15,7.0,1681.0,7.0,4.0,4.0,1.0,low
stu_03541,class_016,71.69,47.47,60.1,65.47,54.52,33.81,17.07,0.0,1066.0,5.0,2.0,0.0,1.0,medium
stu_03542,class_009,90.27,88.75,78.6,78.26,83.58,53.05,25.43,7.0,1926.0,8.0,4.0,7.0,0.0,low
stu_03543,class_019,30.6,25.11,48.0,35.54,35.02,38.35,143.96,2.0,633.0,3.0,1.0,6.0,6.0,high
stu_03544,class_012,55.62,100.0,48.82,52.01,66.39,57.78,37.91,2.0,1844.0,8.0,2.0,2.0,0.0,medium
stu_03545,class_038,40.84,43.92,79.7,77.99,58.04,90.48,22.99,17.0,1641.0,7.0,4.0,30.0,2.0,low
stu_03546,class_029,23.15,65.41,86.21,91.71,59.03,68.19,70.24,8.0,852.0,4.0,2.0,12.0,2.0,medium
stu_03547,class_023,68.39,58.63,66.12,71.06,61.93,43.15,30.03,3.0,1387.0,6.0,3.0,2.0,2.0,medium
stu_03548,class_002,82.55,93.51,72.19,65.54,85.54,98.61,22.11,10.0,1969.0,8.0,4.0,9.0,0.0,low
stu_03549,class_038,13.96,56.1,81.57,92.4,48.45,69.54,23.82,17.0,1833.0,8.0,3.0,13.0,2.0,low
stu_03550,class_018,100.0,75.21,81.04,74.52,88.57,97.82,7.72,11.0,1611.0,7.0,5.0,12.0,0.0,low
stu_03551,class_021,43.67,50.52,34.85,32.46,46.62,54.97,21.65,10.0,1248.0,5.0,1.0,13.0,3.0,medium
stu_03552,class_004,87.49,87.55,96.04,90.97,86.89,74.96,33.06,12.0,1843.0,8.0,5.0,13.0,0.0,low
stu_03553,class_035,77.65,71.1,75.51,81.68,79.42,87.08,24.81,4.0,1519.0,7.0,2.0,5.0,1.0,medium
stu_03554,class_037,41.94,48.45,98.26,87.65,61.21,87.06,22.66,10.0,2073.0,9.0,4.0,17.0,2.0,low
stu_03555,class_011,83.42,78.85,77.37,80.92,83.23,82.71,27.84,13.0,1928.0,8.0,3.0,13.0,0.0,low
stu_03556,class_017,84.78,94.47,43.09,33.14,63.79,41.28,92.03,1.0,571.0,3.0,0.0,0.0,3.0,high
stu_03557,class_024,34.41,54.31,17.33,28.21,43.22,47.47,83.14,1.0,882.0,4.0,2.0,2.0,3.0,high
stu_03558,class_002,94.11,68.99,77.99,76.44,75.68,28.01,12.45,0.0,1694.0,7.0,0.0,0.0,0.0,low
stu_03559,class_032,69.35,90.96,100.0,100.0,84.69,88.33,23.88,9.0,2071.0,9.0,5.0,4.0,1.0,low
stu_03560,class_015,28.24,35.26,49.23,49.19,33.01,22.48,117.77,0.0,599.0,3.0,0.0,0.0,3.0,high
stu_03561,class_022,74.24,71.36,92.99,90.22,79.59,80.52,18.1,5.0,1517.0,7.0,4.0,7.0,0.0,low
stu_03562,class_013,97.67,68.93,100.0,100.0,88.13,83.86,16.69,8.0,1636.0,7.0,4.0,11.0,0.0,low
stu_03563,class_007,32.41,53.14,,28.5,38.74,39.21,69.44,4.0,1228.0,5.0,2.0,9.0,2.0,medium
stu_03564,class_003,37.12,44.24,48.99,50.34,36.7,21.46,18.31,0.0,769.0,4.0,2.0,0.0,2.0,high
stu_03565,class_026,78.31,89.01,63.86,60.63,73.15,70.94,31.2,1.0,1668.0,7.0,2.0,0.0,3.0,medium
stu_03566,class_014,71.62,34.23,79.24,79.46,50.45,10.22,42.59,1.0,633.0,3.0,0.0,0.0,2.0,medium
stu_03567,class_040,74.92,100.0,88.35,85.75,81.71,78.95,40.16,5.0,1921.0,8.0,3.0,11.0,0.0,low
stu_03568,class_002,19.79,6.31,21.9,17.55,20.66,40.74,156.1,4.0,36.0,1.0,0.0,3.0,2.0,high
stu_03569,class_021,82.52,63.84,,87.06,80.54,81.35,21.97,10.0,1525.0,7.0,5.0,16.0,1.0,low
stu_03570,class_017,65.45,54.0,84.41,84.28,62.52,50.48,35.06,8.0,1138.0,5.0,3.0,12.0,0.0,medium
stu_03571,class_007,75.98,88.92,54.35,65.3,68.12,38.43,26.78,4.0,3017.0,12.0,6.0,18.0,5.0,medium
stu_03572,class_004,40.75,91.75,49.12,36.82,59.04,78.61,21.16,3.0,1811.0,8.0,2.0,4.0,0.0,medium
stu_03573,class_038,90.73,87.03,98.93,96.09,90.39,74.29,,14.0,1867.0,8.0,5.0,23.0,0.0,low
stu_03574,class_010,65.52,82.55,89.36,79.38,77.31,97.29,14.3,6.0,1592.0,7.0,3.0,10.0,0.0,low
stu_03575,class_031,69.59,63.53,30.9,26.4,59.46,66.93,32.56,4.0,1228.0,5.0,2.0,6.0,3.0,medium
stu_03576,class_034,64.37,81.99,54.5,50.47,67.09,78.65,43.09,6.0,1595.0,7.0,2.0,10.0,3.0,medium
stu_03577,class_005,48.76,76.09,89.13,88.94,69.96,13.13,31.49,9.0,1642.0,7.0,3.0,18.0,2.0,medium
stu_03578,class_021,85.06,48.13,60.42,53.64,63.92,13.46,32.35,9.0,1100.0,5.0,3.0,11.0,0.0,medium
stu_03579,class_011,100.0,91.61,88.52,,91.24,80.61,37.97,6.0,1773.0,8.0,4.0,6.0,0.0,low
stu_03580,class_029,46.36,81.27,77.31,79.81,66.19,36.85,28.33,9.0,1826.0,8.0,3.0,19.0,3.0,medium
stu_03581,class_004,35.13,74.25,57.99,50.76,49.05,20.3,51.67,3.0,1283.0,6.0,0.0,6.0,2.0,medium
stu_03582,class_005,65.85,42.27,66.69,43.83,59.01,57.45,26.25,6.0,799.0,4.0,1.0,7.0,3.0,medium
stu_03583,class_023,63.03,89.3,54.7,44.77,65.48,74.57,19.66,10.0,1823.0,8.0,2.0,15.0,2.0,medium
stu_03584,class_034,95.67,73.6,74.43,76.83,75.98,70.56,20.35,6.0,1453.0,6.0,3.0,9.0,1.0,low
stu_03585,class_019,37.7,73.73,82.68,87.55,52.19,27.77,42.2,5.0,1633.0,7.0,2.0,7.0,0.0,medium
stu_03586,class_026,84.35,70.39,90.6,96.4,85.98,100.0,20.06,17.0,1641.0,7.0,5.0,9.0,1.0,low
stu_03587,class_007,74.65,68.88,71.89,68.45,70.69,57.53,16.53,18.0,1762.0,8.0,2.0,35.0,0.0,low
stu_03588,class_020,76.27,90.74,87.43,88.75,83.13,70.42,20.78,7.0,1705.0,7.0,3.0,4.0,0.0,low
stu_03589,class_011,49.01,65.8,84.53,82.1,59.39,53.53,44.44,2.0,1181.0,5.0,3.0,2.0,0.0,medium
stu_03590,class_007,94.25,83.12,82.2,,83.7,85.32,23.77,8.0,1773.0,8.0,5.0,15.0,0.0,low
stu_03591,class_036,47.38,23.13,36.25,31.28,32.68,40.81,30.43,1.0,390.0,2.0,0.0,2.0,2.0,medium
stu_03592,class_036,98.37,64.13,89.43,100.0,87.02,100.0,32.62,16.0,1578.0,7.0,4.0,9.0,0.0,low
stu_03593,class_006,54.18,50.31,48.69,42.44,49.52,58.9,54.68,3.0,1168.0,5.0,1.0,5.0,2.0,medium
stu_03594,class_005,50.59,41.55,55.77,49.8,56.68,70.33,42.48,5.0,822.0,4.0,1.0,6.0,1.0,medium
stu_03595,class_014,85.98,45.85,46.69,53.01,62.68,77.76,48.91,2.0,975.0,4.0,2.0,2.0,3.0,medium
stu_03596,class_031,84.74,99.31,95.51,91.22,94.42,100.0,33.83,17.0,0.0,10.0,5.0,30.0,1.0,low
stu_03597,class_011,16.99,32.25,16.47,10.52,17.71,9.59,61.51,4.0,728.0,3.0,1.0,2.0,4.0,high
stu_03598,class_005,73.57,45.84,66.14,71.26,58.13,57.06,28.86,3.0,887.0,4.0,1.0,3.0,2.0,medium
stu_03599,class_040,88.14,92.38,76.24,84.59,91.77,90.46,25.51,13.0,2082.0,9.0,5.0,,0.0,low
stu_03600,class_014,82.83,70.45,78.35,75.18,79.38,82.7,23.83,7.0,1377.0,6.0,4.0,8.0,1.0,low
stu_03601,class_015,37.67,66.37,45.07,42.98,43.8,36.02,21.26,8.0,0.0,16.0,6.0,22.0,5.0,medium
stu_03602,class_011,79.69,50.34,69.05,67.9,61.8,49.1,25.37,5.0,1231.0,5.0,1.0,8.0,3.0,medium
stu_03603,class_019,34.59,39.82,21.09,3.68,35.24,27.72,96.02,5.0,798.0,4.0,2.0,3.0,1.0,high
stu_03604,class_020,93.64,86.0,100.0,100.0,94.57,77.6,25.44,15.0,2004.0,9.0,6.0,21.0,0.0,low
stu_03605,class_025,38.64,84.08,86.23,71.04,61.23,25.6,24.73,5.0,1578.0,7.0,3.0,11.0,0.0,medium
stu_03606,class_015,58.05,,49.54,38.22,48.83,29.63,61.06,2.0,819.0,4.0,1.0,3.0,4.0,medium
stu_03607,class_022,81.97,62.56,92.62,86.98,72.36,54.79,50.49,2.0,1151.0,5.0,4.0,1.0,2.0,medium
stu_03608,class_009,39.4,71.93,51.87,56.62,49.29,54.87,44.51,2.0,1223.0,5.0,2.0,1.0,2.0,medium
stu_03609,class_012,84.81,72.32,79.98,82.62,78.2,81.16,26.32,13.0,1948.0,8.0,4.0,20.0,0.0,low
stu_03610,class_032,31.85,56.97,88.75,80.61,54.31,43.97,24.1,7.0,955.0,4.0,1.0,14.0,2.0,medium
stu_03611,class_027,67.22,35.47,21.15,29.39,43.83,30.92,154.07,2.0,708.0,3.0,1.0,1.0,5.0,high
stu_03612,class_025,78.33,86.6,88.21,79.94,83.72,77.18,19.1,15.0,2012.0,9.0,5.0,20.0,0.0,low
stu_03613,class_030,73.9,52.58,52.0,43.74,58.65,41.99,34.17,8.0,1256.0,6.0,1.0,4.0,3.0,medium
stu_03614,class_012,92.41,72.19,78.4,77.11,83.09,94.11,25.28,7.0,1264.0,6.0,2.0,8.0,1.0,low
stu_03615,class_039,78.96,84.95,83.83,91.31,84.32,82.33,20.74,15.0,1881.0,8.0,3.0,13.0,0.0,low
stu_03616,class_031,50.22,46.56,62.75,54.75,47.65,47.46,29.39,4.0,788.0,4.0,1.0,7.0,3.0,high
stu_03617,class_001,99.06,84.94,91.82,86.72,97.63,95.54,38.97,15.0,1839.0,8.0,4.0,,0.0,low
stu_03618,class_011,84.59,65.09,87.62,73.91,79.39,77.71,22.44,17.0,1727.0,7.0,5.0,22.0,0.0,low
stu_03619,class_020,0.0,4.33,39.39,41.65,18.11,55.95,70.0,0.0,0.0,1.0,0.0,0.0,5.0,high
stu_03620,class_008,55.04,91.53,63.53,72.22,65.31,85.11,21.2,3.0,1666.0,7.0,2.0,2.0,2.0,medium
stu_03621,class_029,58.61,61.14,63.66,61.35,60.15,39.82,48.1,4.0,1345.0,6.0,2.0,5.0,0.0,medium
stu_03622,class_025,58.71,66.88,55.15,49.7,60.58,74.24,46.29,10.0,1523.0,7.0,2.0,19.0,2.0,medium
stu_03623,class_008,21.94,27.01,12.7,7.98,14.06,5.35,88.09,1.0,517.0,3.0,0.0,2.0,3.0,high
stu_03624,class_029,44.77,64.87,55.01,47.56,49.67,58.06,35.51,1.0,1171.0,5.0,1.0,3.0,2.0,medium
stu_03625,class_026,80.22,81.59,86.49,92.03,79.68,77.9,25.04,6.0,1682.0,7.0,0.0,7.0,0.0,low
stu_03626,class_008,98.49,100.0,85.85,89.74,96.74,99.93,40.21,11.0,2079.0,9.0,5.0,5.0,1.0,low
stu_03627,class_004,71.32,55.98,33.27,36.3,62.27,84.61,24.59,8.0,1009.0,5.0,1.0,10.0,2.0,medium
stu_03628,class_010,57.1,49.11,70.49,62.58,50.51,34.5,32.41,2.0,993.0,4.0,1.0,0.0,1.0,medium
stu_03629,class_037,91.51,74.13,31.82,32.36,72.05,55.32,29.95,10.0,1082.0,5.0,1.0,17.0,6.0,medium
stu_03630,class_009,53.23,31.91,22.57,24.61,32.56,20.75,50.11,4.0,560.0,3.0,0.0,8.0,2.0,high
stu_03631,class_040,40.27,48.6,69.63,54.8,48.06,32.45,42.78,5.0,1057.0,5.0,2.0,8.0,3.0,high
stu_03632,class_010,87.26,89.35,91.02,100.0,86.45,81.55,16.5,17.0,1995.0,8.0,5.0,20.0,0.0,low
stu_03633,class_018,94.76,87.9,88.13,82.22,83.79,33.29,41.31,0.0,2002.0,9.0,6.0,0.0,0.0,low
stu_03634,class_034,51.81,24.85,73.66,71.83,49.27,21.84,26.49,5.0,626.0,3.0,0.0,5.0,0.0,high
stu_03635,class_032,37.38,35.81,48.6,58.61,38.79,38.86,58.99,1.0,749.0,3.0,1.0,0.0,5.0,high
stu_03636,class_029,74.38,63.29,,82.52,73.44,79.08,22.17,10.0,1366.0,6.0,2.0,12.0,0.0,low
stu_03637,class_005,39.83,19.98,35.5,29.77,33.61,17.83,66.22,5.0,556.0,3.0,1.0,3.0,2.0,high
stu_03638,class_034,92.68,33.89,77.44,79.85,70.02,47.49,14.28,10.0,860.0,4.0,2.0,12.0,1.0,medium
stu_03639,class_008,77.22,41.65,50.85,44.69,50.85,0.0,66.56,0.0,,3.0,1.0,0.0,5.0,high
stu_03640,class_004,62.38,60.53,49.33,34.32,55.85,64.55,23.53,2.0,939.0,4.0,2.0,1.0,0.0,medium
stu_03641,class_018,54.24,,33.58,42.3,52.74,0.0,85.59,3.0,1784.0,8.0,3.0,6.0,3.0,high
stu_03642,class_009,16.14,59.13,39.86,46.67,31.55,29.69,75.58,2.0,1226.0,5.0,2.0,4.0,4.0,high
stu_03643,class_014,88.27,81.1,89.11,83.22,86.55,83.08,12.19,6.0,1654.0,7.0,4.0,8.0,0.0,low
stu_03644,class_020,60.18,47.23,56.67,66.65,56.43,61.55,72.38,8.0,1154.0,5.0,2.0,,1.0,medium
stu_03645,class_012,86.15,82.19,86.04,83.58,82.74,77.02,21.11,13.0,1844.0,8.0,4.0,25.0,0.0,low
stu_03646,class_013,65.01,54.0,66.62,62.28,60.93,45.8,50.55,1.0,959.0,4.0,1.0,0.0,0.0,medium
stu_03647,class_011,100.0,97.89,94.62,88.01,92.62,83.66,23.03,17.0,2230.0,9.0,5.0,29.0,0.0,low
stu_03648,class_002,69.56,74.14,59.07,57.57,71.38,75.09,37.19,2.0,1275.0,6.0,2.0,3.0,2.0,medium
stu_03649,class_040,57.91,41.12,61.42,72.33,51.04,62.87,45.12,2.0,801.0,4.0,1.0,3.0,0.0,medium
stu_03650,class_033,65.87,91.99,84.06,87.3,72.04,45.27,42.3,6.0,1581.0,7.0,3.0,3.0,1.0,medium
stu_03651,class_022,64.46,75.62,33.35,39.67,58.5,54.75,24.34,8.0,1616.0,7.0,3.0,12.0,5.0,medium
stu_03652,class_004,74.96,82.11,73.71,73.1,77.6,89.01,22.79,14.0,2103.0,9.0,3.0,24.0,0.0,low
stu_03653,class_021,52.33,76.68,57.11,68.37,56.71,29.9,32.05,3.0,1499.0,6.0,2.0,7.0,2.0,medium
stu_03654,class_012,86.34,65.63,26.03,20.88,56.85,49.52,100.36,2.0,540.0,3.0,0.0,2.0,6.0,high
stu_03655,class_028,69.23,67.11,80.84,82.78,66.29,55.33,33.89,0.0,1627.0,7.0,3.0,0.0,0.0,low
stu_03656,class_040,45.55,53.45,40.45,57.71,44.86,30.99,90.55,5.0,1027.0,5.0,1.0,7.0,2.0,high
stu_03657,class_031,82.98,90.99,98.12,96.56,89.06,98.2,29.96,7.0,1659.0,7.0,5.0,13.0,0.0,low
stu_03658,class_009,70.16,97.17,84.17,75.11,81.03,82.65,41.93,11.0,2078.0,9.0,4.0,18.0,0.0,low
stu_03659,class_024,73.17,87.11,78.54,74.86,84.92,72.63,22.84,10.0,0.0,8.0,2.0,19.0,0.0,low
stu_03660,class_004,73.96,74.13,71.48,75.75,75.35,88.29,22.23,7.0,1541.0,7.0,2.0,5.0,1.0,low
stu_03661,class_017,72.6,80.66,36.72,36.96,64.9,85.94,50.26,7.0,1546.0,7.0,2.0,6.0,0.0,medium
stu_03662,class_037,84.38,48.45,39.39,43.41,63.19,79.7,23.15,0.0,1971.0,8.0,5.0,21.0,4.0,low
stu_03663,class_012,89.75,98.66,76.99,74.78,85.68,84.84,24.39,,1966.0,8.0,4.0,12.0,0.0,low
stu_03664,class_009,48.39,48.18,29.73,26.76,40.12,37.46,95.1,0.0,831.0,4.0,2.0,0.0,2.0,high
stu_03665,class_009,51.96,21.34,47.5,54.87,43.44,33.99,23.82,0.0,672.0,3.0,2.0,0.0,4.0,medium
stu_03666,class_022,94.37,89.37,75.61,63.92,92.24,100.0,17.51,10.0,1796.0,8.0,3.0,0.0,0.0,low
stu_03667,class_003,96.64,82.48,72.16,67.6,77.89,49.55,18.42,0.0,1772.0,8.0,3.0,0.0,0.0,low
stu_03668,class_035,44.53,88.74,50.6,55.01,62.14,68.47,32.3,9.0,1782.0,8.0,3.0,6.0,0.0,medium
stu_03669,class_037,48.21,100.0,24.55,15.17,54.57,43.0,31.49,2.0,1890.0,8.0,2.0,0.0,0.0,medium
stu_03670,class_026,67.64,51.64,100.0,83.28,73.91,61.05,19.25,10.0,1429.0,6.0,3.0,8.0,0.0,medium
stu_03671,class_029,61.47,90.15,70.92,80.23,70.36,69.3,37.79,2.0,1585.0,7.0,3.0,2.0,1.0,medium
stu_03672,class_036,87.08,75.21,96.04,89.79,84.12,73.64,19.96,9.0,1568.0,7.0,4.0,8.0,1.0,low
stu_03673,class_005,99.47,82.92,77.23,79.46,81.73,83.64,21.13,15.0,1921.0,8.0,3.0,28.0,0.0,low
stu_03674,class_004,79.25,51.55,70.51,73.96,66.78,84.9,52.45,4.0,1071.0,5.0,1.0,5.0,2.0,medium
stu_03675,class_032,93.24,93.52,94.76,92.53,93.45,85.08,20.23,7.0,1969.0,8.0,6.0,,0.0,low
stu_03676,class_035,71.26,68.51,62.52,53.7,64.46,36.88,41.53,5.0,1365.0,6.0,2.0,4.0,2.0,medium
stu_03677,class_004,95.67,88.07,94.96,97.1,89.84,48.78,24.39,7.0,1772.0,8.0,5.0,7.0,0.0,low
stu_03678,class_031,79.64,66.72,37.65,29.87,69.44,75.8,21.66,9.0,1799.0,8.0,4.0,12.0,5.0,low
stu_03679,class_004,68.83,64.73,61.92,50.36,56.32,37.94,25.68,1.0,1136.0,5.0,1.0,0.0,0.0,medium
stu_03680,class_028,81.42,37.19,57.75,76.37,56.43,34.02,48.4,2.0,,3.0,2.0,1.0,1.0,medium
stu_03681,class_008,53.54,54.02,29.35,12.89,44.95,57.72,70.92,0.0,1056.0,5.0,2.0,3.0,5.0,high
stu_03682,class_016,86.55,70.71,72.15,75.94,81.99,69.43,21.44,11.0,1485.0,6.0,3.0,12.0,0.0,low
stu_03683,class_013,82.86,72.75,84.14,97.94,72.33,50.54,26.88,0.0,1531.0,7.0,4.0,0.0,0.0,low
stu_03684,class_033,100.0,89.89,70.76,76.72,84.34,86.94,20.66,9.0,1871.0,8.0,3.0,5.0,0.0,low
stu_03685,class_034,87.45,100.0,86.59,74.83,91.31,100.0,26.92,18.0,2088.0,9.0,5.0,17.0,0.0,low
stu_03686,class_003,87.26,85.77,96.04,86.23,74.71,34.76,23.56,0.0,1509.0,7.0,5.0,,1.0,low
stu_03687,class_014,74.86,82.96,95.83,88.33,73.47,43.58,8.96,5.0,1465.0,6.0,3.0,9.0,0.0,low
stu_03688,class_016,77.44,83.35,68.34,74.44,79.84,98.15,36.7,9.0,1766.0,8.0,2.0,15.0,0.0,low
stu_03689,class_023,76.26,100.0,91.23,92.25,84.84,75.12,49.8,9.0,2022.0,9.0,4.0,14.0,1.0,low
stu_03690,class_030,80.1,53.48,60.83,51.46,60.3,9.75,29.19,5.0,1149.0,5.0,2.0,7.0,1.0,medium
stu_03691,class_026,69.95,97.12,80.66,83.71,78.63,89.82,18.4,6.0,1660.0,7.0,4.0,11.0,0.0,low
stu_03692,class_037,83.95,83.57,71.14,74.72,76.69,82.54,25.62,10.0,1877.0,8.0,3.0,11.0,0.0,low
stu_03693,class_034,36.78,60.99,66.86,66.41,50.34,23.71,40.26,2.0,1150.0,5.0,1.0,5.0,1.0,medium
stu_03694,class_014,78.93,59.69,52.62,54.03,62.77,58.25,27.34,1.0,1063.0,5.0,1.0,1.0,2.0,medium
stu_03695,class_024,30.26,21.79,41.75,45.43,34.07,28.74,87.89,0.0,530.0,3.0,0.0,0.0,3.0,high
stu_03696,class_006,88.41,63.6,51.33,43.08,69.32,80.82,44.79,7.0,1242.0,5.0,2.0,7.0,3.0,medium
stu_03697,class_034,72.51,91.48,98.26,92.21,87.64,96.42,24.38,18.0,2188.0,9.0,4.0,22.0,1.0,low
stu_03698,class_008,59.83,30.87,24.04,23.89,38.41,32.65,50.25,1.0,471.0,2.0,0.0,0.0,7.0,high
stu_03699,class_028,76.0,43.01,62.82,55.31,62.96,47.38,19.29,7.0,874.0,4.0,1.0,6.0,1.0,medium
stu_03700,class_011,92.28,80.71,84.47,73.82,90.22,85.62,28.16,14.0,1764.0,8.0,4.0,18.0,0.0,low
stu_03701,class_020,43.59,45.57,39.87,34.76,42.06,49.91,24.17,6.0,950.0,4.0,1.0,12.0,2.0,medium
stu_03702,class_031,63.0,41.6,41.95,25.21,49.88,33.96,71.99,6.0,926.0,4.0,1.0,5.0,3.0,medium
stu_03703,class_023,83.39,75.86,85.68,84.5,87.36,86.27,13.22,16.0,1970.0,8.0,6.0,11.0,2.0,low
stu_03704,class_015,26.96,29.5,42.15,42.51,29.28,0.0,52.69,4.0,754.0,4.0,1.0,7.0,4.0,high
stu_03705,class_031,52.85,52.99,52.72,61.89,51.71,49.31,148.51,1.0,1113.0,5.0,2.0,0.0,1.0,high
stu_03706,class_015,69.62,48.91,46.14,49.52,59.49,61.34,91.74,8.0,1242.0,5.0,1.0,8.0,0.0,medium
stu_03707,class_039,83.02,91.59,70.65,70.68,86.21,77.14,27.31,15.0,2124.0,9.0,5.0,18.0,0.0,low
stu_03708,class_022,75.1,80.97,45.9,50.45,66.07,64.82,21.67,4.0,1529.0,7.0,2.0,6.0,0.0,medium
stu_03709,class_038,88.04,87.62,80.05,72.51,85.93,73.39,27.18,16.0,2077.0,9.0,5.0,24.0,0.0,low
stu_03710,class_019,59.39,68.7,64.76,72.26,70.8,38.39,16.54,10.0,1586.0,7.0,2.0,15.0,1.0,medium
stu_03711,class_030,82.02,100.0,82.68,70.97,87.99,70.89,14.28,9.0,2019.0,9.0,5.0,9.0,1.0,low
stu_03712,class_020,78.26,96.08,86.96,88.98,86.02,90.51,18.84,13.0,1884.0,8.0,4.0,16.0,1.0,low
stu_03713,class_026,76.04,84.56,82.28,68.54,76.25,87.3,29.76,17.0,2105.0,9.0,4.0,15.0,1.0,low
stu_03714,class_014,96.05,67.94,22.77,35.08,66.14,81.34,44.17,11.0,1783.0,8.0,4.0,12.0,5.0,low
stu_03715,class_026,50.25,39.65,40.32,48.53,36.4,37.28,30.76,0.0,831.0,4.0,2.0,0.0,1.0,medium
stu_03716,class_007,68.28,21.0,33.63,18.83,38.43,22.94,102.23,0.0,199.0,1.0,1.0,3.0,5.0,high
stu_03717,class_009,83.12,92.51,95.85,100.0,85.83,87.25,37.87,5.0,1785.0,8.0,4.0,6.0,0.0,low
stu_03718,class_017,14.2,70.21,46.21,46.77,37.64,30.19,83.06,3.0,1323.0,6.0,2.0,5.0,7.0,high
stu_03719,class_026,66.82,42.55,64.44,56.02,55.45,37.09,47.49,9.0,997.0,4.0,2.0,16.0,2.0,medium
stu_03720,class_019,55.15,47.64,66.59,72.17,57.41,58.91,22.35,2.0,739.0,3.0,1.0,1.0,1.0,medium
stu_03721,class_012,,92.94,70.64,87.52,85.24,77.66,30.2,18.0,2164.0,9.0,4.0,18.0,0.0,low
stu_03722,class_017,23.97,36.11,68.76,93.04,40.07,31.62,52.04,4.0,1664.0,7.0,3.0,5.0,,medium
stu_03723,class_010,34.39,49.74,32.53,33.53,36.12,6.03,80.37,3.0,1134.0,5.0,1.0,1.0,1.0,high
stu_03724,class_020,88.93,76.88,85.94,68.88,88.08,65.56,15.9,10.0,1675.0,7.0,4.0,12.0,1.0,low
stu_03725,class_028,48.43,28.13,55.35,59.85,40.0,38.39,51.58,0.0,348.0,2.0,0.0,0.0,1.0,high
stu_03726,class_032,87.77,80.07,63.56,55.28,79.09,89.71,18.61,10.0,1725.0,7.0,3.0,19.0,0.0,low
stu_03727,class_022,49.57,44.98,77.88,89.17,57.26,37.43,51.18,6.0,982.0,,1.0,4.0,2.0,medium
stu_03728,class_023,59.64,37.21,93.31,89.5,59.36,57.35,41.05,5.0,748.0,3.0,2.0,10.0,2.0,medium
stu_03729,class_013,59.96,82.27,36.0,44.97,53.06,52.93,57.19,2.0,1538.0,7.0,2.0,5.0,3.0,medium
stu_03730,class_037,44.37,23.61,44.63,34.76,33.12,2.82,37.32,5.0,694.0,3.0,1.0,6.0,5.0,high
stu_03731,class_003,16.75,52.28,21.0,15.43,28.23,53.57,32.91,2.0,1035.0,5.0,2.0,5.0,5.0,high
stu_03732,class_013,16.56,21.09,42.01,49.71,26.08,10.54,73.55,2.0,388.0,2.0,0.0,5.0,3.0,high
stu_03733,class_028,78.76,100.0,93.67,100.0,76.61,0.0,19.12,0.0,2281.0,10.0,4.0,0.0,0.0,low
stu_03734,class_022,87.2,78.12,87.99,84.09,76.88,19.95,24.32,0.0,1321.0,6.0,4.0,0.0,0.0,low
stu_03735,class_033,78.1,91.58,91.01,95.9,87.47,90.5,20.74,11.0,1682.0,7.0,3.0,13.0,0.0,low
stu_03736,class_003,,45.51,39.85,35.92,48.88,72.3,18.26,2.0,992.0,4.0,2.0,1.0,1.0,medium
stu_03737,class_040,60.67,4.02,33.54,22.35,32.58,19.73,47.15,0.0,72.0,1.0,0.0,0.0,4.0,high
stu_03738,class_008,24.81,17.32,42.81,42.34,36.22,56.85,75.59,0.0,413.0,2.0,1.0,1.0,5.0,high
stu_03739,class_030,24.67,63.24,39.98,48.02,40.16,44.73,39.51,6.0,1421.0,6.0,3.0,8.0,2.0,medium
stu_03740,class_010,37.11,55.02,87.38,85.41,47.48,48.9,21.58,1.0,940.0,4.0,3.0,0.0,0.0,medium
stu_03741,class_030,75.78,65.02,76.81,73.81,67.7,43.37,50.05,4.0,1489.0,6.0,2.0,0.0,0.0,medium
stu_03742,class_027,94.47,86.28,68.17,74.36,84.54,93.41,47.18,13.0,1912.0,8.0,3.0,13.0,0.0,low
stu_03743,class_040,29.82,37.34,60.39,68.84,41.01,49.98,35.77,3.0,882.0,4.0,1.0,3.0,2.0,medium
stu_03744,class_035,20.05,39.65,29.02,27.0,22.39,16.1,144.13,0.0,745.0,,1.0,0.0,4.0,high
stu_03745,class_007,100.0,95.84,33.59,35.59,79.23,67.16,27.99,13.0,1759.0,8.0,3.0,10.0,7.0,low
stu_03746,class_030,41.1,48.84,81.8,82.68,57.11,49.8,26.76,7.0,732.0,3.0,1.0,0.0,0.0,medium
stu_03747,class_028,34.19,21.67,67.03,62.33,34.56,25.19,111.75,1.0,502.0,3.0,0.0,1.0,4.0,high
stu_03748,class_031,18.61,16.2,64.62,66.57,30.52,32.51,66.04,0.0,372.0,2.0,0.0,3.0,3.0,high
stu_03749,class_001,83.04,100.0,95.05,84.16,94.4,100.0,41.6,17.0,2268.0,10.0,5.0,13.0,0.0,low
stu_03750,class_035,30.46,13.18,41.83,35.82,28.44,15.1,107.49,2.0,312.0,2.0,0.0,1.0,1.0,high
stu_03751,class_011,81.18,42.68,49.38,57.62,59.07,52.18,44.35,4.0,763.0,4.0,2.0,0.0,2.0,medium
stu_03752,class_016,86.0,88.82,68.77,,85.02,100.0,17.64,12.0,1856.0,8.0,4.0,21.0,0.0,low
stu_03753,class_015,76.03,51.57,81.54,72.26,62.84,33.07,37.33,3.0,980.0,4.0,3.0,1.0,3.0,medium
stu_03754,class_009,88.51,89.81,88.31,71.38,92.87,82.54,31.01,,2027.0,9.0,5.0,14.0,1.0,low
stu_03755,class_024,95.54,94.29,91.07,93.03,90.98,56.34,15.82,7.0,1862.0,8.0,4.0,13.0,0.0,low
stu_03756,class_002,92.51,78.02,91.65,97.11,85.58,62.16,21.85,16.0,1922.0,8.0,,13.0,1.0,low
stu_03757,class_003,80.32,36.52,47.26,45.28,56.9,55.25,26.38,5.0,878.0,4.0,3.0,6.0,3.0,medium
stu_03758,class_014,50.9,66.77,54.16,62.41,50.73,41.36,22.95,0.0,1559.0,7.0,2.0,0.0,2.0,medium
stu_03759,class_010,36.25,46.1,50.37,46.32,37.51,39.36,33.69,0.0,710.0,3.0,2.0,0.0,3.0,high
stu_03760,class_035,37.11,39.78,24.37,19.44,31.9,51.66,25.99,3.0,617.0,3.0,0.0,3.0,1.0,medium
stu_03761,class_012,82.1,82.99,77.56,77.02,70.45,32.97,20.9,0.0,1694.0,7.0,3.0,0.0,1.0,low
stu_03762,class_003,16.26,34.67,34.98,36.41,24.37,0.0,75.81,0.0,653.0,3.0,1.0,0.0,5.0,high
stu_03763,class_017,100.0,71.5,61.42,67.21,73.74,86.36,20.82,5.0,1574.0,7.0,3.0,2.0,2.0,medium
stu_03764,class_036,33.87,50.0,21.59,32.43,37.22,40.27,29.35,4.0,1051.0,5.0,1.0,6.0,4.0,high
stu_03765,class_012,88.72,72.29,30.06,31.75,67.17,94.62,31.52,11.0,2152.0,9.0,4.0,13.0,5.0,low
stu_03766,class_020,71.37,90.41,72.36,65.97,79.82,88.87,27.19,16.0,2041.0,9.0,4.0,12.0,1.0,low
stu_03767,class_020,82.04,65.33,92.39,78.07,81.77,68.46,15.31,17.0,1799.0,8.0,4.0,22.0,1.0,low
stu_03768,class_002,92.91,59.26,48.1,50.65,71.19,71.93,38.15,16.0,1658.0,7.0,3.0,6.0,5.0,low
stu_03769,class_008,93.71,73.11,79.01,74.79,82.76,92.79,37.46,9.0,1467.0,6.0,4.0,6.0,0.0,low
stu_03770,class_016,80.21,84.01,79.44,79.47,78.78,91.62,21.11,6.0,1583.0,7.0,0.0,8.0,1.0,low
stu_03771,class_016,50.77,57.85,33.81,32.27,41.22,47.76,33.07,0.0,1071.0,5.0,2.0,0.0,5.0,high
stu_03772,class_006,36.7,67.42,85.9,71.2,54.44,23.13,95.34,1.0,296.0,2.0,1.0,1.0,1.0,high
stu_03773,class_025,81.81,,51.69,41.12,75.41,80.79,24.81,6.0,1921.0,8.0,3.0,5.0,1.0,low
stu_03774,class_039,86.88,56.99,62.59,68.96,66.3,35.99,34.62,6.0,1179.0,5.0,3.0,3.0,3.0,medium
stu_03775,class_025,57.86,86.56,75.82,63.22,64.07,11.55,36.41,8.0,1837.0,8.0,0.0,9.0,2.0,medium
stu_03776,class_022,21.5,78.06,38.88,50.59,44.59,33.38,41.66,9.0,1492.0,6.0,3.0,14.0,2.0,medium
stu_03777,class_004,87.51,89.24,69.76,64.14,81.34,55.61,18.43,17.0,2179.0,9.0,4.0,26.0,1.0,low
stu_03778,class_019,100.0,70.78,95.87,95.63,91.16,76.68,24.49,11.0,1522.0,7.0,4.0,11.0,0.0,low
stu_03779,class_001,74.25,64.38,86.37,91.94,83.7,100.0,10.12,14.0,1627.0,7.0,4.0,24.0,0.0,low
stu_03780,class_027,82.25,64.18,53.43,47.3,67.48,47.94,53.8,0.0,1202.0,5.0,2.0,2.0,4.0,high
stu_03781,class_032,84.55,23.93,,58.96,64.9,75.94,54.06,8.0,704.0,3.0,3.0,10.0,2.0,medium
stu_03782,class_026,43.16,14.49,60.17,53.63,39.14,45.98,43.86,3.0,230.0,1.0,0.0,4.0,3.0,high
stu_03783,class_015,87.07,80.5,73.0,75.05,84.14,64.6,23.01,15.0,1826.0,8.0,3.0,21.0,0.0,low
stu_03784,class_033,86.82,79.52,46.99,43.24,66.81,22.38,36.53,0.0,1351.0,6.0,4.0,0.0,1.0,medium
stu_03785,class_009,95.3,93.38,64.38,64.84,83.18,79.28,19.44,12.0,1813.0,8.0,3.0,17.0,1.0,low
stu_03786,class_003,80.53,79.93,100.0,100.0,80.56,71.38,16.53,5.0,1417.0,6.0,4.0,2.0,0.0,low
stu_03787,class_015,29.61,44.82,0.0,0.0,27.46,28.85,84.93,2.0,904.0,4.0,1.0,7.0,5.0,high
stu_03788,class_033,69.85,25.33,60.02,44.03,51.1,44.68,24.18,8.0,594.0,3.0,1.0,8.0,3.0,medium
stu_03789,class_021,93.55,95.78,93.54,96.51,90.96,81.58,35.33,14.0,2210.0,9.0,5.0,13.0,0.0,low
stu_03790,class_034,50.77,38.87,60.31,51.68,56.39,84.61,46.74,7.0,822.0,4.0,1.0,,2.0,medium
stu_03791,class_016,66.42,21.29,74.66,82.46,52.19,35.61,58.61,6.0,630.0,3.0,0.0,6.0,3.0,medium
stu_03792,class_027,78.28,77.41,73.18,65.04,74.21,70.94,23.16,17.0,1885.0,8.0,3.0,21.0,0.0,low
stu_03793,class_016,92.19,80.55,89.55,77.43,80.83,74.78,22.69,6.0,1712.0,7.0,4.0,7.0,0.0,low
stu_03794,class_020,71.13,58.87,88.81,74.35,70.01,74.05,47.66,8.0,1193.0,5.0,3.0,12.0,1.0,medium
stu_03795,class_019,98.89,72.59,88.92,89.49,87.07,70.0,10.62,16.0,1694.0,7.0,4.0,18.0,1.0,low
stu_03796,class_015,77.87,71.23,76.38,79.8,77.27,84.15,31.1,10.0,1547.0,7.0,3.0,7.0,0.0,low
stu_03797,class_003,67.35,51.19,61.57,64.19,56.42,21.2,41.33,6.0,1209.0,5.0,1.0,7.0,1.0,medium
stu_03798,class_040,82.92,76.82,48.82,43.29,63.33,42.72,42.73,3.0,944.0,4.0,2.0,0.0,6.0,medium
stu_03799,class_029,100.0,,41.01,37.6,73.44,67.11,47.83,17.0,1615.0,7.0,5.0,18.0,3.0,low
stu_03800,class_001,43.95,33.93,54.07,55.94,45.68,33.34,92.06,6.0,756.0,4.0,1.0,9.0,2.0,medium
stu_03801,class_038,85.23,45.28,100.0,93.55,78.64,57.23,64.44,10.0,1061.0,5.0,3.0,14.0,1.0,medium
stu_03802,class_006,35.81,33.35,35.52,36.09,41.68,71.68,44.35,9.0,749.0,3.0,1.0,10.0,2.0,medium
stu_03803,class_026,63.74,75.87,69.44,60.15,58.09,18.3,103.96,2.0,1351.0,6.0,3.0,2.0,2.0,medium
stu_03804,class_011,88.31,83.76,93.82,78.51,86.05,78.03,15.82,13.0,1967.0,8.0,6.0,9.0,0.0,low
stu_03805,class_005,7.9,61.33,10.93,15.3,28.78,45.5,13.66,0.0,1254.0,6.0,1.0,0.0,2.0,high
stu_03806,class_016,28.74,26.48,49.01,56.45,29.45,27.8,79.03,0.0,586.0,3.0,0.0,2.0,7.0,high
stu_03807,class_020,83.44,70.15,95.75,88.46,88.99,91.4,28.66,15.0,1728.0,7.0,4.0,21.0,1.0,low
stu_03808,class_025,87.69,98.06,73.21,76.72,89.47,96.12,10.67,18.0,2296.0,10.0,4.0,32.0,0.0,low
stu_03809,class_032,84.81,54.55,86.69,89.94,76.23,60.76,19.94,10.0,1160.0,5.0,3.0,14.0,1.0,medium
stu_03810,class_036,25.62,10.29,77.55,92.87,38.51,61.03,,8.0,985.0,4.0,2.0,11.0,1.0,medium
stu_03811,class_031,91.07,73.36,68.04,58.85,81.63,85.31,35.67,13.0,1853.0,8.0,3.0,7.0,1.0,low
stu_03812,class_014,82.44,80.56,33.17,30.93,69.05,34.36,51.91,10.0,1436.0,6.0,2.0,18.0,7.0,medium
stu_03813,class_036,58.09,48.69,55.29,58.87,50.55,17.46,27.72,4.0,951.0,4.0,2.0,3.0,1.0,medium
stu_03814,class_038,92.01,91.37,78.3,77.14,87.92,73.19,16.12,18.0,1988.0,8.0,4.0,28.0,1.0,low
stu_03815,class_037,86.9,64.36,47.27,56.28,70.75,59.21,35.25,15.0,2146.0,9.0,5.0,19.0,4.0,low
stu_03816,class_034,95.46,74.91,74.05,63.65,70.06,42.19,17.25,0.0,1770.0,8.0,3.0,0.0,0.0,low
stu_03817,class_008,3.31,22.55,31.08,16.88,20.11,41.9,128.18,0.0,405.0,2.0,1.0,0.0,4.0,high
stu_03818,class_029,29.06,30.34,83.71,77.13,47.59,50.86,17.29,8.0,1556.0,7.0,4.0,11.0,0.0,medium
stu_03819,class_008,82.86,84.43,74.62,75.12,72.8,18.57,29.35,0.0,1988.0,8.0,4.0,0.0,1.0,low
stu_03820,class_031,62.03,53.28,62.58,57.33,59.0,53.59,38.97,8.0,1238.0,5.0,2.0,4.0,1.0,medium
stu_03821,class_036,87.78,50.02,43.77,41.58,64.23,48.14,28.84,7.0,1043.0,5.0,1.0,3.0,6.0,medium
stu_03822,class_024,35.21,68.55,,23.95,42.7,41.78,127.32,0.0,1486.0,6.0,2.0,3.0,5.0,high
stu_03823,class_035,15.8,29.97,67.45,68.74,34.08,54.67,81.93,1.0,625.0,3.0,0.0,3.0,5.0,high
stu_03824,class_026,81.43,39.2,30.58,38.72,61.29,93.02,31.7,16.0,1468.0,6.0,,29.0,7.0,low
stu_03825,class_020,24.73,43.72,46.38,47.03,34.99,47.24,84.4,0.0,609.0,3.0,0.0,0.0,5.0,high
stu_03826,class_028,86.3,66.04,73.34,59.48,77.77,99.19,27.74,16.0,1611.0,7.0,4.0,12.0,1.0,low
stu_03827,class_025,,81.36,96.37,99.44,81.31,86.05,19.42,18.0,1838.0,8.0,4.0,34.0,0.0,low
stu_03828,class_022,29.55,62.02,34.3,42.79,36.23,20.18,183.82,4.0,1263.0,6.0,2.0,5.0,2.0,high
stu_03829,class_013,80.79,88.76,75.1,75.08,85.34,75.81,24.12,18.0,2046.0,9.0,4.0,12.0,0.0,low
stu_03830,class_039,64.61,39.59,32.24,43.52,42.66,16.39,76.47,3.0,645.0,3.0,1.0,5.0,1.0,high
stu_03831,class_033,74.84,85.87,78.91,76.06,83.36,82.25,21.75,7.0,1867.0,8.0,2.0,6.0,0.0,low
stu_03832,class_036,65.9,40.99,49.28,48.78,59.18,85.24,24.15,1.0,721.0,3.0,1.0,0.0,0.0,medium
stu_03833,class_030,96.25,67.57,36.02,41.88,67.38,0.0,71.71,3.0,485.0,,0.0,3.0,6.0,high
stu_03834,class_003,83.92,95.94,85.5,78.93,91.81,80.4,19.24,14.0,2021.0,9.0,5.0,15.0,1.0,low
stu_03835,class_026,82.41,50.65,36.98,57.06,61.18,28.82,62.89,8.0,6088.0,24.0,14.0,30.0,5.0,medium
stu_03836,class_039,61.48,56.94,46.7,35.98,49.39,30.96,75.82,5.0,1286.0,6.0,1.0,4.0,4.0,high
stu_03837,class_013,87.93,68.88,87.14,89.57,79.79,82.82,26.4,11.0,1538.0,7.0,4.0,10.0,0.0,low
stu_03838,class_014,62.4,78.33,80.87,75.05,73.39,64.0,58.61,7.0,1540.0,7.0,3.0,10.0,4.0,medium
stu_03839,class_026,66.9,76.78,23.63,36.43,57.4,55.18,45.36,3.0,1489.0,6.0,2.0,5.0,2.0,medium
stu_03840,class_032,95.66,80.73,95.98,100.0,89.76,87.53,15.35,15.0,2104.0,9.0,6.0,10.0,0.0,low
stu_03841,class_015,43.56,31.04,97.66,88.04,55.21,87.58,37.1,10.0,1919.0,8.0,4.0,8.0,2.0,low
stu_03842,class_011,95.66,96.71,82.22,68.4,88.4,96.58,12.92,13.0,2050.0,9.0,6.0,21.0,0.0,low
stu_03843,class_033,60.13,76.77,57.1,51.15,58.62,22.88,45.07,4.0,1512.0,7.0,0.0,7.0,1.0,medium
stu_03844,class_030,59.55,0.0,52.72,63.37,33.76,16.95,49.81,,209.0,1.0,0.0,0.0,4.0,high
stu_03845,class_027,91.82,45.81,60.55,51.2,70.04,61.55,106.78,8.0,1029.0,5.0,2.0,11.0,3.0,medium
stu_03846,class_039,80.4,84.9,78.78,76.57,81.82,68.01,11.4,18.0,2312.0,10.0,4.0,24.0,0.0,low
stu_03847,class_031,82.24,44.35,88.68,78.44,70.92,60.88,42.19,0.0,857.0,4.0,4.0,0.0,1.0,medium
stu_03848,class_040,74.46,94.14,71.22,75.26,74.53,49.96,17.33,13.0,2117.0,9.0,4.0,7.0,0.0,low
stu_03849,class_039,73.88,86.17,73.96,76.58,82.49,72.61,18.76,9.0,1769.0,8.0,2.0,14.0,0.0,low
stu_03850,class_013,16.54,6.99,72.04,72.06,30.25,42.49,117.94,0.0,27.0,1.0,0.0,0.0,1.0,high
stu_03851,class_008,86.24,83.96,80.83,88.84,91.72,88.12,17.83,11.0,1570.0,7.0,5.0,6.0,0.0,low
stu_03852,class_016,89.97,87.97,88.64,97.66,80.95,51.06,19.29,8.0,1896.0,8.0,4.0,9.0,1.0,low
stu_03853,class_020,92.37,88.17,,100.0,96.05,76.14,29.22,12.0,1966.0,8.0,5.0,8.0,0.0,low
stu_03854,class_005,46.7,52.73,76.85,80.23,68.1,88.72,32.87,7.0,1215.0,5.0,1.0,9.0,0.0,medium
stu_03855,class_026,90.86,84.05,76.52,62.74,88.06,79.51,20.81,9.0,1766.0,8.0,4.0,8.0,1.0,low
stu_03856,class_031,42.13,33.89,47.6,49.12,36.71,37.89,73.03,0.0,579.0,3.0,0.0,0.0,1.0,high
stu_03857,class_009,61.58,22.0,58.23,64.81,38.77,17.18,28.24,0.0,679.0,3.0,1.0,0.0,5.0,medium
stu_03858,class_026,74.07,55.37,57.74,65.14,60.44,74.51,31.06,4.0,1078.0,5.0,1.0,6.0,3.0,medium
stu_03859,class_019,43.99,47.37,3.97,0.93,32.66,2.59,57.71,5.0,,4.0,2.0,,4.0,high
stu_03860,class_037,81.58,96.13,92.91,98.51,84.82,83.67,17.93,5.0,1936.0,8.0,4.0,5.0,0.0,low
stu_03861,class_038,82.11,87.18,79.97,87.85,84.58,92.19,12.27,12.0,1800.0,8.0,4.0,15.0,0.0,low
stu_03862,class_032,80.3,78.6,66.43,76.61,78.98,100.0,24.88,10.0,1777.0,8.0,4.0,15.0,1.0,low
stu_03863,class_020,88.63,83.76,83.17,84.9,73.29,43.67,21.43,0.0,1532.0,7.0,4.0,0.0,0.0,low
stu_03864,class_031,90.91,90.7,87.67,83.54,90.29,67.64,29.33,0.0,2123.0,9.0,6.0,14.0,1.0,low
stu_03865,class_031,54.11,26.26,65.57,66.09,50.86,70.72,30.51,3.0,520.0,3.0,0.0,5.0,2.0,medium
stu_03866,class_024,83.12,65.59,81.75,84.34,73.55,73.25,17.92,5.0,1280.0,6.0,4.0,4.0,0.0,low
stu_03867,class_016,59.82,42.7,90.87,95.69,62.57,60.28,49.35,3.0,906.0,4.0,2.0,10.0,0.0,medium
stu_03868,class_040,84.53,94.94,,44.25,67.84,78.37,27.0,11.0,1493.0,6.0,3.0,13.0,3.0,low
stu_03869,class_010,32.97,0.34,29.87,35.15,21.84,33.53,58.73,3.0,60.0,1.0,0.0,9.0,3.0,high
stu_03870,class_040,29.28,10.7,70.28,61.15,34.99,13.89,107.76,5.0,394.0,2.0,0.0,7.0,5.0,high
stu_03871,class_039,86.04,97.19,96.0,93.29,84.42,81.54,34.12,5.0,1942.0,8.0,5.0,5.0,0.0,low
stu_03872,class_040,79.06,88.6,86.09,93.51,85.66,90.76,27.33,14.0,0.0,8.0,3.0,12.0,2.0,low
stu_03873,class_007,49.34,49.84,42.36,42.07,48.56,48.61,99.52,1.0,874.0,4.0,1.0,1.0,4.0,medium
stu_03874,class_022,84.78,67.55,52.36,,66.07,76.1,48.35,5.0,6169.0,24.0,7.0,15.0,4.0,medium
stu_03875,class_011,47.55,39.98,62.11,66.59,51.84,5.0,19.58,0.0,936.0,4.0,1.0,6.0,2.0,medium
stu_03876,class_015,78.99,90.4,79.69,75.52,79.95,76.8,33.29,5.0,1887.0,8.0,3.0,6.0,0.0,low
stu_03877,class_008,72.82,80.32,77.43,84.41,76.44,90.84,19.23,13.0,1688.0,7.0,3.0,17.0,0.0,low
stu_03878,class_006,56.68,96.52,24.96,39.78,58.53,68.12,57.2,3.0,1705.0,7.0,3.0,2.0,2.0,medium
stu_03879,class_026,35.91,53.7,60.32,55.87,50.59,64.92,46.29,1.0,846.0,4.0,1.0,2.0,4.0,high
stu_03880,class_002,91.8,73.39,92.41,95.96,84.27,93.85,32.68,13.0,1676.0,7.0,4.0,21.0,1.0,low
stu_03881,class_028,52.56,56.59,22.0,30.14,44.49,43.41,15.05,9.0,1262.0,6.0,2.0,9.0,2.0,medium
stu_03882,class_037,33.54,43.13,63.29,62.25,45.82,52.43,31.1,1.0,771.0,4.0,1.0,0.0,2.0,medium
stu_03883,class_029,87.12,68.8,71.5,71.59,78.73,77.29,16.56,10.0,1593.0,7.0,4.0,9.0,0.0,low
stu_03884,class_024,80.04,100.0,72.02,87.6,82.24,66.72,24.96,6.0,1752.0,8.0,0.0,3.0,0.0,low
stu_03885,class_017,89.38,94.05,72.18,69.9,90.78,99.31,23.58,11.0,2052.0,9.0,4.0,9.0,2.0,low
stu_03886,class_038,32.69,7.03,60.29,54.29,36.02,51.84,149.28,3.0,425.0,2.0,0.0,10.0,3.0,high
stu_03887,class_038,73.4,62.53,38.38,36.09,60.97,69.56,57.53,4.0,1120.0,5.0,1.0,2.0,3.0,medium
stu_03888,class_034,65.88,48.27,33.55,33.32,51.66,43.59,39.95,0.0,1109.0,5.0,2.0,0.0,1.0,medium
stu_03889,class_037,72.72,61.49,82.63,86.48,77.37,64.55,17.03,12.0,1540.0,7.0,4.0,12.0,0.0,low
stu_03890,class_031,90.62,86.85,97.44,94.18,93.18,73.76,23.5,12.0,1960.0,8.0,6.0,20.0,1.0,low
stu_03891,class_006,56.88,73.21,70.33,,59.59,61.42,20.34,6.0,1701.0,7.0,2.0,6.0,0.0,low
stu_03892,class_021,100.0,95.3,81.08,83.73,88.64,100.0,30.13,12.0,2222.0,9.0,6.0,16.0,1.0,low
stu_03893,class_011,100.0,100.0,91.42,94.43,97.59,87.37,29.68,14.0,2175.0,9.0,5.0,15.0,1.0,low
stu_03894,class_015,74.03,78.22,76.66,67.52,79.17,84.02,20.98,15.0,1809.0,8.0,3.0,13.0,0.0,low
stu_03895,class_027,30.18,49.02,46.76,52.79,36.05,25.9,84.76,1.0,833.0,4.0,1.0,0.0,4.0,high
stu_03896,class_002,46.1,47.5,77.13,77.3,49.19,30.38,47.18,3.0,757.0,4.0,2.0,4.0,1.0,medium
stu_03897,class_004,33.82,19.34,45.2,44.91,33.42,32.29,31.45,4.0,264.0,2.0,0.0,1.0,2.0,high
stu_03898,class_005,47.74,40.31,40.9,31.69,44.09,34.73,63.95,3.0,853.0,4.0,2.0,6.0,5.0,high
stu_03899,class_040,56.73,76.35,66.29,63.84,63.55,61.51,31.71,9.0,1665.0,7.0,3.0,15.0,2.0,medium
stu_03900,class_037,77.65,64.31,46.98,52.65,58.01,57.77,54.06,2.0,1377.0,6.0,2.0,1.0,1.0,medium
stu_03901,class_027,90.36,70.64,83.19,81.13,86.98,77.54,12.12,11.0,1417.0,6.0,4.0,4.0,0.0,low
stu_03902,class_019,73.86,94.2,41.56,47.48,69.2,68.24,29.76,9.0,1994.0,8.0,3.0,7.0,2.0,medium
stu_03903,class_019,42.14,47.3,55.59,57.71,43.34,31.83,34.53,9.0,1068.0,5.0,1.0,11.0,4.0,medium
stu_03904,class_027,90.93,61.93,45.41,54.78,65.09,51.03,38.59,4.0,938.0,4.0,2.0,6.0,5.0,medium
stu_03905,class_011,98.24,82.98,74.93,78.82,87.33,82.64,32.1,8.0,1748.0,7.0,3.0,7.0,1.0,low
stu_03906,class_039,57.4,36.92,66.56,69.8,48.97,33.44,12.83,4.0,868.0,4.0,1.0,5.0,3.0,medium
stu_03907,class_038,54.74,66.96,28.26,27.17,45.62,24.91,53.3,0.0,1366.0,6.0,2.0,13.0,2.0,medium
stu_03908,class_007,58.79,32.41,100.0,100.0,59.57,43.4,76.03,9.0,944.0,4.0,2.0,8.0,0.0,medium
stu_03909,class_033,81.28,98.03,89.85,91.03,88.64,100.0,30.66,10.0,2186.0,9.0,6.0,14.0,0.0,low
stu_03910,class_009,32.28,10.29,27.41,33.13,23.42,18.39,63.71,3.0,63.0,1.0,0.0,1.0,2.0,high
stu_03911,class_032,64.86,48.94,60.43,70.65,61.44,81.19,50.88,5.0,942.0,4.0,1.0,2.0,2.0,medium
stu_03912,class_030,85.44,88.74,83.64,79.67,86.89,86.36,20.66,12.0,2120.0,9.0,5.0,10.0,2.0,low
stu_03913,class_004,87.51,96.41,89.35,83.98,87.97,87.12,31.33,14.0,2039.0,9.0,5.0,18.0,0.0,low
stu_03914,class_004,21.76,40.7,45.13,55.73,31.21,25.4,51.15,1.0,881.0,4.0,2.0,4.0,4.0,high
stu_03915,class_025,50.81,44.83,42.92,41.93,46.4,60.63,124.24,5.0,1046.0,5.0,1.0,8.0,5.0,high
stu_03916,class_004,73.1,91.08,84.89,99.24,77.01,,13.33,15.0,2003.0,9.0,4.0,21.0,0.0,low
stu_03917,class_015,81.73,81.98,9.83,9.97,60.06,44.29,64.35,9.0,697.0,3.0,2.0,11.0,5.0,medium
stu_03918,class_011,67.44,86.52,78.37,76.67,76.98,78.23,31.64,,2009.0,9.0,3.0,21.0,0.0,low
stu_03919,class_032,45.44,49.02,42.69,37.68,45.29,42.9,147.54,3.0,1044.0,5.0,2.0,3.0,4.0,high
stu_03920,class_019,45.56,14.25,67.16,60.16,44.89,69.41,30.97,2.0,382.0,2.0,0.0,3.0,1.0,medium
stu_03921,class_030,58.22,61.69,77.32,82.59,58.43,52.94,46.78,5.0,1308.0,6.0,0.0,10.0,2.0,medium
stu_03922,class_038,35.6,7.74,23.21,26.91,24.25,61.41,33.92,1.0,148.0,1.0,1.0,2.0,5.0,high
stu_03923,class_015,67.89,63.18,67.35,71.92,53.77,5.0,24.27,2.0,1386.0,6.0,3.0,3.0,1.0,medium
stu_03924,class_039,52.43,30.88,54.3,56.66,41.09,42.91,87.94,0.0,712.0,3.0,1.0,0.0,3.0,high
stu_03925,class_037,92.91,88.04,85.4,83.66,77.76,22.87,36.42,0.0,1695.0,7.0,5.0,0.0,1.0,low
stu_03926,class_020,92.65,86.02,85.01,86.73,88.55,97.08,19.27,18.0,1663.0,7.0,4.0,14.0,0.0,low
stu_03927,class_025,48.58,95.42,100.0,100.0,76.37,60.12,58.45,4.0,1719.0,7.0,3.0,7.0,0.0,medium
stu_03928,class_021,82.72,90.74,87.84,91.19,78.35,43.87,42.74,0.0,2018.0,9.0,5.0,0.0,0.0,low
stu_03929,class_004,91.51,85.51,85.13,90.01,86.49,69.97,17.68,7.0,1611.0,7.0,4.0,9.0,1.0,low
stu_03930,class_032,59.85,30.81,51.74,47.31,46.2,29.96,46.61,4.0,723.0,3.0,2.0,5.0,1.0,high
stu_03931,class_033,82.44,35.55,55.11,64.39,62.6,57.25,65.33,10.0,972.0,4.0,2.0,8.0,1.0,medium
stu_03932,class_009,43.47,18.4,53.95,43.16,40.06,39.92,43.51,4.0,511.0,3.0,1.0,0.0,2.0,high
stu_03933,class_014,53.8,48.36,59.75,61.57,56.24,48.81,40.44,10.0,835.0,4.0,1.0,10.0,3.0,medium
stu_03934,class_016,87.32,55.77,81.29,74.34,81.28,71.55,24.13,14.0,1334.0,6.0,5.0,22.0,0.0,low
stu_03935,class_026,90.18,67.1,63.67,54.85,79.4,69.18,17.27,10.0,1334.0,6.0,4.0,9.0,0.0,low
stu_03936,class_037,81.2,84.83,84.75,75.36,88.43,100.0,24.21,10.0,1658.0,7.0,4.0,12.0,0.0,low
stu_03937,class_012,96.66,69.18,,78.97,89.12,84.17,25.75,10.0,1697.0,7.0,5.0,9.0,0.0,low
stu_03938,class_005,89.65,84.4,85.11,86.27,86.4,74.1,22.21,14.0,1845.0,8.0,4.0,8.0,0.0,low
stu_03939,class_024,67.91,73.51,28.43,30.61,58.31,36.24,37.4,2.0,1425.0,6.0,3.0,3.0,1.0,medium
stu_03940,class_017,58.05,40.61,58.51,61.59,54.97,46.18,13.42,8.0,997.0,4.0,1.0,18.0,0.0,medium
stu_03941,class_013,45.75,38.95,30.35,32.62,35.05,48.38,44.26,3.0,823.0,4.0,2.0,8.0,1.0,high
stu_03942,class_040,20.89,17.59,0.0,0.0,10.51,13.46,119.49,1.0,258.0,2.0,0.0,0.0,3.0,high
stu_03943,class_034,41.22,49.48,84.36,67.14,55.32,,35.04,6.0,1169.0,5.0,3.0,3.0,2.0,medium
stu_03944,class_008,8.12,4.58,33.98,22.07,17.06,46.9,56.22,5.0,153.0,1.0,0.0,5.0,4.0,high
stu_03945,class_034,24.04,2.62,28.02,33.87,15.06,17.86,41.47,2.0,0.0,1.0,0.0,0.0,5.0,high
stu_03946,class_007,69.68,45.94,56.0,58.84,52.33,37.16,24.4,8.0,1053.0,5.0,2.0,5.0,3.0,medium
stu_03947,class_038,87.43,77.8,91.12,74.48,88.38,100.0,22.27,7.0,1669.0,7.0,4.0,6.0,1.0,low
stu_03948,class_015,60.62,58.78,34.39,28.89,53.59,44.24,64.29,10.0,1312.0,6.0,2.0,14.0,1.0,medium
stu_03949,class_029,91.23,100.0,31.45,35.47,79.75,77.98,52.52,8.0,3612.0,14.0,12.0,19.0,4.0,medium
stu_03950,class_013,68.55,55.4,37.3,37.46,63.81,66.09,17.03,10.0,1306.0,6.0,3.0,9.0,1.0,medium
stu_03951,class_039,14.25,56.53,46.17,47.43,38.41,33.66,33.77,5.0,,6.0,2.0,8.0,2.0,high
stu_03952,class_023,0.0,19.07,64.65,76.43,23.44,20.84,71.8,1.0,359.0,2.0,0.0,0.0,6.0,high
stu_03953,class_016,33.34,59.71,29.39,28.01,38.59,34.34,65.92,4.0,1198.0,5.0,1.0,4.0,3.0,high
stu_03954,class_035,40.0,34.02,40.59,42.94,36.3,19.92,65.63,2.0,663.0,3.0,1.0,1.0,6.0,high
stu_03955,class_022,59.7,92.38,79.83,81.74,68.11,46.21,34.0,1.0,1671.0,7.0,2.0,3.0,2.0,medium
stu_03956,class_021,59.25,66.91,68.66,65.09,57.8,5.77,34.64,0.0,1616.0,7.0,2.0,0.0,5.0,medium
stu_03957,class_005,72.93,63.43,97.67,78.72,77.08,67.8,10.08,18.0,1559.0,7.0,3.0,15.0,1.0,low
stu_03958,class_020,92.48,81.1,89.63,96.51,88.3,69.63,28.43,14.0,1835.0,8.0,5.0,24.0,0.0,low
stu_03959,class_018,68.25,64.99,40.24,46.17,56.63,49.41,24.21,9.0,1593.0,7.0,3.0,13.0,0.0,medium
stu_03960,class_025,80.4,,81.39,85.36,75.23,65.0,28.07,0.0,2141.0,9.0,5.0,0.0,0.0,low
stu_03961,class_020,69.3,73.4,98.4,100.0,80.75,74.26,23.78,17.0,1704.0,7.0,3.0,21.0,0.0,low
stu_03962,class_007,3.43,16.53,12.34,6.02,10.01,22.51,84.79,0.0,355.0,2.0,0.0,1.0,1.0,high
stu_03963,class_028,82.36,71.85,70.98,68.54,79.88,72.77,20.29,18.0,1788.0,8.0,3.0,29.0,0.0,low
stu_03964,class_030,100.0,21.72,64.44,69.85,63.89,42.84,48.2,5.0,368.0,2.0,2.0,11.0,0.0,medium
stu_03965,class_029,97.71,56.73,86.82,82.86,80.2,64.65,56.36,8.0,1293.0,6.0,4.0,4.0,0.0,low
stu_03966,class_007,50.13,60.05,39.56,35.91,48.23,36.55,97.86,,1228.0,5.0,1.0,5.0,2.0,medium
stu_03967,class_006,45.73,74.7,64.63,67.7,61.17,63.93,35.24,4.0,1439.0,6.0,2.0,4.0,2.0,medium
stu_03968,class_009,84.93,73.34,41.64,43.96,65.44,61.46,36.17,1.0,1152.0,5.0,2.0,0.0,4.0,medium
stu_03969,class_038,70.86,56.52,77.96,63.75,65.97,42.86,35.51,1.0,1072.0,5.0,2.0,0.0,2.0,medium
stu_03970,class_024,84.94,62.93,87.17,79.89,76.53,87.82,26.91,10.0,1451.0,6.0,4.0,16.0,0.0,low
stu_03971,class_007,30.18,98.31,60.17,51.04,57.35,65.84,23.42,6.0,1882.0,8.0,3.0,2.0,0.0,medium
stu_03972,class_012,50.84,33.38,68.79,58.95,58.03,62.77,36.14,8.0,708.0,3.0,2.0,13.0,0.0,medium
stu_03973,class_036,91.32,74.29,86.37,85.01,81.32,77.95,32.78,18.0,,8.0,4.0,20.0,0.0,low
stu_03974,class_033,99.34,63.99,72.63,68.04,82.28,100.0,16.05,7.0,1566.0,7.0,4.0,9.0,1.0,low
stu_03975,class_007,94.32,65.47,74.02,77.74,81.18,88.96,36.6,17.0,1717.0,7.0,4.0,28.0,0.0,low
stu_03976,class_023,25.21,48.28,100.0,,59.3,91.96,19.84,10.0,2030.0,9.0,4.0,17.0,0.0,low
stu_03977,class_027,26.63,7.19,18.3,22.96,18.3,45.63,101.02,0.0,226.0,1.0,0.0,2.0,2.0,high
stu_03978,class_013,61.39,21.86,49.9,45.49,47.03,63.04,75.97,3.0,0.0,1.0,1.0,8.0,7.0,high
stu_03979,class_006,89.5,98.51,76.84,85.13,82.97,55.72,17.67,7.0,1905.0,8.0,3.0,12.0,1.0,low
stu_03980,class_014,78.29,42.77,43.5,33.51,56.17,48.4,181.2,4.0,813.0,4.0,1.0,2.0,3.0,high
stu_03981,class_021,44.2,29.71,6.14,10.58,27.79,58.09,65.78,4.0,609.0,3.0,0.0,5.0,6.0,high
stu_03982,class_016,92.29,59.17,87.56,97.54,78.72,91.12,25.74,5.0,1193.0,5.0,3.0,7.0,1.0,low
stu_03983,class_002,72.48,87.8,74.49,67.79,77.69,73.66,17.93,8.0,1876.0,8.0,3.0,7.0,0.0,low
stu_03984,class_008,55.73,41.75,68.32,65.56,56.91,87.85,29.1,3.0,792.0,4.0,2.0,2.0,1.0,medium
stu_03985,class_039,66.55,45.6,94.35,84.34,67.07,62.4,46.39,4.0,928.0,4.0,2.0,3.0,1.0,medium
stu_03986,class_034,100.0,100.0,86.85,78.73,93.08,83.86,25.14,7.0,1996.0,8.0,6.0,12.0,0.0,low
stu_03987,class_038,79.14,100.0,91.33,83.84,90.25,86.93,28.36,17.0,2254.0,10.0,4.0,22.0,0.0,low
stu_03988,class_011,94.01,81.64,47.1,41.97,73.72,42.76,16.54,18.0,1848.0,8.0,5.0,33.0,5.0,low
stu_03989,class_028,90.05,60.22,34.4,44.49,67.09,68.07,22.84,11.0,1718.0,7.0,5.0,19.0,4.0,low
stu_03990,class_005,82.26,86.2,86.22,81.97,78.09,59.72,24.34,0.0,1934.0,8.0,4.0,0.0,0.0,low
stu_03991,class_008,64.4,50.19,93.52,95.22,62.36,57.45,46.14,1.0,1062.0,5.0,2.0,0.0,2.0,medium
stu_03992,class_016,87.78,89.06,85.59,89.49,84.99,72.45,21.99,5.0,1771.0,8.0,4.0,4.0,0.0,low
stu_03993,class_013,86.54,,77.29,80.3,81.17,65.96,13.6,17.0,2193.0,9.0,5.0,22.0,0.0,low
stu_03994,class_012,39.94,7.05,53.45,51.81,32.07,45.41,63.88,0.0,101.0,1.0,0.0,0.0,1.0,high
stu_03995,class_006,91.81,80.22,87.27,81.28,77.77,58.82,28.41,0.0,1766.0,8.0,5.0,0.0,1.0,low
stu_03996,class_015,54.94,46.42,42.26,75.29,47.8,69.74,17.95,2.0,3902.0,15.0,6.0,17.0,3.0,medium
stu_03997,class_004,66.44,72.78,51.33,64.09,62.42,48.97,18.87,8.0,1375.0,6.0,3.0,11.0,3.0,medium
stu_03998,class_009,81.32,71.97,89.57,99.48,78.37,65.35,22.33,6.0,1513.0,7.0,4.0,7.0,2.0,medium
stu_03999,class_037,94.08,81.91,59.21,66.38,73.65,30.42,24.73,3.0,1718.0,7.0,3.0,4.0,2.0,medium
stu_04000,class_023,28.02,60.7,80.6,81.31,51.36,51.12,46.27,9.0,1442.0,6.0,3.0,11.0,2.0,medium
stu_04001,class_014,69.02,84.28,83.66,96.18,76.17,73.71,35.89,13.0,1986.0,8.0,4.0,15.0,0.0,low
stu_04002,class_001,62.6,52.88,57.88,62.22,57.71,44.61,25.98,7.0,1149.0,5.0,1.0,12.0,1.0,medium
stu_04003,class_011,32.99,26.99,65.95,74.98,38.38,39.33,138.53,2.0,506.0,3.0,1.0,0.0,4.0,high
stu_04004,class_012,81.08,77.2,78.03,,81.95,81.95,43.42,12.0,1696.0,7.0,3.0,18.0,0.0,low
stu_04005,class_029,26.68,72.77,44.65,42.09,45.95,33.59,34.03,8.0,1624.0,7.0,2.0,11.0,3.0,medium
stu_04006,class_038,17.31,31.38,43.17,41.13,25.68,6.75,57.3,3.0,531.0,3.0,0.0,1.0,1.0,high
stu_04007,class_028,66.63,82.73,81.71,77.23,73.68,69.07,33.23,16.0,1858.0,8.0,3.0,14.0,0.0,low
stu_04008,class_025,84.36,89.73,87.65,80.88,87.5,100.0,19.02,11.0,1742.0,7.0,4.0,10.0,0.0,low
stu_04009,class_002,75.9,76.06,100.0,98.4,83.71,49.13,29.79,13.0,1720.0,7.0,3.0,11.0,0.0,low
stu_04010,class_039,17.39,12.69,53.9,43.69,22.48,16.33,30.62,0.0,204.0,1.0,1.0,0.0,1.0,high
stu_04011,class_027,100.0,100.0,89.83,93.53,95.97,92.63,27.45,7.0,1969.0,8.0,6.0,9.0,0.0,low
stu_04012,class_001,28.91,19.97,30.96,28.77,29.91,52.74,68.34,3.0,451.0,2.0,0.0,1.0,4.0,high
stu_04013,class_008,86.64,85.87,28.85,27.29,73.0,78.54,56.23,9.0,1429.0,6.0,3.0,15.0,7.0,medium
stu_04014,class_019,58.91,58.17,50.68,51.79,55.82,77.87,36.25,10.0,1338.0,6.0,2.0,6.0,2.0,medium
stu_04015,class_027,43.04,63.09,65.1,69.51,55.35,62.34,52.38,3.0,1227.0,5.0,2.0,3.0,1.0,medium
stu_04016,class_037,28.75,37.62,82.33,85.87,40.56,23.26,16.91,0.0,611.0,3.0,1.0,0.0,5.0,high
stu_04017,class_012,57.24,64.31,75.81,73.04,65.74,66.21,34.05,9.0,1377.0,6.0,3.0,14.0,1.0,medium
stu_04018,class_005,81.3,74.91,89.67,71.66,81.18,74.44,20.76,8.0,1487.0,6.0,4.0,5.0,0.0,low
stu_04019,class_008,84.51,62.95,85.74,73.54,77.11,73.77,23.11,14.0,1296.0,6.0,4.0,12.0,0.0,low
stu_04020,class_005,39.69,70.41,75.4,77.4,57.01,48.27,45.77,7.0,1417.0,6.0,2.0,4.0,2.0,medium
stu_04021,class_015,5.43,28.13,48.46,59.07,26.82,37.93,113.89,0.0,365.0,2.0,1.0,2.0,3.0,high
stu_04022,class_033,62.08,83.93,77.23,73.49,73.46,64.07,83.57,10.0,1862.0,8.0,2.0,15.0,2.0,medium
stu_04023,class_014,72.06,77.72,99.26,90.23,77.71,62.15,42.48,3.0,1717.0,7.0,3.0,,1.0,medium
stu_04024,class_023,81.95,82.89,87.25,75.97,81.46,65.21,,11.0,2058.0,9.0,6.0,13.0,0.0,low
stu_04025,class_028,100.0,86.67,78.47,81.82,87.63,70.29,34.49,7.0,1854.0,8.0,4.0,9.0,0.0,low
stu_04026,class_009,84.04,78.07,74.74,82.57,79.61,73.26,16.28,6.0,1812.0,8.0,3.0,4.0,1.0,low
stu_04027,class_027,57.56,64.47,51.01,47.41,60.41,68.62,76.51,7.0,1412.0,6.0,3.0,7.0,1.0,medium
stu_04028,class_012,48.49,80.37,44.98,40.91,56.65,51.42,33.09,10.0,1683.0,7.0,2.0,16.0,1.0,medium
stu_04029,class_020,29.96,53.56,61.51,71.44,49.79,70.48,65.88,8.0,1313.0,6.0,2.0,10.0,3.0,medium
stu_04030,class_031,58.11,40.03,53.38,58.95,55.95,47.46,36.48,3.0,741.0,3.0,1.0,2.0,1.0,medium
stu_04031,class_040,82.4,82.09,36.49,48.41,70.53,86.78,34.14,8.0,1205.0,5.0,3.0,13.0,4.0,low
stu_04032,class_017,81.12,67.07,24.78,39.14,62.42,42.28,37.34,9.0,1423.0,6.0,4.0,5.0,2.0,medium
stu_04033,class_018,88.53,89.21,97.84,92.59,89.37,68.57,13.14,12.0,1805.0,8.0,4.0,21.0,0.0,low
stu_04034,class_017,42.09,27.27,31.15,38.65,30.87,20.36,25.03,2.0,781.0,4.0,2.0,0.0,3.0,high
stu_04035,class_006,57.6,68.45,76.18,92.06,65.38,77.61,34.15,3.0,1184.0,5.0,1.0,4.0,1.0,medium
stu_04036,class_006,62.81,41.59,53.84,44.64,54.49,55.46,82.08,5.0,1080.0,5.0,2.0,6.0,1.0,medium
stu_04037,class_031,45.79,24.15,,100.0,49.91,10.73,52.76,6.0,529.0,3.0,1.0,11.0,3.0,medium
stu_04038,class_020,32.19,69.69,87.12,90.21,64.85,76.52,18.32,8.0,1911.0,8.0,4.0,9.0,1.0,low
stu_04039,class_003,54.98,30.33,70.33,74.67,48.87,47.1,27.64,8.0,724.0,3.0,1.0,12.0,0.0,medium
stu_04040,class_020,53.15,64.15,62.92,63.36,55.02,46.38,35.95,1.0,1203.0,5.0,1.0,1.0,2.0,medium
stu_04041,class_038,13.59,0.0,45.26,50.97,26.76,51.75,49.88,2.0,228.0,1.0,0.0,3.0,2.0,high
stu_04042,class_011,100.0,,31.81,28.07,64.22,28.55,16.55,4.0,1333.0,6.0,3.0,5.0,3.0,medium
stu_04043,class_029,92.62,66.23,77.24,85.01,84.15,100.0,29.14,8.0,1411.0,6.0,3.0,10.0,0.0,low
stu_04044,class_037,96.25,77.67,84.52,87.87,87.87,79.19,16.44,18.0,2014.0,9.0,6.0,24.0,0.0,low
stu_04045,class_008,86.27,86.41,96.42,89.89,86.38,83.6,16.4,5.0,1682.0,7.0,4.0,10.0,0.0,low
stu_04046,class_032,88.55,64.69,100.0,100.0,75.89,63.87,33.29,6.0,1353.0,6.0,5.0,5.0,0.0,low
stu_04047,class_006,90.83,76.93,78.11,65.28,85.2,100.0,22.22,12.0,1413.0,6.0,3.0,13.0,2.0,low
stu_04048,class_005,100.0,47.59,63.55,58.89,72.52,56.1,30.45,4.0,930.0,4.0,3.0,6.0,0.0,medium
stu_04049,class_017,61.86,44.76,40.11,47.84,52.85,24.44,18.34,10.0,982.0,4.0,1.0,15.0,0.0,medium
stu_04050,class_007,70.75,67.68,84.17,84.76,74.12,66.54,29.95,15.0,1548.0,7.0,4.0,27.0,0.0,low
stu_04051,class_013,91.99,92.96,83.38,80.85,87.88,92.6,21.51,18.0,2217.0,9.0,5.0,16.0,0.0,low
stu_04052,class_015,94.24,85.48,78.52,94.61,87.16,82.3,26.17,18.0,2165.0,9.0,5.0,33.0,0.0,low
stu_04053,class_012,31.33,33.56,52.65,68.9,36.69,18.3,60.92,0.0,610.0,3.0,0.0,0.0,3.0,high
stu_04054,class_035,75.37,76.49,88.19,87.45,70.46,32.32,15.61,0.0,1679.0,7.0,4.0,0.0,0.0,low
stu_04055,class_034,96.67,61.26,80.85,85.66,87.26,98.57,16.02,9.0,1295.0,6.0,3.0,16.0,0.0,low
stu_04056,class_018,0.0,33.48,45.27,58.29,25.23,28.56,37.95,0.0,459.0,2.0,1.0,2.0,2.0,high
stu_04057,class_028,22.48,26.16,20.32,18.47,23.47,30.4,131.3,3.0,581.0,3.0,0.0,0.0,3.0,high
stu_04058,class_014,83.11,74.41,71.45,65.66,79.69,88.27,15.56,8.0,1620.0,7.0,3.0,7.0,0.0,low
stu_04059,class_033,22.33,31.75,84.2,81.24,45.22,94.98,28.43,18.0,0.0,7.0,3.0,33.0,1.0,low
stu_04060,class_037,44.25,76.81,94.97,97.29,63.48,38.59,23.21,0.0,1258.0,6.0,3.0,0.0,0.0,medium
stu_04061,class_037,12.24,15.75,48.97,60.3,19.83,29.18,31.1,3.0,384.0,2.0,0.0,6.0,5.0,high
stu_04062,class_018,31.78,34.52,53.09,53.64,39.84,76.61,43.61,3.0,860.0,4.0,2.0,4.0,3.0,high
stu_04063,class_036,54.17,55.42,44.63,43.02,51.99,59.16,25.76,9.0,1250.0,6.0,2.0,10.0,2.0,medium
stu_04064,class_024,39.34,79.52,60.6,63.37,60.44,64.42,47.58,9.0,1863.0,8.0,3.0,6.0,3.0,medium
stu_04065,class_030,93.02,66.42,89.29,,79.6,79.63,29.7,14.0,1716.0,7.0,5.0,24.0,0.0,low
stu_04066,class_019,65.1,54.58,68.03,81.75,64.0,48.09,56.49,10.0,1300.0,6.0,2.0,6.0,3.0,medium
stu_04067,class_034,12.53,34.88,35.36,44.22,27.07,59.63,35.29,0.0,745.0,3.0,0.0,1.0,1.0,high
stu_04068,class_002,60.21,10.0,60.3,43.07,43.65,48.06,27.55,0.0,390.0,2.0,0.0,3.0,2.0,medium
stu_04069,class_011,66.48,43.62,47.1,55.51,49.3,19.2,20.09,10.0,1001.0,5.0,1.0,14.0,0.0,medium
stu_04070,class_024,73.62,74.37,86.85,89.62,80.36,90.52,35.08,10.0,1585.0,7.0,4.0,12.0,0.0,low
stu_04071,class_024,87.72,86.4,74.42,77.57,83.08,92.71,23.88,17.0,1994.0,8.0,5.0,23.0,1.0,low
stu_04072,class_013,59.63,67.53,47.41,47.65,58.56,61.98,43.76,1.0,1355.0,6.0,2.0,1.0,1.0,medium
stu_04073,class_023,87.91,88.55,96.5,100.0,90.76,70.56,42.18,13.0,2144.0,9.0,6.0,16.0,0.0,low
stu_04074,class_007,82.43,89.23,88.42,78.4,82.89,80.2,79.32,10.0,1872.0,8.0,4.0,9.0,1.0,low
stu_04075,class_001,98.42,90.81,97.01,100.0,94.35,66.93,31.2,12.0,1986.0,8.0,5.0,16.0,1.0,low
stu_04076,class_039,11.11,13.47,42.67,38.91,18.36,27.06,84.75,0.0,413.0,2.0,0.0,0.0,1.0,high
stu_04077,class_015,36.27,40.56,56.7,45.0,39.48,10.13,51.11,1.0,779.0,4.0,1.0,0.0,1.0,medium
stu_04078,class_040,90.1,84.14,80.96,81.88,82.67,76.84,26.09,6.0,1706.0,7.0,5.0,9.0,0.0,low
stu_04079,class_015,31.63,27.0,38.74,51.35,28.07,25.06,55.95,4.0,712.0,3.0,1.0,6.0,4.0,high
stu_04080,class_009,85.35,88.19,83.93,79.66,80.49,68.57,24.19,6.0,1749.0,7.0,5.0,6.0,0.0,low
stu_04081,class_025,85.39,80.36,92.83,94.47,86.66,76.69,15.96,17.0,1850.0,8.0,4.0,27.0,2.0,low
stu_04082,class_013,70.05,31.3,73.05,78.8,64.48,71.59,14.79,10.0,759.0,4.0,2.0,14.0,4.0,medium
stu_04083,class_038,8.04,37.46,10.5,2.72,17.04,34.48,46.04,1.0,708.0,3.0,1.0,1.0,2.0,high
stu_04084,class_003,79.9,87.03,74.48,69.85,77.94,89.11,26.16,5.0,1633.0,7.0,3.0,11.0,0.0,low
stu_04085,class_005,44.12,27.88,68.07,73.63,51.18,67.83,24.46,3.0,694.0,3.0,1.0,6.0,5.0,high
stu_04086,class_034,37.31,58.75,37.47,62.23,34.41,17.23,51.62,3.0,946.0,4.0,2.0,0.0,6.0,high
stu_04087,class_013,28.35,33.33,16.27,13.98,26.41,31.6,26.0,2.0,413.0,2.0,0.0,4.0,4.0,high
stu_04088,class_037,86.09,76.95,91.89,83.22,88.37,78.84,17.07,15.0,1710.0,7.0,5.0,24.0,1.0,low
stu_04089,class_025,39.66,70.95,49.36,44.6,48.68,13.13,22.67,8.0,1411.0,6.0,2.0,16.0,1.0,medium
stu_04090,class_029,37.69,35.74,43.23,37.34,34.54,30.56,102.7,0.0,781.0,4.0,1.0,0.0,4.0,high
stu_04091,class_017,85.61,77.84,73.46,82.92,77.68,71.39,29.08,15.0,1837.0,8.0,3.0,,0.0,low
stu_04092,class_033,89.62,90.49,96.16,100.0,93.52,71.6,26.73,17.0,2090.0,9.0,6.0,28.0,0.0,low
stu_04093,class_006,77.38,61.12,70.62,83.76,77.27,98.9,21.41,18.0,1553.0,7.0,3.0,17.0,1.0,low
stu_04094,class_021,89.94,78.41,65.42,74.31,79.0,100.0,29.32,5.0,1688.0,7.0,3.0,8.0,0.0,low
stu_04095,class_033,63.1,32.78,50.32,49.36,47.25,23.96,192.76,4.0,702.0,3.0,1.0,1.0,3.0,high
stu_04096,class_008,95.15,84.58,83.38,82.61,89.19,71.71,9.21,15.0,2005.0,9.0,5.0,18.0,0.0,low
stu_04097,class_002,60.24,81.08,55.6,49.69,63.7,38.11,60.18,8.0,0.0,7.0,2.0,10.0,0.0,medium
stu_04098,class_008,47.32,22.8,34.59,33.13,33.77,48.78,115.21,5.0,632.0,3.0,0.0,9.0,4.0,high
stu_04099,class_030,100.0,33.99,54.53,37.49,67.93,95.95,28.41,4.0,750.0,4.0,2.0,0.0,3.0,medium
stu_04100,class_034,100.0,90.52,85.42,79.05,89.79,100.0,17.94,13.0,1962.0,8.0,5.0,13.0,0.0,low
stu_04101,class_023,76.51,76.55,94.7,82.85,80.83,77.82,14.7,9.0,1507.0,7.0,3.0,14.0,0.0,low
stu_04102,class_019,16.8,40.94,26.39,34.98,28.62,57.97,42.11,0.0,1001.0,5.0,1.0,0.0,3.0,high
stu_04103,class_005,90.19,68.02,92.2,82.1,83.42,71.58,28.56,9.0,1277.0,6.0,4.0,12.0,0.0,low
stu_04104,class_035,28.07,58.4,73.43,77.88,43.41,31.9,47.26,5.0,1061.0,5.0,2.0,2.0,2.0,medium
stu_04105,class_031,30.75,36.14,71.5,80.65,47.37,81.53,52.18,10.0,837.0,4.0,2.0,12.0,2.0,medium
stu_04106,class_031,39.56,32.87,39.37,43.93,36.73,25.39,81.62,3.0,778.0,4.0,1.0,3.0,5.0,high
stu_04107,class_002,73.77,43.18,56.49,57.2,62.02,66.81,46.95,10.0,1114.0,5.0,1.0,19.0,2.0,medium
stu_04108,class_008,31.15,37.22,51.57,33.74,35.27,18.72,27.82,2.0,5744.0,22.0,10.0,14.0,2.0,medium
stu_04109,class_014,89.32,81.68,79.21,78.46,84.5,81.72,26.78,13.0,1873.0,8.0,3.0,26.0,1.0,low
stu_04110,class_040,91.98,80.53,72.77,66.71,83.69,94.45,31.12,12.0,1828.0,8.0,4.0,17.0,0.0,low
stu_04111,class_014,71.41,86.88,69.41,63.43,73.85,100.0,21.29,6.0,1729.0,7.0,2.0,10.0,0.0,low
stu_04112,class_008,31.44,38.84,31.43,30.91,31.1,49.09,152.54,0.0,712.0,3.0,2.0,2.0,7.0,high
stu_04113,class_019,90.57,80.39,87.86,91.47,85.34,94.58,38.79,6.0,1624.0,7.0,4.0,9.0,1.0,low
stu_04114,class_037,83.86,32.7,72.53,83.06,64.92,74.72,25.67,2.0,745.0,3.0,2.0,0.0,2.0,medium
stu_04115,class_036,38.82,78.92,76.12,93.54,64.67,53.18,47.46,5.0,629.0,3.0,1.0,4.0,2.0,medium
stu_04116,class_039,87.15,43.71,57.18,54.9,68.79,61.62,32.96,9.0,1085.0,5.0,2.0,0.0,0.0,medium
stu_04117,class_022,89.73,81.04,47.78,47.66,71.25,63.22,12.52,18.0,2375.0,10.0,4.0,15.0,3.0,low
stu_04118,class_010,69.35,21.75,68.52,50.94,56.31,50.72,35.71,7.0,493.0,2.0,0.0,8.0,2.0,medium
stu_04119,class_035,74.37,83.03,83.53,73.26,79.45,100.0,19.63,9.0,1829.0,8.0,3.0,8.0,0.0,low
stu_04120,class_008,93.59,89.24,86.81,98.58,82.99,45.82,18.76,0.0,1729.0,7.0,4.0,0.0,0.0,low
stu_04121,class_024,99.29,65.32,68.7,65.49,78.53,63.37,20.29,15.0,1466.0,6.0,3.0,6.0,0.0,low
stu_04122,class_002,42.49,46.03,10.65,10.89,34.78,34.68,76.18,5.0,912.0,4.0,2.0,4.0,4.0,high
stu_04123,class_025,53.55,44.86,66.73,70.67,55.5,64.33,30.9,,1230.0,5.0,1.0,13.0,0.0,medium
stu_04124,class_033,97.15,72.22,97.58,96.67,81.16,45.04,29.93,0.0,1707.0,7.0,4.0,0.0,1.0,low
stu_04125,class_013,88.03,65.91,63.77,69.65,76.38,81.26,28.0,11.0,1517.0,7.0,4.0,5.0,2.0,low
stu_04126,class_026,73.74,61.97,65.77,76.14,65.63,54.67,23.94,6.0,1256.0,6.0,1.0,10.0,1.0,medium
stu_04127,class_019,54.25,57.29,64.73,67.04,52.06,14.22,83.23,3.0,984.0,4.0,2.0,3.0,3.0,high
stu_04128,class_002,87.29,79.28,78.97,93.0,84.07,71.39,23.54,11.0,1787.0,8.0,3.0,12.0,1.0,low
stu_04129,class_023,30.86,31.13,16.81,7.8,25.07,46.94,63.68,0.0,872.0,4.0,1.0,0.0,2.0,high
stu_04130,class_021,42.58,29.7,39.47,30.0,38.97,29.87,65.73,2.0,709.0,3.0,1.0,4.0,3.0,high
stu_04131,class_014,76.43,19.49,9.69,13.84,35.37,18.33,68.0,2.0,660.0,3.0,1.0,0.0,2.0,high
stu_04132,class_012,32.82,10.0,65.22,68.6,36.07,48.58,31.92,1.0,545.0,3.0,1.0,0.0,0.0,medium
stu_04133,class_009,72.94,65.4,87.88,85.11,71.56,69.93,16.73,18.0,1924.0,8.0,3.0,28.0,0.0,low
stu_04134,class_021,18.87,59.0,91.67,85.24,53.83,75.74,23.33,7.0,1901.0,8.0,3.0,3.0,2.0,low
stu_04135,class_001,45.83,60.51,70.47,70.77,57.35,59.25,26.76,7.0,1152.0,5.0,1.0,8.0,4.0,medium
stu_04136,class_039,98.65,73.31,96.47,87.21,90.02,100.0,15.75,15.0,1824.0,8.0,4.0,28.0,1.0,low
stu_04137,class_006,79.4,96.23,83.06,77.87,87.16,84.78,31.36,11.0,0.0,8.0,4.0,7.0,2.0,low
stu_04138,class_017,50.27,69.1,48.02,41.92,58.59,66.24,46.47,4.0,0.0,6.0,1.0,4.0,2.0,medium
stu_04139,class_025,77.56,99.93,83.39,69.93,86.13,93.19,39.97,16.0,2477.0,10.0,4.0,23.0,0.0,low
stu_04140,class_010,26.9,60.52,71.04,63.32,50.02,45.8,60.55,0.0,1123.0,5.0,1.0,6.0,2.0,high
stu_04141,class_016,90.51,55.14,38.28,47.14,68.27,87.37,47.91,,685.0,3.0,2.0,9.0,6.0,medium
stu_04142,class_037,94.82,78.68,79.77,82.11,84.13,86.1,24.72,9.0,1711.0,7.0,3.0,14.0,0.0,low
stu_04143,class_002,68.74,66.05,85.52,94.65,68.28,53.1,52.44,1.0,1078.0,5.0,3.0,3.0,1.0,medium
stu_04144,class_010,53.97,83.36,67.82,63.63,63.18,20.55,36.97,0.0,1514.0,7.0,2.0,0.0,1.0,medium
stu_04145,class_014,65.22,48.93,68.53,49.0,57.04,42.21,38.91,8.0,1106.0,,1.0,12.0,1.0,medium
stu_04146,class_026,80.9,51.5,61.45,73.68,62.95,75.12,,1.0,1015.0,5.0,2.0,0.0,4.0,medium
stu_04147,class_038,81.41,58.46,61.32,61.78,59.71,35.87,47.97,2.0,858.0,4.0,3.0,1.0,4.0,medium
stu_04148,class_004,72.72,55.1,50.43,51.78,59.9,53.1,53.8,7.0,995.0,4.0,1.0,10.0,1.0,medium
stu_04149,class_035,98.69,83.18,82.36,81.9,89.14,83.13,20.28,10.0,1549.0,7.0,4.0,9.0,1.0,low
stu_04150,class_003,98.95,82.9,37.76,33.57,77.97,71.59,24.37,10.0,1987.0,8.0,5.0,7.0,7.0,low
stu_04151,class_031,80.46,77.27,88.01,94.77,83.07,67.84,38.95,14.0,1778.0,8.0,4.0,19.0,0.0,low
stu_04152,class_004,81.75,78.51,82.17,92.15,72.02,63.78,17.31,0.0,1825.0,8.0,4.0,0.0,0.0,low
stu_04153,class_031,92.9,90.59,95.92,92.25,88.42,73.28,21.56,9.0,1872.0,8.0,5.0,11.0,0.0,low
stu_04154,class_006,34.19,23.09,31.53,43.32,25.66,9.05,78.64,0.0,297.0,2.0,1.0,0.0,4.0,high
stu_04155,class_016,22.68,,22.35,17.34,16.28,27.29,36.5,2.0,43.0,1.0,0.0,3.0,4.0,high
stu_04156,class_003,52.3,64.06,42.83,78.63,55.15,39.26,24.73,4.0,3768.0,15.0,6.0,15.0,2.0,medium
stu_04157,class_003,100.0,91.36,86.2,86.83,78.31,51.81,24.55,0.0,1949.0,8.0,4.0,0.0,1.0,low
stu_04158,class_025,84.55,89.24,94.83,97.8,90.38,82.24,20.34,13.0,1875.0,8.0,4.0,12.0,0.0,low
stu_04159,class_001,87.88,84.87,75.51,70.76,79.96,87.68,21.06,11.0,1655.0,7.0,4.0,14.0,1.0,low
stu_04160,class_039,81.79,71.56,65.69,73.57,69.06,42.88,36.78,9.0,1774.0,8.0,3.0,8.0,3.0,medium
stu_04161,class_020,55.43,45.61,83.04,87.5,60.89,26.84,18.48,7.0,1053.0,5.0,2.0,6.0,1.0,medium
stu_04162,class_007,94.45,80.82,66.29,63.67,72.75,55.37,17.51,5.0,1709.0,7.0,3.0,0.0,0.0,low
stu_04163,class_003,21.09,23.58,53.98,32.42,35.15,43.31,72.52,2.0,436.0,2.0,0.0,2.0,4.0,high
stu_04164,class_037,84.46,100.0,83.88,83.19,88.97,90.59,,12.0,2272.0,10.0,6.0,16.0,0.0,low
stu_04165,class_026,55.98,50.73,36.27,29.3,48.81,34.13,37.89,8.0,1004.0,5.0,2.0,13.0,4.0,medium
stu_04166,class_018,37.35,0.0,28.07,31.88,22.77,35.84,50.72,0.0,27.0,1.0,0.0,0.0,,high
stu_04167,class_009,48.04,55.83,92.08,99.41,64.69,82.14,20.53,5.0,1587.0,7.0,4.0,9.0,0.0,low
stu_04168,class_037,49.4,43.39,39.78,47.98,33.73,18.85,52.28,2.0,943.0,4.0,1.0,3.0,4.0,high
stu_04169,class_011,78.37,41.68,63.31,62.86,63.29,72.35,107.02,4.0,1143.0,5.0,1.0,6.0,2.0,medium
stu_04170,class_029,92.83,90.03,77.46,83.89,88.53,86.73,23.4,9.0,1929.0,8.0,3.0,6.0,0.0,low
stu_04171,class_030,87.41,92.14,87.52,100.0,92.52,76.62,22.91,15.0,1983.0,8.0,6.0,24.0,0.0,low
stu_04172,class_026,84.57,92.21,88.46,92.2,87.97,90.93,39.42,8.0,1957.0,8.0,5.0,8.0,0.0,low
stu_04173,class_014,99.66,79.64,92.01,97.69,87.02,62.12,12.3,13.0,1738.0,7.0,5.0,16.0,1.0,low
stu_04174,class_022,75.97,69.15,91.38,81.55,82.65,86.63,17.69,18.0,1775.0,8.0,3.0,18.0,1.0,low
stu_04175,class_028,83.84,60.98,82.08,92.11,75.07,72.58,28.86,7.0,1163.0,5.0,3.0,15.0,0.0,low
stu_04176,class_039,65.98,35.23,61.99,49.35,54.39,54.55,38.31,5.0,836.0,4.0,1.0,11.0,0.0,medium
stu_04177,class_010,45.39,10.0,82.26,76.9,42.23,18.33,65.49,3.0,234.0,1.0,1.0,5.0,2.0,medium
stu_04178,class_035,84.6,76.32,84.95,97.78,82.86,71.33,17.39,17.0,1885.0,8.0,4.0,35.0,0.0,low
stu_04179,class_037,69.61,36.32,33.46,43.45,50.49,63.02,36.33,5.0,726.0,3.0,1.0,12.0,0.0,medium
stu_04180,class_015,29.57,85.08,75.06,86.58,58.13,35.54,81.27,1.0,1222.0,5.0,1.0,0.0,0.0,medium
stu_04181,class_003,52.89,51.15,49.05,35.65,57.44,49.68,30.34,10.0,988.0,4.0,2.0,16.0,1.0,medium
stu_04182,class_013,100.0,91.31,76.12,59.34,92.94,98.95,24.22,10.0,1934.0,8.0,4.0,18.0,0.0,low
stu_04183,class_012,26.97,50.74,86.78,83.65,59.11,99.57,30.91,8.0,1604.0,7.0,4.0,15.0,2.0,low
stu_04184,class_036,25.54,6.91,55.09,64.3,29.95,7.58,64.87,5.0,305.0,2.0,1.0,7.0,2.0,high
stu_04185,class_002,84.92,98.85,77.47,67.48,89.67,83.1,26.07,10.0,2050.0,9.0,4.0,7.0,0.0,low
stu_04186,class_022,23.52,42.3,91.15,78.42,57.89,98.05,28.21,14.0,1874.0,8.0,3.0,22.0,0.0,low
stu_04187,class_034,70.9,78.13,64.52,67.0,67.1,30.75,43.31,7.0,1478.0,6.0,2.0,13.0,2.0,medium
stu_04188,class_034,26.06,68.64,72.03,77.47,53.23,50.66,59.99,10.0,1403.0,6.0,2.0,4.0,1.0,medium
stu_04189,class_001,70.55,96.71,80.08,75.1,80.78,71.65,18.99,12.0,2045.0,9.0,5.0,14.0,1.0,low
stu_04190,class_027,97.31,74.72,71.91,80.98,80.19,82.63,23.31,13.0,1701.0,7.0,4.0,10.0,0.0,low
stu_04191,class_012,86.05,73.38,59.01,53.29,62.4,36.67,40.72,0.0,1572.0,7.0,3.0,0.0,3.0,medium
stu_04192,class_022,58.76,36.65,74.07,71.77,50.29,15.87,53.7,1.0,767.0,4.0,2.0,1.0,3.0,medium
stu_04193,class_013,74.18,70.14,39.24,49.05,63.63,58.9,48.42,9.0,740.0,3.0,2.0,6.0,3.0,medium
stu_04194,class_028,76.02,82.0,85.82,75.74,82.94,94.04,25.34,8.0,1692.0,7.0,4.0,0.0,0.0,low
stu_04195,class_028,2.16,2.38,28.82,28.56,16.38,44.1,38.11,2.0,0.0,1.0,0.0,0.0,3.0,high
stu_04196,class_013,82.42,83.45,83.4,81.66,79.12,87.83,25.93,10.0,1773.0,8.0,4.0,11.0,1.0,low
stu_04197,class_013,88.76,72.16,64.93,68.89,75.21,85.04,13.93,13.0,1659.0,7.0,3.0,16.0,0.0,low
stu_04198,class_010,84.67,78.3,69.15,75.14,72.89,51.77,9.11,8.0,1775.0,8.0,3.0,11.0,1.0,low
stu_04199,class_026,81.65,41.59,53.04,29.73,60.35,44.65,39.73,10.0,6057.0,24.0,6.0,17.0,4.0,medium
stu_04200,class_040,89.18,75.9,90.78,87.44,83.75,69.44,34.14,6.0,1507.0,7.0,5.0,13.0,1.0,low
stu_04201,class_020,98.08,93.4,82.76,91.78,91.77,75.73,17.32,18.0,2007.0,9.0,6.0,18.0,0.0,low
stu_04202,class_016,21.65,36.45,45.33,53.32,29.64,11.5,83.79,1.0,559.0,3.0,1.0,0.0,6.0,high
stu_04203,class_038,86.59,53.2,88.84,96.73,67.51,39.89,30.67,0.0,1462.0,6.0,4.0,0.0,0.0,low
stu_04204,class_022,7.16,5.77,57.97,75.45,23.3,3.42,113.91,2.0,371.0,2.0,0.0,1.0,4.0,high
stu_04205,class_008,54.59,84.21,53.03,48.93,65.11,59.78,55.48,10.0,1697.0,7.0,0.0,7.0,2.0,medium
stu_04206,class_039,,84.25,91.75,98.3,89.39,83.25,26.11,8.0,1878.0,8.0,4.0,5.0,0.0,low
stu_04207,class_004,94.66,62.74,85.89,78.51,77.98,99.8,25.48,3.0,0.0,6.0,4.0,6.0,0.0,medium
stu_04208,class_015,98.77,91.78,75.72,61.33,86.15,87.56,41.72,12.0,1842.0,8.0,4.0,20.0,0.0,low
stu_04209,class_015,20.04,19.19,14.37,20.49,21.8,25.42,26.53,0.0,181.0,1.0,0.0,3.0,1.0,high
stu_04210,class_032,49.91,94.38,66.29,56.16,68.45,72.45,18.34,,1666.0,7.0,2.0,5.0,,medium
stu_04211,class_014,70.45,53.44,69.24,58.68,66.87,27.47,59.01,10.0,1336.0,6.0,3.0,6.0,2.0,medium
stu_04212,class_030,85.42,98.05,77.88,80.35,90.41,82.99,11.03,13.0,2025.0,9.0,4.0,16.0,0.0,low
stu_04213,class_025,77.41,72.54,75.12,59.51,80.34,90.14,24.1,13.0,1577.0,7.0,0.0,16.0,0.0,low
stu_04214,class_035,46.18,40.95,36.63,56.47,39.17,26.59,40.26,0.0,795.0,4.0,1.0,0.0,1.0,high
stu_04215,class_029,72.66,55.9,76.41,77.85,64.42,58.55,23.32,5.0,1096.0,5.0,1.0,7.0,0.0,medium
stu_04216,class_024,79.88,67.83,61.58,52.27,70.91,73.62,24.57,18.0,1860.0,8.0,2.0,,1.0,low
stu_04217,class_020,41.01,31.17,2.46,0.0,27.3,47.91,35.76,2.0,604.0,3.0,0.0,0.0,2.0,high
stu_04218,class_009,43.31,68.98,31.49,48.36,50.52,36.07,51.06,5.0,1387.0,6.0,2.0,9.0,3.0,medium
stu_04219,class_014,71.65,65.35,74.96,74.98,72.82,75.55,20.97,14.0,1560.0,7.0,2.0,17.0,0.0,low
stu_04220,class_017,64.42,43.23,57.43,48.84,58.3,54.44,16.48,6.0,1059.0,5.0,1.0,0.0,2.0,medium
stu_04221,class_012,88.19,79.42,87.47,98.6,77.69,47.23,56.12,0.0,1890.0,8.0,4.0,0.0,1.0,low
stu_04222,class_028,85.06,66.07,78.55,77.47,83.29,81.8,14.78,18.0,1772.0,8.0,4.0,17.0,0.0,low
stu_04223,class_003,82.29,81.81,85.79,93.64,80.83,96.31,13.96,7.0,1901.0,8.0,5.0,5.0,,low
stu_04224,class_018,25.63,48.94,69.53,60.88,35.59,18.36,105.62,0.0,945.0,4.0,2.0,0.0,1.0,high
stu_04225,class_002,84.6,87.98,74.39,82.2,85.21,84.22,28.24,16.0,2090.0,9.0,4.0,20.0,1.0,low
stu_04226,class_003,29.05,31.63,45.75,47.24,29.69,0.0,53.64,2.0,660.0,3.0,1.0,3.0,2.0,high
stu_04227,class_015,78.18,70.85,82.97,75.79,74.88,54.07,16.29,17.0,2089.0,,4.0,12.0,1.0,low
stu_04228,class_007,31.22,57.61,26.74,16.56,37.94,37.95,27.54,0.0,946.0,4.0,1.0,1.0,3.0,high
stu_04229,class_023,80.67,63.02,86.39,72.71,79.95,73.22,36.57,10.0,1187.0,5.0,4.0,11.0,0.0,low
stu_04230,class_036,94.4,74.71,86.22,100.0,83.81,75.19,17.42,8.0,1732.0,7.0,5.0,14.0,0.0,low
stu_04231,class_006,65.06,31.63,88.15,91.83,66.04,83.73,22.75,10.0,663.0,3.0,3.0,5.0,0.0,medium
stu_04232,class_034,30.95,52.91,78.85,71.79,54.89,77.28,21.45,7.0,1178.0,5.0,1.0,12.0,2.0,medium
stu_04233,class_021,68.39,48.01,62.91,61.74,64.95,48.76,20.78,8.0,1018.0,5.0,1.0,13.0,4.0,medium
stu_04234,class_011,61.46,64.95,26.15,32.21,51.71,41.11,46.57,1.0,1135.0,5.0,1.0,1.0,4.0,medium
stu_04235,class_017,35.39,34.14,83.27,81.53,59.94,100.0,27.8,17.0,2036.0,9.0,4.0,21.0,1.0,low
stu_04236,class_040,27.73,28.86,62.46,59.32,31.54,0.0,69.79,4.0,765.0,4.0,2.0,9.0,5.0,high
stu_04237,class_006,45.91,31.98,16.89,7.52,33.58,30.18,29.34,2.0,447.0,2.0,1.0,1.0,4.0,high
stu_04238,class_015,85.75,56.86,75.09,76.29,63.76,14.77,,0.0,952.0,4.0,3.0,0.0,1.0,medium
stu_04239,class_010,79.05,73.41,52.81,54.92,66.06,34.85,42.43,6.0,1363.0,6.0,2.0,5.0,1.0,medium
stu_04240,class_038,87.84,62.92,93.22,84.63,76.08,39.86,25.41,0.0,1220.0,5.0,0.0,0.0,0.0,low
stu_04241,class_024,72.93,58.75,99.43,100.0,73.65,24.32,28.22,9.0,1210.0,5.0,3.0,10.0,1.0,medium
stu_04242,class_023,84.84,93.47,80.97,87.45,86.94,100.0,24.35,5.0,1811.0,8.0,4.0,9.0,0.0,low
stu_04243,class_030,74.39,28.61,46.02,45.07,52.07,55.8,79.74,4.0,588.0,3.0,0.0,4.0,3.0,medium
stu_04244,class_004,93.5,90.13,88.81,87.87,94.81,76.88,38.42,14.0,2204.0,9.0,6.0,12.0,1.0,low
stu_04245,class_015,96.56,100.0,76.93,78.09,92.95,88.54,17.02,17.0,2254.0,10.0,,16.0,0.0,low
stu_04246,class_007,80.34,90.75,75.72,84.11,86.08,73.0,,14.0,2213.0,9.0,0.0,19.0,0.0,low
stu_04247,class_024,87.7,81.76,72.81,65.99,79.74,76.42,15.57,15.0,2063.0,9.0,4.0,20.0,0.0,low
stu_04248,class_012,91.14,95.87,81.51,83.08,87.37,72.48,26.63,8.0,1928.0,8.0,4.0,10.0,0.0,low
stu_04249,class_010,81.68,50.24,47.19,63.37,60.09,46.63,27.66,8.0,1372.0,6.0,4.0,10.0,0.0,medium
stu_04250,class_029,81.22,85.95,93.9,97.33,85.54,95.03,14.33,14.0,1909.0,8.0,4.0,24.0,0.0,low
stu_04251,class_035,70.8,19.73,12.59,12.85,39.68,38.04,36.77,5.0,476.0,2.0,0.0,9.0,3.0,high
stu_04252,class_003,25.8,12.13,56.83,73.62,27.71,41.92,32.98,3.0,120.0,1.0,0.0,3.0,5.0,high
stu_04253,class_039,86.98,100.0,76.72,83.92,84.53,64.02,21.46,15.0,2110.0,9.0,4.0,11.0,0.0,low
stu_04254,class_002,69.53,76.54,50.27,43.03,63.82,60.2,31.27,1.0,0.0,6.0,2.0,0.0,3.0,medium
stu_04255,class_017,32.24,56.76,24.88,14.69,33.13,5.97,113.61,0.0,1025.0,5.0,1.0,0.0,3.0,high
stu_04256,class_025,78.27,49.73,54.33,51.94,61.4,45.07,41.14,5.0,852.0,4.0,1.0,9.0,2.0,medium
stu_04257,class_039,80.65,78.19,89.73,88.38,82.71,86.11,18.79,11.0,1763.0,8.0,4.0,13.0,0.0,low
stu_04258,class_004,19.61,31.77,77.39,71.01,47.79,91.31,16.88,8.0,1913.0,8.0,2.0,12.0,0.0,low
stu_04259,class_026,72.88,65.85,74.46,87.96,70.67,46.24,23.88,7.0,1316.0,6.0,2.0,,2.0,medium
stu_04260,class_009,10.67,28.96,78.17,79.92,44.2,63.59,25.34,17.0,2120.0,9.0,5.0,32.0,2.0,low
stu_04261,class_003,6.68,37.23,51.34,49.45,25.29,7.27,141.62,2.0,963.0,4.0,1.0,4.0,1.0,high
stu_04262,class_011,51.38,59.97,58.85,50.49,55.36,60.13,53.78,2.0,1287.0,6.0,1.0,3.0,1.0,medium
stu_04263,class_022,67.51,90.8,78.8,88.16,82.05,100.0,26.59,11.0,1914.0,8.0,3.0,8.0,1.0,low
stu_04264,class_014,44.9,38.66,77.26,83.63,58.76,79.06,56.85,15.0,2151.0,9.0,5.0,12.0,2.0,low
stu_04265,class_019,77.27,69.71,45.9,52.67,60.01,41.22,82.23,0.0,573.0,3.0,0.0,0.0,5.0,high
stu_04266,class_039,78.3,90.62,80.09,80.86,86.24,,31.73,17.0,2071.0,9.0,4.0,26.0,1.0,low
stu_04267,class_010,86.83,71.27,77.08,78.24,78.04,65.12,14.47,7.0,1407.0,6.0,3.0,6.0,0.0,low
stu_04268,class_006,75.82,75.48,79.56,83.06,81.79,91.91,17.21,18.0,1940.0,8.0,3.0,28.0,0.0,low
stu_04269,class_027,68.53,93.63,59.61,50.0,79.28,87.43,62.63,10.0,1915.0,8.0,2.0,18.0,0.0,medium
stu_04270,class_031,20.39,45.72,87.9,83.17,43.01,23.81,26.75,3.0,512.0,3.0,0.0,3.0,2.0,high
stu_04271,class_008,47.56,36.28,56.33,46.38,55.58,77.28,47.88,7.0,853.0,4.0,1.0,13.0,2.0,medium
stu_04272,class_005,83.14,74.95,86.05,85.19,83.2,85.22,18.41,10.0,1544.0,7.0,5.0,17.0,1.0,low
stu_04273,class_022,81.54,92.7,96.22,100.0,91.2,93.15,24.48,14.0,1900.0,8.0,4.0,0.0,0.0,low
stu_04274,class_013,57.93,63.6,52.57,53.3,59.77,65.81,40.23,6.0,1220.0,5.0,1.0,8.0,1.0,medium
stu_04275,class_038,73.16,79.66,88.94,90.4,85.25,92.36,15.2,0.0,1659.0,7.0,3.0,24.0,1.0,low
stu_04276,class_019,20.45,14.5,41.62,56.28,24.12,24.14,79.02,5.0,477.0,2.0,0.0,5.0,5.0,high
stu_04277,class_016,33.74,66.08,60.14,65.23,45.57,27.26,77.99,4.0,946.0,4.0,1.0,4.0,3.0,high
stu_04278,class_034,93.88,71.03,84.65,78.46,77.97,81.26,14.1,7.0,1466.0,6.0,4.0,11.0,0.0,low
stu_04279,class_009,83.99,76.47,68.05,73.3,76.78,73.59,35.55,14.0,1562.0,7.0,3.0,16.0,1.0,low
stu_04280,class_035,90.95,54.36,95.51,93.44,86.42,67.02,34.08,14.0,1264.0,6.0,4.0,9.0,0.0,low
stu_04281,class_010,94.14,78.32,86.01,82.85,85.51,97.85,38.82,18.0,1822.0,8.0,4.0,34.0,0.0,low
stu_04282,class_012,100.0,90.19,92.53,97.09,90.57,90.4,13.15,6.0,1797.0,8.0,4.0,10.0,0.0,low
stu_04283,class_014,63.45,27.68,48.37,50.56,47.64,61.53,40.45,8.0,652.0,3.0,2.0,13.0,2.0,medium
stu_04284,class_018,69.11,74.76,41.36,24.67,66.93,98.31,39.13,5.0,1565.0,7.0,3.0,2.0,2.0,medium
stu_04285,class_038,86.79,75.39,90.57,97.35,80.81,56.72,40.79,18.0,1773.0,8.0,4.0,22.0,1.0,low
stu_04286,class_008,67.06,59.63,50.96,42.45,54.11,37.39,10.34,1.0,980.0,4.0,1.0,2.0,2.0,medium
stu_04287,class_024,85.73,80.64,35.16,40.68,71.28,67.28,12.43,14.0,1671.0,7.0,3.0,33.0,4.0,low
stu_04288,class_013,31.03,46.64,83.73,78.48,50.46,16.83,29.17,3.0,893.0,,2.0,6.0,2.0,high
stu_04289,class_036,73.92,50.55,27.53,23.21,54.36,77.98,32.66,5.0,1161.0,5.0,2.0,7.0,2.0,medium
stu_04290,class_016,97.09,58.73,21.16,25.83,67.08,59.2,28.35,8.0,1030.0,5.0,2.0,7.0,6.0,medium
stu_04291,class_003,87.09,77.59,88.31,86.61,79.36,76.81,19.66,6.0,1680.0,7.0,4.0,11.0,0.0,low
stu_04292,class_034,62.77,19.33,32.14,37.67,39.77,41.85,22.14,1.0,260.0,2.0,0.0,0.0,4.0,high
stu_04293,class_013,65.67,57.92,61.17,58.46,63.0,41.83,44.16,10.0,1318.0,6.0,,0.0,0.0,medium
stu_04294,class_013,76.34,78.91,83.21,97.34,79.85,65.9,,15.0,2071.0,9.0,5.0,15.0,0.0,low
stu_04295,class_011,52.08,68.9,89.55,92.87,70.41,90.04,24.12,3.0,1313.0,6.0,3.0,5.0,1.0,medium
stu_04296,class_028,65.8,52.47,58.0,62.66,61.54,89.12,20.41,2.0,942.0,4.0,1.0,1.0,3.0,medium
stu_04297,class_024,100.0,89.75,81.71,90.53,91.85,,13.87,8.0,1749.0,7.0,4.0,7.0,1.0,low
stu_04298,class_028,16.89,43.74,53.85,49.46,35.9,27.37,51.67,2.0,1016.0,5.0,1.0,0.0,1.0,high
stu_04299,class_022,52.51,16.82,36.56,38.1,38.37,58.68,64.39,0.0,275.0,2.0,0.0,0.0,3.0,high
stu_04300,class_023,88.54,84.98,85.42,88.59,85.74,88.26,15.97,8.0,1845.0,8.0,5.0,6.0,1.0,low
stu_04301,class_017,89.2,96.5,74.07,68.48,83.18,64.4,31.02,6.0,2031.0,9.0,5.0,10.0,0.0,low
stu_04302,class_015,26.6,57.34,58.43,55.72,39.98,38.63,28.82,3.0,1081.0,5.0,1.0,3.0,4.0,high
stu_04303,class_001,85.42,92.92,85.48,98.24,90.15,94.64,22.91,11.0,2210.0,9.0,6.0,13.0,1.0,low
stu_04304,class_024,70.7,58.33,84.68,87.24,66.28,55.54,30.44,5.0,1470.0,6.0,3.0,8.0,2.0,medium
stu_04305,class_035,46.98,52.16,26.67,20.31,46.81,42.24,38.81,,1004.0,5.0,2.0,3.0,3.0,high
stu_04306,class_016,100.0,99.75,66.13,76.43,88.25,67.38,36.04,8.0,2081.0,9.0,4.0,8.0,1.0,low
stu_04307,class_035,76.32,70.85,100.0,88.65,79.52,75.82,14.98,12.0,,7.0,3.0,20.0,0.0,low
stu_04308,class_001,79.87,99.56,95.94,100.0,89.4,80.82,23.64,11.0,1966.0,8.0,4.0,9.0,0.0,low
stu_04309,class_033,32.76,9.15,44.82,31.72,30.6,66.06,49.83,0.0,174.0,1.0,0.0,0.0,2.0,high
stu_04310,class_005,75.65,55.88,100.0,100.0,69.77,31.46,19.84,,1045.0,5.0,3.0,8.0,2.0,medium
stu_04311,class_014,78.55,88.86,76.03,80.76,85.38,99.86,9.94,11.0,1946.0,8.0,3.0,19.0,2.0,low
stu_04312,class_017,6.39,13.38,11.74,9.96,12.68,45.97,66.71,1.0,22.0,1.0,1.0,1.0,3.0,high
stu_04313,class_012,42.96,76.7,31.52,32.24,50.03,50.77,45.46,8.0,1565.0,7.0,3.0,10.0,2.0,medium
stu_04314,class_002,91.56,100.0,91.2,86.52,87.99,67.26,15.58,5.0,1787.0,8.0,4.0,8.0,0.0,low
stu_04315,class_005,100.0,82.56,75.98,75.67,75.85,30.65,38.12,0.0,1764.0,8.0,3.0,0.0,0.0,low
stu_04316,class_013,25.9,55.55,84.11,86.98,52.38,43.65,132.71,3.0,804.0,4.0,2.0,3.0,0.0,high
stu_04317,class_004,43.8,10.97,19.77,21.14,34.87,46.0,70.93,4.0,377.0,2.0,0.0,2.0,4.0,high
stu_04318,class_039,100.0,93.71,92.35,96.94,94.63,94.5,29.92,14.0,1824.0,8.0,5.0,19.0,1.0,low
stu_04319,class_038,86.21,76.43,88.98,87.23,82.38,100.0,18.58,8.0,1585.0,7.0,4.0,10.0,0.0,low
stu_04320,class_029,71.88,90.73,67.15,78.15,77.71,83.88,35.37,11.0,1908.0,8.0,2.0,7.0,2.0,low
stu_04321,class_032,72.23,79.82,83.45,88.16,77.65,74.02,27.27,11.0,1691.0,7.0,3.0,18.0,1.0,low
stu_04322,class_038,88.38,60.05,80.57,78.42,82.81,95.8,27.62,17.0,1391.0,6.0,4.0,15.0,0.0,low
stu_04323,class_016,89.58,63.02,80.63,81.78,82.6,88.53,31.87,15.0,1617.0,7.0,4.0,24.0,0.0,low
stu_04324,class_007,32.67,52.54,,100.0,54.24,69.15,35.08,12.0,1577.0,7.0,5.0,20.0,1.0,low
stu_04325,class_035,84.0,89.89,76.55,75.72,86.93,82.23,22.27,14.0,1848.0,8.0,4.0,28.0,0.0,low
stu_04326,class_018,81.29,36.45,43.01,40.84,54.95,43.32,32.98,5.0,728.0,3.0,2.0,9.0,2.0,medium
stu_04327,class_033,48.03,71.36,70.92,72.69,63.01,51.04,26.87,9.0,1650.0,7.0,3.0,9.0,0.0,medium
stu_04328,class_026,100.0,45.77,75.13,94.5,76.15,63.04,33.72,13.0,1157.0,5.0,2.0,23.0,1.0,low
stu_04329,class_014,51.16,,62.2,86.16,54.75,43.48,49.66,8.0,1552.0,7.0,2.0,13.0,1.0,medium
stu_04330,class_004,77.52,92.23,64.35,60.69,79.74,90.87,30.93,8.0,1717.0,7.0,3.0,11.0,0.0,low
stu_04331,class_038,52.91,62.92,39.97,43.66,49.54,19.96,21.08,4.0,1476.0,6.0,3.0,9.0,1.0,high
stu_04332,class_008,59.25,46.78,77.0,82.56,54.82,57.84,19.93,3.0,790.0,4.0,1.0,3.0,2.0,medium
stu_04333,class_028,51.64,96.68,64.7,68.01,62.95,61.03,41.55,9.0,1983.0,8.0,3.0,11.0,0.0,medium
stu_04334,class_025,38.12,54.99,3.79,0.0,31.29,25.88,26.41,3.0,1118.0,5.0,1.0,1.0,3.0,high
stu_04335,class_039,22.88,78.59,50.09,43.49,47.45,59.73,27.07,4.0,1470.0,6.0,3.0,5.0,0.0,medium
stu_04336,class_019,52.28,91.96,41.54,50.98,62.34,30.31,37.86,5.0,1780.0,8.0,3.0,8.0,1.0,medium
stu_04337,class_009,95.0,79.3,88.78,88.71,85.18,87.23,21.3,13.0,1845.0,8.0,4.0,12.0,0.0,low
stu_04338,class_020,47.7,73.09,81.88,92.6,65.07,32.71,30.47,10.0,1731.0,7.0,3.0,8.0,1.0,medium
stu_04339,class_028,44.31,34.3,59.46,64.55,45.22,35.51,40.84,4.0,805.0,4.0,2.0,2.0,1.0,high
stu_04340,class_036,92.87,89.18,93.62,81.9,91.91,86.15,25.07,0.0,2032.0,9.0,5.0,6.0,1.0,low
stu_04341,class_019,79.76,77.16,75.37,75.01,82.31,71.54,24.31,12.0,1720.0,7.0,3.0,3.0,1.0,low
stu_04342,class_029,95.23,92.62,92.08,96.62,96.75,80.72,18.63,14.0,2181.0,9.0,,7.0,0.0,low
stu_04343,class_019,41.82,60.62,72.91,71.52,57.84,67.53,23.82,10.0,1502.0,7.0,2.0,10.0,1.0,medium
stu_04344,class_040,82.95,78.57,80.66,82.3,82.84,86.04,26.08,13.0,1820.0,8.0,4.0,13.0,0.0,low
stu_04345,class_004,90.1,86.06,85.34,73.86,87.78,92.12,29.81,6.0,1681.0,7.0,5.0,6.0,1.0,low
stu_04346,class_015,70.6,60.12,73.07,66.01,71.63,73.67,15.55,13.0,1288.0,6.0,2.0,18.0,0.0,low
stu_04347,class_017,73.47,78.45,80.61,83.82,74.18,66.16,20.58,13.0,1689.0,7.0,3.0,10.0,0.0,low
stu_04348,class_004,97.64,85.97,95.87,100.0,85.38,49.41,21.73,0.0,1817.0,8.0,5.0,0.0,0.0,low
stu_04349,class_016,29.59,69.57,53.31,45.85,49.4,82.54,42.49,8.0,2652.0,10.0,6.0,23.0,3.0,medium
stu_04350,class_010,44.12,90.34,46.22,47.6,57.84,63.35,41.93,10.0,1970.0,8.0,3.0,14.0,3.0,medium
stu_04351,class_003,56.38,91.7,58.67,57.49,70.26,89.12,34.2,3.0,1892.0,8.0,2.0,2.0,1.0,medium
stu_04352,class_036,86.11,73.09,78.38,80.98,79.28,93.07,30.03,9.0,1546.0,7.0,3.0,19.0,0.0,low
stu_04353,class_016,68.83,73.01,86.67,73.26,81.21,95.21,29.67,13.0,1773.0,8.0,3.0,11.0,0.0,low
stu_04354,class_028,69.09,71.74,,100.0,80.59,82.46,18.09,18.0,1591.0,7.0,3.0,13.0,0.0,low
stu_04355,class_021,89.22,97.52,75.37,75.05,85.83,97.44,25.67,12.0,2182.0,9.0,5.0,21.0,0.0,low
stu_04356,class_010,42.25,36.83,55.01,58.07,42.18,2.24,10.4,0.0,534.0,3.0,0.0,0.0,6.0,high
stu_04357,class_010,93.12,58.87,,79.69,82.94,93.87,26.31,14.0,1468.0,6.0,3.0,16.0,,low
stu_04358,class_013,88.41,56.0,23.74,39.42,67.3,87.0,34.61,11.0,1721.0,7.0,3.0,8.0,5.0,low
stu_04359,class_014,0.0,31.79,47.53,38.88,23.59,39.08,40.86,0.0,706.0,3.0,1.0,0.0,2.0,high
stu_04360,class_017,21.51,69.78,80.76,87.96,56.4,95.45,41.72,8.0,1633.0,7.0,3.0,14.0,0.0,medium
stu_04361,class_036,100.0,91.97,98.2,97.62,89.4,64.9,17.19,7.0,1440.0,6.0,5.0,7.0,0.0,low
stu_04362,class_022,100.0,76.77,83.57,90.9,83.66,90.43,21.95,,1404.0,6.0,5.0,11.0,0.0,low
stu_04363,class_018,41.71,50.32,47.6,47.4,44.14,37.62,62.35,0.0,1170.0,5.0,1.0,0.0,3.0,high
stu_04364,class_006,66.13,52.66,56.62,62.44,61.55,54.64,75.14,8.0,1019.0,5.0,1.0,11.0,1.0,medium
stu_04365,class_037,31.84,20.17,39.28,40.67,26.68,1.96,56.41,1.0,379.0,2.0,1.0,0.0,2.0,high
stu_04366,class_021,90.51,82.6,91.96,100.0,82.83,48.06,26.31,0.0,2143.0,9.0,5.0,,0.0,low
stu_04367,class_017,36.28,38.18,34.67,26.31,32.58,19.94,196.36,5.0,981.0,4.0,1.0,7.0,3.0,high
stu_04368,class_021,99.68,62.99,79.46,67.06,80.03,60.62,19.97,8.0,1217.0,5.0,3.0,13.0,0.0,low
stu_04369,class_029,17.8,60.29,49.13,46.95,36.85,40.57,80.07,4.0,1006.0,5.0,1.0,6.0,1.0,high
stu_04370,class_039,100.0,92.96,96.79,96.94,100.0,90.49,26.58,12.0,2108.0,9.0,6.0,17.0,0.0,low
stu_04371,class_033,83.56,94.28,94.81,87.94,90.48,82.99,22.63,6.0,1720.0,7.0,,3.0,0.0,low
stu_04372,class_011,65.86,33.28,19.31,3.41,39.79,42.03,25.09,2.0,821.0,4.0,1.0,2.0,2.0,high
stu_04373,class_030,67.98,64.96,57.78,42.33,60.26,43.21,57.7,5.0,1472.0,6.0,3.0,4.0,2.0,medium
stu_04374,class_030,92.01,73.19,87.43,98.54,85.15,83.47,30.01,13.0,1661.0,7.0,4.0,12.0,0.0,low
stu_04375,class_037,82.03,45.69,66.81,64.72,59.27,49.51,34.16,5.0,1068.0,5.0,2.0,4.0,2.0,medium
stu_04376,class_008,83.44,91.79,84.53,88.76,85.62,58.15,25.13,13.0,2135.0,9.0,5.0,23.0,0.0,low
stu_04377,class_035,90.54,74.45,85.56,92.43,78.79,55.11,38.61,18.0,1853.0,8.0,5.0,15.0,1.0,low
stu_04378,class_016,80.06,52.2,76.63,88.3,76.04,49.54,39.9,0.0,1165.0,5.0,2.0,8.0,0.0,medium
stu_04379,class_004,46.88,46.27,74.44,75.48,52.32,41.54,26.67,1.0,891.0,4.0,1.0,0.0,3.0,medium
stu_04380,class_021,81.26,78.74,86.1,81.27,78.73,80.47,34.37,5.0,1495.0,6.0,4.0,5.0,2.0,low
stu_04381,class_023,44.24,10.34,44.08,58.21,35.38,44.61,66.52,5.0,295.0,2.0,0.0,5.0,4.0,high
stu_04382,class_029,45.44,30.48,18.64,7.53,21.31,0.0,12.26,1.0,546.0,3.0,0.0,2.0,4.0,high
stu_04383,class_026,62.13,36.01,70.22,67.83,49.83,24.43,38.76,1.0,555.0,3.0,0.0,0.0,4.0,medium
stu_04384,class_025,56.14,70.74,62.33,61.99,60.46,43.21,56.25,2.0,1375.0,6.0,3.0,2.0,0.0,medium
stu_04385,class_025,84.16,83.72,75.76,78.52,82.83,66.29,34.5,8.0,0.0,7.0,4.0,9.0,0.0,low
stu_04386,class_035,94.07,64.46,89.21,76.74,84.88,100.0,32.77,8.0,1163.0,5.0,3.0,3.0,0.0,low
stu_04387,class_006,81.54,82.34,84.72,,78.9,49.53,47.42,14.0,1711.0,7.0,4.0,20.0,0.0,low
stu_04388,class_031,42.65,46.6,48.06,40.89,36.56,11.18,56.11,4.0,1174.0,5.0,1.0,0.0,3.0,high
stu_04389,class_028,37.44,31.93,45.32,37.89,32.75,0.0,62.54,0.0,636.0,3.0,0.0,0.0,5.0,high
stu_04390,class_039,13.87,40.83,19.45,32.07,21.24,12.96,78.49,1.0,871.0,4.0,2.0,0.0,2.0,high
stu_04391,class_015,63.69,58.54,75.05,72.01,69.74,65.06,44.95,9.0,1384.0,6.0,3.0,13.0,4.0,medium
stu_04392,class_012,40.1,43.67,54.49,43.03,48.09,55.75,26.32,8.0,1044.0,5.0,1.0,12.0,1.0,medium
stu_04393,class_040,83.29,100.0,83.89,75.85,74.94,0.0,16.94,0.0,2324.0,10.0,5.0,0.0,0.0,low
stu_04394,class_025,73.22,72.28,83.97,86.26,74.56,73.68,13.46,5.0,1367.0,6.0,3.0,4.0,1.0,low
stu_04395,class_013,44.07,44.16,67.72,63.77,54.34,52.97,44.96,1.0,920.0,4.0,1.0,0.0,1.0,high
stu_04396,class_034,53.07,72.99,85.96,75.98,67.75,81.44,35.35,4.0,1446.0,6.0,4.0,3.0,4.0,medium
stu_04397,class_001,85.96,88.53,78.29,81.74,92.11,72.86,18.03,9.0,1953.0,8.0,5.0,9.0,0.0,low
stu_04398,class_003,59.51,48.18,34.69,35.64,46.14,21.87,34.6,0.0,897.0,4.0,2.0,1.0,4.0,high
stu_04399,class_012,71.19,100.0,90.35,100.0,72.06,16.69,27.13,0.0,2223.0,9.0,,0.0,1.0,low
stu_04400,class_018,98.1,79.2,90.95,97.91,91.29,64.87,16.07,18.0,1783.0,8.0,4.0,22.0,0.0,low
stu_04401,class_019,77.79,92.18,78.8,94.44,89.28,,39.01,14.0,1975.0,8.0,3.0,10.0,0.0,low
stu_04402,class_033,54.61,27.63,,79.14,47.54,71.11,55.56,5.0,769.0,4.0,2.0,4.0,2.0,medium
stu_04403,class_017,29.55,60.86,6.74,3.87,28.27,34.48,60.85,0.0,1185.0,5.0,2.0,1.0,2.0,high
stu_04404,class_022,74.85,88.18,89.3,96.45,83.43,59.94,57.95,11.0,1961.0,8.0,4.0,10.0,0.0,low
stu_04405,class_005,100.0,91.33,82.84,76.0,92.52,77.35,10.41,16.0,2150.0,9.0,5.0,15.0,0.0,low
stu_04406,class_004,96.47,60.7,89.64,97.6,84.43,92.75,23.37,8.0,1293.0,6.0,3.0,6.0,0.0,low
stu_04407,class_035,77.13,73.93,25.27,14.8,65.49,94.9,33.23,12.0,1559.0,7.0,3.0,6.0,4.0,low
stu_04408,class_022,47.26,51.64,27.98,26.75,38.8,9.56,105.61,0.0,1012.0,5.0,2.0,0.0,4.0,high
stu_04409,class_013,0.0,9.87,19.03,21.66,12.8,0.0,106.07,2.0,346.0,2.0,0.0,3.0,3.0,high
stu_04410,class_030,65.26,63.22,,56.78,60.96,61.25,56.44,8.0,1483.0,6.0,2.0,7.0,0.0,medium
stu_04411,class_040,76.62,100.0,89.81,93.97,91.6,91.13,24.39,11.0,2211.0,9.0,4.0,13.0,0.0,low
stu_04412,class_037,85.18,95.21,80.13,79.41,83.55,81.76,26.87,15.0,2091.0,9.0,5.0,17.0,0.0,low
stu_04413,class_026,70.83,54.01,77.27,80.41,63.05,36.85,40.0,2.0,906.0,4.0,1.0,2.0,0.0,medium
stu_04414,class_029,57.1,20.06,41.39,41.53,38.61,21.47,55.46,0.0,265.0,2.0,1.0,0.0,3.0,high
stu_04415,class_002,73.65,49.96,35.63,59.2,51.16,27.41,44.52,7.0,1156.0,5.0,2.0,9.0,3.0,medium
stu_04416,class_007,73.72,46.46,70.63,71.66,61.05,57.6,34.25,2.0,831.0,4.0,1.0,2.0,2.0,medium
stu_04417,class_003,81.33,78.07,80.54,91.87,70.03,47.37,26.68,0.0,1847.0,8.0,4.0,0.0,0.0,low
stu_04418,class_003,74.66,98.09,88.11,77.71,87.45,91.14,21.53,6.0,1939.0,8.0,4.0,11.0,1.0,low
stu_04419,class_030,33.42,70.24,25.32,75.67,45.53,70.42,73.95,2.0,3116.0,12.0,14.0,8.0,5.0,medium
stu_04420,class_031,79.99,78.53,78.53,75.94,80.99,91.42,27.44,17.0,1939.0,8.0,2.0,15.0,1.0,low
stu_04421,class_015,69.57,81.77,40.41,56.52,67.25,38.66,28.55,6.0,1456.0,6.0,2.0,2.0,0.0,medium
stu_04422,class_002,97.57,85.73,71.59,65.77,86.23,77.4,30.52,18.0,1835.0,8.0,3.0,15.0,1.0,low
stu_04423,class_009,81.15,78.11,81.1,89.71,76.96,77.14,12.08,12.0,1816.0,8.0,4.0,11.0,1.0,low
stu_04424,class_015,74.15,40.46,15.0,12.75,52.69,64.27,40.68,6.0,961.0,4.0,1.0,5.0,0.0,medium
stu_04425,class_027,85.03,88.72,66.56,58.54,81.1,88.8,27.38,,1880.0,8.0,3.0,5.0,0.0,low
stu_04426,class_027,85.73,37.78,79.48,74.98,67.38,64.13,62.82,7.0,1130.0,5.0,3.0,3.0,1.0,medium
stu_04427,class_007,39.65,50.58,42.26,30.5,39.07,31.56,77.64,0.0,0.0,4.0,1.0,0.0,1.0,high
stu_04428,class_032,88.91,91.99,90.83,97.72,94.56,73.16,29.99,13.0,2329.0,10.0,6.0,19.0,0.0,low
stu_04429,class_018,67.17,80.67,82.87,86.79,78.34,97.28,59.03,13.0,1997.0,8.0,5.0,10.0,0.0,low
stu_04430,class_012,60.31,72.65,60.31,53.92,64.59,65.91,37.3,5.0,1498.0,6.0,2.0,9.0,1.0,medium
stu_04431,class_023,75.8,77.45,92.27,100.0,82.54,74.04,19.54,11.0,1562.0,7.0,3.0,12.0,0.0,low
stu_04432,class_009,41.51,26.49,,72.93,49.49,62.94,27.03,6.0,1379.0,6.0,3.0,9.0,2.0,medium
stu_04433,class_020,84.5,91.19,77.71,87.67,86.46,95.33,16.92,17.0,2314.0,10.0,4.0,12.0,0.0,low
stu_04434,class_020,58.04,73.62,78.07,79.18,65.09,44.69,51.08,1.0,1236.0,5.0,2.0,1.0,1.0,medium
stu_04435,class_013,66.9,49.28,53.65,49.78,56.75,32.59,48.3,6.0,1145.0,5.0,1.0,1.0,2.0,medium
stu_04436,class_029,31.13,48.53,73.1,70.1,53.23,100.0,60.04,4.0,1271.0,6.0,2.0,4.0,1.0,medium
stu_04437,class_025,97.39,76.63,81.1,82.92,87.68,71.3,16.42,11.0,1343.0,6.0,4.0,10.0,0.0,low
stu_04438,class_007,82.87,92.33,83.67,80.08,87.83,80.06,27.2,15.0,2103.0,9.0,5.0,10.0,0.0,low
stu_04439,class_006,46.11,83.24,78.15,71.43,71.28,76.25,53.07,10.0,1782.0,8.0,2.0,13.0,0.0,medium
stu_04440,class_020,31.54,63.53,76.77,89.26,59.99,77.61,19.95,7.0,1939.0,8.0,3.0,12.0,2.0,low
stu_04441,class_019,94.81,88.07,89.28,80.28,80.51,23.84,23.83,0.0,1883.0,8.0,4.0,0.0,0.0,low
stu_04442,class_027,44.09,49.69,80.27,,56.24,44.45,29.85,5.0,849.0,4.0,2.0,6.0,0.0,medium
stu_04443,class_020,80.15,68.1,89.76,97.33,79.01,81.97,22.64,10.0,1339.0,6.0,4.0,5.0,0.0,low
stu_04444,class_033,77.48,61.44,70.8,75.71,62.24,7.96,30.21,6.0,1175.0,5.0,2.0,9.0,0.0,medium
stu_04445,class_003,82.08,94.0,71.99,82.25,88.39,100.0,35.91,6.0,1784.0,,3.0,4.0,0.0,low
stu_04446,class_014,48.34,50.31,64.22,55.13,52.18,40.91,62.05,7.0,1078.0,5.0,1.0,15.0,0.0,medium
stu_04447,class_033,87.99,87.63,81.78,77.34,90.5,96.44,46.76,12.0,1984.0,8.0,6.0,12.0,0.0,low
stu_04448,class_021,81.6,91.23,51.56,58.93,72.22,42.33,74.31,4.0,686.0,3.0,1.0,0.0,5.0,high
stu_04449,class_029,98.33,95.24,81.93,81.02,88.64,83.7,23.5,13.0,2114.0,9.0,5.0,14.0,0.0,low
stu_04450,class_025,71.55,50.62,43.13,39.65,52.81,28.81,52.25,3.0,980.0,4.0,1.0,5.0,3.0,medium
stu_04451,class_027,64.2,39.07,43.6,44.59,43.61,19.27,35.61,0.0,617.0,3.0,1.0,0.0,4.0,high
stu_04452,class_039,84.47,100.0,82.87,93.48,86.17,93.58,29.76,16.0,2093.0,9.0,5.0,20.0,2.0,low
stu_04453,class_023,90.58,59.82,68.12,71.05,72.69,55.33,87.98,9.0,1380.0,6.0,4.0,13.0,1.0,medium
stu_04454,class_032,84.14,83.47,80.38,79.33,71.19,23.98,15.19,0.0,1747.0,7.0,4.0,0.0,0.0,low
stu_04455,class_009,35.41,10.48,66.82,76.58,39.22,35.02,25.86,4.0,509.0,3.0,1.0,6.0,1.0,high
stu_04456,class_040,57.41,62.11,52.13,56.3,57.99,53.28,33.83,8.0,1409.0,6.0,2.0,9.0,0.0,medium
stu_04457,class_040,76.85,92.79,95.95,100.0,88.85,71.15,29.02,14.0,2163.0,9.0,5.0,16.0,0.0,low
stu_04458,class_003,49.13,61.14,23.66,13.28,45.79,24.48,57.94,2.0,1090.0,5.0,1.0,5.0,1.0,high
stu_04459,class_040,98.04,36.21,74.81,76.02,68.25,28.2,,10.0,934.0,4.0,2.0,15.0,1.0,medium
stu_04460,class_033,96.9,44.91,53.79,53.07,70.54,38.4,43.12,7.0,888.0,4.0,3.0,4.0,5.0,medium
stu_04461,class_039,91.8,83.83,54.96,52.53,76.5,63.27,44.69,1.0,1503.0,7.0,4.0,2.0,1.0,medium
stu_04462,class_032,25.75,42.44,37.29,28.83,47.24,88.21,93.7,9.0,5398.0,21.0,12.0,14.0,4.0,medium
stu_04463,class_009,82.84,66.81,61.44,50.99,69.26,60.81,42.61,8.0,1394.0,6.0,3.0,13.0,1.0,medium
stu_04464,class_012,62.2,63.96,80.45,76.22,65.58,20.1,49.68,10.0,1505.0,7.0,4.0,10.0,3.0,medium
stu_04465,class_036,35.68,21.35,4.07,4.15,14.57,0.0,107.59,1.0,357.0,2.0,0.0,0.0,5.0,high
stu_04466,class_026,83.96,18.64,31.94,30.71,50.55,58.36,83.55,4.0,520.0,3.0,2.0,5.0,3.0,medium
stu_04467,class_011,6.06,49.41,49.66,55.07,30.34,34.58,37.66,2.0,844.0,4.0,1.0,4.0,2.0,high
stu_04468,class_001,74.13,55.44,100.0,100.0,74.26,70.25,14.46,9.0,1482.0,6.0,3.0,8.0,1.0,low
stu_04469,class_038,73.36,86.66,81.02,72.14,69.98,45.19,49.23,0.0,1594.0,7.0,4.0,0.0,0.0,low
stu_04470,class_038,90.41,75.08,67.16,68.51,79.32,76.01,16.1,7.0,1400.0,6.0,3.0,3.0,0.0,low
stu_04471,class_027,83.78,78.55,85.0,66.78,78.16,76.96,24.87,6.0,1451.0,6.0,4.0,15.0,0.0,low
stu_04472,class_009,46.32,81.92,81.62,92.01,61.22,27.63,21.44,2.0,1577.0,7.0,3.0,1.0,2.0,medium
stu_04473,class_002,85.35,51.93,36.52,29.48,66.34,80.96,54.51,8.0,1290.0,6.0,2.0,12.0,3.0,medium
stu_04474,class_008,55.69,83.67,35.11,23.56,56.82,60.97,86.26,5.0,1502.0,7.0,3.0,8.0,3.0,medium
stu_04475,class_040,81.3,76.88,84.99,86.32,78.78,78.5,12.81,6.0,1676.0,7.0,5.0,3.0,0.0,low
stu_04476,class_003,37.55,36.91,38.64,42.67,32.52,27.97,155.55,0.0,615.0,3.0,0.0,0.0,2.0,high
stu_04477,class_020,87.71,89.97,88.03,100.0,89.91,100.0,23.16,9.0,2063.0,9.0,5.0,16.0,0.0,low
stu_04478,class_024,100.0,92.31,79.4,76.55,86.34,74.44,51.85,0.0,2001.0,9.0,5.0,21.0,1.0,low
stu_04479,class_004,82.95,90.93,63.13,65.19,79.35,54.64,25.88,12.0,1863.0,8.0,4.0,19.0,0.0,low
stu_04480,class_020,38.11,0.45,9.28,3.89,18.37,13.0,63.25,0.0,343.0,2.0,0.0,0.0,7.0,high
stu_04481,class_007,86.64,82.49,90.64,91.45,85.16,63.45,15.05,8.0,1700.0,7.0,4.0,12.0,0.0,low
stu_04482,class_018,,67.92,41.06,,49.47,28.86,44.19,5.0,1470.0,6.0,3.0,6.0,4.0,high
stu_04483,class_012,78.86,86.1,91.55,79.76,86.3,71.2,18.82,16.0,2028.0,9.0,4.0,17.0,0.0,low
stu_04484,class_038,81.8,88.97,90.5,94.1,85.45,60.96,23.26,18.0,2309.0,10.0,5.0,33.0,0.0,low
stu_04485,class_018,26.81,20.52,55.79,62.76,36.73,54.21,17.15,10.0,788.0,4.0,1.0,14.0,2.0,medium
stu_04486,class_002,39.26,68.77,54.76,54.04,47.95,29.64,58.14,0.0,1187.0,5.0,1.0,0.0,3.0,medium
stu_04487,class_038,59.27,48.49,74.84,84.98,57.35,38.04,44.05,5.0,1091.0,5.0,1.0,9.0,0.0,medium
stu_04488,class_034,29.29,64.72,35.92,28.87,44.09,59.51,40.28,3.0,1128.0,5.0,1.0,2.0,4.0,medium
stu_04489,class_028,41.98,41.41,44.17,51.93,43.33,44.46,67.42,2.0,721.0,3.0,2.0,0.0,5.0,high
stu_04490,class_012,89.47,83.64,70.24,71.67,81.02,100.0,24.53,5.0,1897.0,8.0,3.0,6.0,0.0,low
stu_04491,class_011,85.68,78.13,91.69,90.44,88.53,94.23,33.1,16.0,1839.0,8.0,5.0,21.0,2.0,low
stu_04492,class_040,93.7,73.62,78.09,75.35,86.0,91.49,26.25,10.0,1596.0,7.0,3.0,11.0,1.0,low
stu_04493,class_016,79.54,82.6,71.93,83.23,68.29,27.25,35.66,7.0,1480.0,6.0,3.0,12.0,3.0,medium
stu_04494,class_036,93.67,72.8,79.61,84.2,75.68,46.8,39.83,0.0,1593.0,7.0,3.0,0.0,0.0,low
stu_04495,class_001,73.3,91.41,39.39,26.2,67.69,26.26,45.66,6.0,1748.0,7.0,2.0,8.0,1.0,medium
stu_04496,class_009,91.09,82.66,94.12,95.94,90.48,73.01,19.83,16.0,1989.0,8.0,5.0,23.0,0.0,low
stu_04497,class_017,69.56,44.88,80.22,78.48,62.28,64.86,101.08,2.0,1028.0,5.0,3.0,3.0,2.0,medium
stu_04498,class_040,56.12,76.46,43.01,48.27,52.81,31.29,32.25,10.0,1716.0,7.0,2.0,10.0,,medium
stu_04499,class_029,84.58,82.07,84.74,86.32,84.5,56.94,20.55,11.0,1575.0,7.0,5.0,12.0,0.0,low
stu_04500,class_029,91.1,84.22,78.39,69.41,87.16,89.06,23.24,5.0,1709.0,7.0,3.0,6.0,0.0,low
stu_04501,class_024,65.44,58.11,73.49,89.75,58.81,79.74,28.58,1.0,1076.0,5.0,1.0,1.0,2.0,medium
stu_04502,class_002,64.78,38.08,76.0,62.69,60.54,60.15,58.4,10.0,1011.0,5.0,1.0,14.0,0.0,medium
stu_04503,class_038,85.99,81.02,89.07,91.38,85.24,83.55,27.15,17.0,1760.0,8.0,4.0,18.0,0.0,low
stu_04504,class_027,81.87,72.02,91.62,85.6,81.56,64.75,22.04,5.0,1556.0,7.0,4.0,7.0,1.0,low
stu_04505,class_016,19.92,29.04,40.89,48.3,21.5,0.0,41.3,1.0,551.0,3.0,1.0,3.0,1.0,high
stu_04506,class_016,89.12,69.54,28.06,31.84,54.76,0.0,70.08,5.0,803.0,,1.0,10.0,5.0,high
stu_04507,class_016,60.27,64.39,34.4,18.52,52.87,35.99,135.01,7.0,1397.0,6.0,2.0,7.0,1.0,medium
stu_04508,class_031,96.39,77.65,88.88,94.13,94.52,80.78,19.0,18.0,1868.0,8.0,5.0,27.0,2.0,low
stu_04509,class_025,86.76,83.2,97.18,97.63,93.19,60.31,36.55,17.0,2225.0,9.0,5.0,33.0,0.0,low
stu_04510,class_022,35.81,43.04,77.44,81.05,47.68,28.59,46.93,5.0,957.0,4.0,2.0,3.0,1.0,medium
stu_04511,class_031,51.76,90.0,47.15,34.41,58.79,53.81,45.67,6.0,1796.0,8.0,2.0,13.0,1.0,medium
stu_04512,class_002,52.27,85.58,49.99,78.38,58.39,79.72,43.54,3.0,3968.0,15.0,11.0,13.0,2.0,medium
stu_04513,class_001,69.76,69.19,46.26,52.41,63.4,38.63,27.91,10.0,1678.0,7.0,2.0,16.0,3.0,medium
stu_04514,class_012,75.58,87.52,87.84,83.65,81.04,60.29,25.49,5.0,1599.0,7.0,3.0,3.0,1.0,low
stu_04515,class_009,100.0,84.81,88.06,73.47,91.77,67.53,23.22,17.0,2126.0,9.0,6.0,26.0,0.0,low
stu_04516,class_037,95.01,74.49,89.9,100.0,87.16,88.69,24.68,17.0,1833.0,8.0,5.0,18.0,1.0,low
stu_04517,class_002,31.16,4.58,36.26,47.28,23.67,11.75,78.9,0.0,279.0,2.0,1.0,0.0,4.0,high
stu_04518,class_002,32.8,6.34,20.68,23.89,21.43,29.11,21.11,2.0,174.0,1.0,0.0,2.0,4.0,high
stu_04519,class_036,58.22,,42.8,37.55,54.37,75.64,94.67,10.0,950.0,4.0,1.0,11.0,0.0,medium
stu_04520,class_021,47.97,55.67,83.34,83.26,64.63,71.92,11.34,14.0,1706.0,7.0,3.0,22.0,2.0,low
stu_04521,class_013,94.22,93.21,90.85,99.37,91.71,75.1,15.62,7.0,1816.0,8.0,5.0,6.0,0.0,low
stu_04522,class_005,13.8,45.13,23.69,24.24,27.32,13.25,23.79,3.0,891.0,4.0,1.0,0.0,4.0,high
stu_04523,class_033,87.42,58.6,76.45,86.85,79.68,100.0,15.92,11.0,1426.0,6.0,4.0,19.0,0.0,low
stu_04524,class_006,71.58,44.43,32.37,19.0,49.23,57.1,36.38,1.0,616.0,3.0,0.0,1.0,1.0,medium
stu_04525,class_001,76.56,79.82,83.33,93.41,80.95,84.32,35.8,5.0,1750.0,8.0,3.0,9.0,1.0,low
stu_04526,class_012,42.36,83.0,70.75,80.17,67.21,70.8,40.78,10.0,1990.0,8.0,3.0,7.0,3.0,medium
stu_04527,class_021,82.78,94.85,77.69,69.89,89.02,95.86,27.31,7.0,1830.0,8.0,3.0,10.0,2.0,low
stu_04528,class_016,46.96,20.34,66.35,76.49,37.31,17.66,43.85,0.0,497.0,2.0,0.0,0.0,0.0,medium
stu_04529,class_014,85.15,74.32,89.9,94.09,83.48,84.8,16.82,12.0,1588.0,7.0,4.0,18.0,0.0,low
stu_04530,class_014,76.43,42.69,40.79,40.5,55.08,53.58,52.09,3.0,846.0,4.0,1.0,4.0,3.0,medium
stu_04531,class_006,21.87,43.76,81.82,68.1,49.22,,28.61,8.0,1634.0,7.0,3.0,9.0,2.0,low
stu_04532,class_039,31.29,41.3,75.86,88.93,43.92,24.17,71.39,3.0,655.0,3.0,2.0,3.0,0.0,high
stu_04533,class_032,70.66,80.79,73.07,63.15,73.05,83.62,24.49,18.0,1842.0,8.0,3.0,13.0,0.0,low
stu_04534,class_002,83.63,67.26,35.8,39.95,67.22,57.01,30.26,2.0,1373.0,6.0,2.0,4.0,4.0,medium
stu_04535,class_024,97.29,95.46,72.43,77.83,90.77,92.89,11.05,7.0,2076.0,9.0,4.0,9.0,0.0,low
stu_04536,class_038,94.66,91.59,82.73,82.5,80.67,27.77,61.45,0.0,2029.0,9.0,5.0,0.0,0.0,low
stu_04537,class_003,90.0,31.15,,25.73,48.56,29.37,97.12,0.0,473.0,2.0,2.0,0.0,5.0,high
stu_04538,class_035,51.23,75.4,68.36,61.59,59.54,43.98,25.85,8.0,1604.0,7.0,3.0,8.0,1.0,medium
stu_04539,class_007,74.98,38.14,34.93,28.38,43.52,25.97,35.71,0.0,799.0,4.0,1.0,0.0,3.0,high
stu_04540,class_033,83.22,73.61,90.88,94.96,79.88,85.34,28.07,0.0,1464.0,6.0,5.0,,0.0,low
stu_04541,class_003,90.28,76.29,96.36,89.08,87.34,72.09,28.15,9.0,1597.0,7.0,4.0,13.0,0.0,low
stu_04542,class_040,8.0,41.62,55.28,51.13,31.52,24.39,30.14,2.0,771.0,4.0,1.0,2.0,4.0,high
stu_04543,class_023,89.99,91.7,87.03,90.36,88.71,96.06,32.19,0.0,2032.0,9.0,5.0,26.0,0.0,low
stu_04544,class_023,63.95,68.77,74.06,73.89,70.21,93.3,26.15,17.0,1793.0,8.0,2.0,22.0,1.0,low
stu_04545,class_023,67.08,53.78,61.86,53.46,57.52,,50.95,5.0,1144.0,,2.0,3.0,1.0,medium
stu_04546,class_036,86.75,64.37,88.88,100.0,76.71,64.61,13.93,15.0,1585.0,7.0,4.0,7.0,0.0,low
stu_04547,class_005,92.57,100.0,86.14,95.51,88.61,81.32,25.96,17.0,2259.0,10.0,5.0,24.0,0.0,low
stu_04548,class_027,28.84,38.28,5.18,19.19,27.46,37.61,46.67,2.0,812.0,4.0,1.0,0.0,4.0,high
stu_04549,class_013,88.34,57.0,40.88,37.5,63.01,43.66,71.58,8.0,1371.0,6.0,3.0,16.0,2.0,medium
stu_04550,class_030,24.56,79.36,47.92,48.32,55.23,74.27,22.46,6.0,1469.0,6.0,2.0,2.0,0.0,medium
stu_04551,class_029,95.95,32.55,55.97,59.72,66.05,51.9,53.4,7.0,708.0,3.0,2.0,10.0,2.0,medium
stu_04552,class_010,37.66,59.03,20.41,21.73,41.06,46.08,82.6,1.0,1083.0,5.0,2.0,0.0,2.0,high
stu_04553,class_012,40.7,25.45,24.42,27.46,29.15,18.62,23.75,0.0,391.0,2.0,0.0,0.0,4.0,high
stu_04554,class_028,55.44,72.97,45.3,43.35,55.65,43.01,23.67,1.0,1415.0,6.0,2.0,3.0,0.0,medium
stu_04555,class_020,78.71,83.46,68.77,65.99,79.53,91.11,34.05,17.0,1924.0,8.0,3.0,25.0,0.0,low
stu_04556,class_014,90.08,63.72,87.5,86.45,83.05,72.28,14.5,12.0,1462.0,,5.0,21.0,1.0,low
stu_04557,class_023,44.45,45.38,48.5,44.23,43.68,21.75,145.67,2.0,725.0,3.0,2.0,3.0,1.0,high
stu_04558,class_018,81.46,74.96,73.4,68.97,76.16,76.77,38.67,0.0,1527.0,7.0,4.0,17.0,0.0,low
stu_04559,class_016,37.83,0.0,21.2,15.55,24.86,65.77,44.13,4.0,46.0,1.0,1.0,4.0,5.0,high
stu_04560,class_040,52.09,62.33,58.98,53.67,61.11,73.41,80.47,9.0,1290.0,6.0,1.0,7.0,4.0,medium
stu_04561,class_005,79.76,81.5,100.0,95.76,85.42,76.24,23.43,12.0,1798.0,8.0,3.0,16.0,0.0,low
stu_04562,class_012,30.85,44.33,30.62,20.99,34.32,34.47,67.46,0.0,823.0,4.0,2.0,0.0,2.0,high
stu_04563,class_028,77.9,82.2,75.52,72.7,73.51,83.9,19.3,12.0,1748.0,7.0,2.0,18.0,0.0,low
stu_04564,class_021,72.28,80.0,72.2,69.87,67.46,43.72,21.88,1.0,1463.0,6.0,2.0,1.0,3.0,medium
stu_04565,class_012,100.0,53.39,56.79,63.09,70.07,58.78,44.77,2.0,999.0,4.0,2.0,0.0,0.0,medium
stu_04566,class_023,89.31,72.59,83.49,78.77,73.03,44.27,14.7,0.0,1623.0,7.0,4.0,0.0,0.0,low
stu_04567,class_028,32.15,24.22,82.63,74.27,38.95,41.07,68.88,1.0,677.0,3.0,2.0,0.0,0.0,medium
stu_04568,class_012,82.61,77.15,87.95,86.05,80.7,60.27,58.38,15.0,1902.0,8.0,4.0,24.0,1.0,low
stu_04569,class_015,91.38,44.71,62.72,55.72,64.81,35.29,32.42,5.0,936.0,4.0,3.0,8.0,2.0,medium
stu_04570,class_004,84.74,84.54,67.3,75.95,73.16,41.95,10.46,0.0,1796.0,8.0,0.0,0.0,1.0,low
stu_04571,class_030,77.97,83.0,86.39,83.74,83.88,100.0,27.67,15.0,1724.0,7.0,3.0,17.0,0.0,low
stu_04572,class_027,100.0,92.15,83.49,83.14,91.14,71.32,22.15,18.0,2171.0,9.0,5.0,14.0,0.0,low
stu_04573,class_032,61.42,94.69,54.41,51.18,64.36,5.0,71.53,9.0,2032.0,9.0,3.0,4.0,0.0,medium
stu_04574,class_014,94.2,84.44,74.87,71.68,87.9,100.0,16.94,18.0,,9.0,4.0,24.0,0.0,low
stu_04575,class_007,100.0,86.75,99.35,91.73,90.58,62.26,21.27,5.0,1683.0,7.0,4.0,2.0,1.0,low
stu_04576,class_023,100.0,88.08,89.32,78.08,94.61,81.47,21.49,17.0,1788.0,8.0,5.0,26.0,0.0,low
stu_04577,class_022,46.96,39.73,50.42,50.04,48.07,41.21,24.35,10.0,1009.0,5.0,2.0,13.0,2.0,medium
stu_04578,class_040,12.97,33.71,29.96,34.67,33.26,68.6,19.69,0.0,659.0,3.0,1.0,0.0,3.0,high
stu_04579,class_014,78.56,36.88,53.81,57.82,61.56,69.22,17.45,9.0,871.0,4.0,1.0,5.0,3.0,medium
stu_04580,class_008,82.97,88.27,100.0,100.0,87.2,74.02,14.19,8.0,1822.0,8.0,5.0,5.0,0.0,low
stu_04581,class_036,61.2,61.21,74.97,66.33,62.7,56.31,38.92,3.0,1095.0,5.0,2.0,5.0,0.0,medium
stu_04582,class_010,77.91,100.0,100.0,100.0,81.83,41.81,15.35,0.0,1935.0,8.0,0.0,0.0,1.0,low
stu_04583,class_027,56.53,36.67,11.57,13.64,35.28,15.97,209.04,3.0,403.0,2.0,0.0,0.0,3.0,high
stu_04584,class_037,84.43,55.11,38.93,30.41,56.45,57.06,66.43,4.0,1081.0,5.0,2.0,1.0,1.0,medium
stu_04585,class_016,64.68,96.37,85.61,93.12,85.15,90.62,27.68,10.0,2095.0,9.0,5.0,6.0,1.0,low
stu_04586,class_017,100.0,77.25,84.42,93.72,91.65,84.19,12.35,11.0,1770.0,8.0,5.0,22.0,1.0,low
stu_04587,class_032,74.22,82.62,69.87,65.34,77.63,93.73,24.15,14.0,2018.0,9.0,3.0,24.0,0.0,low
stu_04588,class_022,91.06,87.16,90.42,90.52,88.85,73.49,39.43,7.0,2011.0,9.0,6.0,11.0,0.0,low
stu_04589,class_036,,88.43,23.2,23.6,72.86,92.5,22.48,9.0,1386.0,6.0,5.0,14.0,5.0,low
stu_04590,class_009,84.26,66.7,84.95,84.87,81.6,91.73,42.44,16.0,1836.0,8.0,5.0,18.0,0.0,low
stu_04591,class_001,47.87,90.24,46.07,32.96,57.8,51.39,135.78,5.0,1722.0,7.0,2.0,9.0,1.0,medium
stu_04592,class_027,41.75,45.52,57.5,49.39,45.41,58.92,24.93,3.0,1062.0,5.0,1.0,3.0,4.0,medium
stu_04593,class_031,84.76,71.16,88.9,94.4,77.98,75.6,26.11,5.0,1386.0,6.0,5.0,5.0,0.0,low
stu_04594,class_022,,28.32,23.27,2.6,26.75,17.85,55.45,2.0,616.0,3.0,0.0,6.0,3.0,high
stu_04595,class_029,80.31,61.15,84.0,82.57,72.9,61.91,23.12,11.0,1275.0,6.0,3.0,13.0,1.0,low
stu_04596,class_038,97.51,59.57,76.62,70.91,78.9,57.36,57.29,7.0,1507.0,7.0,3.0,3.0,0.0,medium
stu_04597,class_032,83.84,49.79,81.79,84.01,68.4,55.03,58.27,5.0,1175.0,,3.0,5.0,1.0,medium
stu_04598,class_040,88.73,53.42,43.66,43.98,57.94,5.24,49.0,4.0,756.0,4.0,1.0,9.0,7.0,high
stu_04599,class_031,64.46,52.04,56.17,61.95,47.96,17.05,47.14,8.0,4941.0,19.0,13.0,14.0,3.0,medium
stu_04600,class_035,4.25,16.76,8.67,8.7,12.18,31.7,51.69,0.0,456.0,2.0,0.0,,4.0,high
stu_04601,class_011,98.55,85.5,95.5,83.85,88.32,70.93,23.14,0.0,2028.0,9.0,5.0,16.0,0.0,low
stu_04602,class_009,13.74,40.17,64.35,71.38,35.08,31.97,153.14,2.0,741.0,3.0,2.0,4.0,2.0,high
stu_04603,class_039,98.54,70.36,96.39,86.71,91.03,100.0,28.49,11.0,1550.0,7.0,4.0,23.0,1.0,low
stu_04604,class_037,84.8,81.98,90.86,95.32,84.41,77.33,18.44,15.0,2049.0,9.0,5.0,19.0,1.0,low
stu_04605,class_019,90.69,77.81,68.0,65.99,81.33,79.23,13.45,12.0,1658.0,7.0,3.0,15.0,0.0,low
stu_04606,class_001,100.0,100.0,73.81,90.54,93.42,86.14,43.9,14.0,2193.0,9.0,4.0,25.0,0.0,low
stu_04607,class_016,48.16,39.15,53.3,59.96,47.95,30.94,114.27,5.0,721.0,3.0,1.0,5.0,1.0,high
stu_04608,class_018,65.36,72.15,76.48,68.68,75.33,96.73,27.03,10.0,1473.0,6.0,3.0,18.0,0.0,low
stu_04609,class_005,37.39,36.02,31.93,37.11,41.89,57.81,78.01,3.0,920.0,4.0,1.0,3.0,4.0,high
stu_04610,class_003,63.42,31.02,33.57,29.62,40.57,17.58,46.17,3.0,612.0,3.0,1.0,2.0,2.0,high
stu_04611,class_020,19.52,40.31,84.45,86.98,47.44,42.12,48.07,6.0,1279.0,6.0,1.0,7.0,2.0,medium
stu_04612,class_014,,35.12,18.15,5.82,26.44,37.42,51.54,0.0,776.0,4.0,1.0,0.0,5.0,high
stu_04613,class_004,92.85,60.67,48.22,60.55,67.09,39.69,34.01,6.0,478.0,2.0,1.0,11.0,4.0,medium
stu_04614,class_008,42.04,39.12,51.56,49.16,41.59,28.42,60.23,0.0,825.0,4.0,1.0,0.0,4.0,high
stu_04615,class_013,87.22,66.87,76.19,,81.01,97.99,16.54,16.0,1866.0,8.0,3.0,10.0,0.0,low
stu_04616,class_009,46.82,72.46,48.51,38.17,63.53,69.12,37.7,7.0,1378.0,6.0,2.0,10.0,3.0,medium
stu_04617,class_022,97.91,73.63,74.72,83.16,88.22,80.31,24.26,18.0,1750.0,8.0,4.0,19.0,0.0,low
stu_04618,class_034,74.64,61.92,55.3,53.27,67.86,66.67,33.27,7.0,1445.0,6.0,2.0,14.0,2.0,medium
stu_04619,class_008,34.36,38.25,46.58,47.38,40.33,57.64,25.68,3.0,711.0,3.0,1.0,2.0,4.0,high
stu_04620,class_003,100.0,71.09,100.0,85.87,88.09,80.58,16.32,5.0,1521.0,7.0,4.0,6.0,0.0,low
stu_04621,class_040,76.02,77.56,78.98,83.42,80.59,70.98,30.25,16.0,1881.0,8.0,3.0,17.0,0.0,low
stu_04622,class_031,73.7,100.0,94.38,100.0,84.19,62.57,20.68,18.0,2144.0,9.0,4.0,30.0,0.0,low
stu_04623,class_013,50.82,30.65,58.59,49.9,39.69,36.28,25.77,2.0,703.0,3.0,1.0,3.0,4.0,high
stu_04624,class_009,93.35,74.65,91.76,89.87,87.35,82.76,26.32,16.0,1735.0,7.0,4.0,15.0,0.0,low
stu_04625,class_025,20.69,60.91,5.31,1.28,29.41,49.24,107.62,5.0,1220.0,5.0,1.0,0.0,3.0,high
stu_04626,class_003,63.2,52.38,39.72,29.67,51.87,29.93,43.18,5.0,1220.0,5.0,1.0,11.0,3.0,medium
stu_04627,class_028,76.79,81.48,74.53,78.05,72.23,63.25,19.32,12.0,1871.0,8.0,2.0,20.0,1.0,low
stu_04628,class_038,34.55,63.76,65.87,59.09,53.35,37.57,49.27,3.0,1403.0,6.0,3.0,1.0,7.0,high
stu_04629,class_015,37.88,23.31,23.3,11.21,23.24,5.87,43.46,4.0,640.0,3.0,0.0,3.0,5.0,high
stu_04630,class_022,78.94,77.41,84.11,95.77,81.24,90.84,19.43,10.0,1452.0,6.0,3.0,18.0,0.0,low
stu_04631,class_037,66.91,79.85,50.25,31.77,64.98,51.65,25.69,9.0,1819.0,8.0,2.0,9.0,3.0,medium
stu_04632,class_007,93.48,100.0,82.65,90.14,92.01,87.97,22.89,17.0,2103.0,9.0,6.0,32.0,1.0,low
stu_04633,class_026,84.25,84.85,34.74,47.66,63.55,19.04,29.21,4.0,878.0,4.0,1.0,4.0,7.0,high
stu_04634,class_005,31.78,63.83,17.18,13.76,38.33,52.5,69.01,4.0,1116.0,5.0,1.0,4.0,5.0,high
stu_04635,class_009,61.66,65.58,72.09,61.35,59.28,47.86,53.5,4.0,1223.0,5.0,1.0,0.0,1.0,medium
stu_04636,class_002,78.66,64.91,65.99,57.99,70.55,64.26,28.98,6.0,1359.0,6.0,2.0,12.0,0.0,low
stu_04637,class_008,60.7,91.67,100.0,100.0,78.7,54.41,24.62,3.0,1688.0,7.0,3.0,8.0,4.0,medium
stu_04638,class_040,69.98,95.83,100.0,99.11,86.6,72.89,18.11,16.0,2206.0,9.0,5.0,13.0,0.0,low
stu_04639,class_007,85.07,88.36,86.98,99.16,86.03,91.82,24.15,11.0,2041.0,9.0,5.0,13.0,0.0,low
stu_04640,class_026,67.33,51.42,39.96,35.33,59.99,80.49,37.38,10.0,1345.0,6.0,2.0,13.0,4.0,medium
stu_04641,class_020,53.99,81.13,24.88,40.82,47.2,11.36,59.98,0.0,1639.0,7.0,2.0,0.0,4.0,high
stu_04642,class_030,91.07,79.44,71.97,66.62,82.92,100.0,12.74,11.0,0.0,8.0,3.0,12.0,0.0,low
stu_04643,class_006,17.14,90.0,82.64,92.29,60.68,85.86,18.47,8.0,1941.0,8.0,4.0,11.0,0.0,low
stu_04644,class_017,50.74,69.53,38.99,32.29,53.55,48.75,26.95,6.0,,6.0,2.0,8.0,2.0,medium
stu_04645,class_023,77.2,100.0,73.7,77.6,80.95,80.66,31.94,8.0,2036.0,9.0,4.0,7.0,0.0,low
stu_04646,class_019,88.82,100.0,80.94,76.87,87.0,76.22,27.26,14.0,2206.0,9.0,6.0,12.0,0.0,low
stu_04647,class_039,81.91,32.2,58.73,43.9,64.92,47.23,71.29,10.0,801.0,4.0,0.0,15.0,1.0,medium
stu_04648,class_024,94.75,86.59,98.12,98.74,91.43,78.08,24.22,11.0,1959.0,8.0,5.0,17.0,2.0,low
stu_04649,class_035,40.77,57.42,44.74,40.83,47.92,56.05,37.74,5.0,1163.0,5.0,1.0,7.0,2.0,medium
stu_04650,class_010,48.7,82.33,52.84,53.37,54.96,61.1,24.06,1.0,1661.0,7.0,2.0,0.0,0.0,medium
stu_04651,class_014,78.73,99.93,89.3,89.99,91.13,100.0,22.38,17.0,2334.0,10.0,5.0,14.0,0.0,low
stu_04652,class_006,57.23,56.53,30.5,34.37,40.34,29.88,144.84,0.0,894.0,4.0,1.0,0.0,5.0,high
stu_04653,class_036,24.36,60.6,62.71,71.84,45.71,30.01,26.44,9.0,1516.0,7.0,3.0,7.0,0.0,medium
stu_04654,class_035,86.27,66.63,31.36,36.76,56.53,20.33,24.16,2.0,1100.0,5.0,2.0,0.0,4.0,high
stu_04655,class_032,26.23,48.31,45.88,49.63,32.99,7.49,100.76,0.0,877.0,4.0,2.0,0.0,5.0,high
stu_04656,class_016,96.71,100.0,84.54,83.51,94.74,96.58,22.88,13.0,2270.0,10.0,6.0,18.0,1.0,low
stu_04657,class_034,66.62,81.25,48.02,46.36,67.91,44.35,29.05,9.0,1774.0,8.0,2.0,11.0,4.0,medium
stu_04658,class_021,83.4,73.44,92.42,94.8,87.97,100.0,13.96,9.0,1721.0,7.0,4.0,14.0,1.0,low
stu_04659,class_023,32.49,28.1,58.48,53.66,37.91,49.3,87.79,4.0,565.0,3.0,1.0,7.0,3.0,high
stu_04660,class_021,70.71,100.0,58.31,59.25,74.46,65.22,21.83,15.0,2143.0,9.0,4.0,15.0,0.0,low
stu_04661,class_036,93.65,69.34,71.56,100.0,80.32,86.54,14.55,9.0,1598.0,7.0,3.0,14.0,0.0,low
stu_04662,class_040,92.09,81.16,90.3,84.03,86.55,64.36,11.09,14.0,1867.0,8.0,5.0,19.0,2.0,low
stu_04663,class_029,58.63,42.01,75.09,72.15,58.95,56.07,42.41,10.0,1478.0,6.0,3.0,13.0,2.0,medium
stu_04664,class_019,87.78,85.72,86.37,94.34,89.25,84.07,9.86,11.0,1869.0,8.0,5.0,20.0,0.0,low
stu_04665,class_026,50.92,73.31,66.54,72.65,62.11,65.19,63.33,8.0,1543.0,7.0,2.0,11.0,2.0,medium
stu_04666,class_026,57.34,63.13,46.53,41.21,53.13,17.9,68.12,5.0,1264.0,6.0,2.0,5.0,3.0,high
stu_04667,class_010,47.17,62.93,61.2,56.97,53.32,56.4,51.79,5.0,1407.0,6.0,2.0,12.0,2.0,medium
stu_04668,class_034,61.56,56.44,64.62,65.91,53.24,18.27,42.4,1.0,1020.0,5.0,1.0,3.0,1.0,medium
stu_04669,class_003,16.68,37.28,78.55,80.14,45.44,49.76,68.72,4.0,864.0,4.0,2.0,4.0,2.0,high
stu_04670,class_022,98.59,61.96,93.59,96.41,87.38,84.13,24.59,8.0,1331.0,6.0,4.0,10.0,1.0,low
stu_04671,class_039,91.21,100.0,88.13,92.65,89.47,68.03,20.09,9.0,2044.0,9.0,6.0,16.0,4.0,medium
stu_04672,class_026,50.71,43.06,27.74,29.6,37.94,33.56,92.46,3.0,861.0,4.0,1.0,5.0,5.0,high
stu_04673,class_027,71.69,66.18,87.64,88.96,71.52,47.3,23.14,11.0,1430.0,6.0,3.0,10.0,0.0,low
stu_04674,class_018,75.84,83.65,81.42,69.24,79.38,99.94,21.7,14.0,2132.0,9.0,,10.0,0.0,low
stu_04675,class_031,87.83,62.3,37.91,37.06,64.62,74.86,23.39,5.0,1623.0,7.0,5.0,13.0,7.0,low
stu_04676,class_032,69.72,80.43,87.4,73.81,81.31,100.0,31.83,6.0,1588.0,7.0,3.0,4.0,0.0,low
stu_04677,class_009,92.19,87.41,96.92,98.84,88.4,64.84,19.15,6.0,1631.0,7.0,4.0,9.0,0.0,low
stu_04678,class_001,72.53,58.12,81.0,81.62,72.06,81.71,28.7,7.0,1270.0,6.0,2.0,10.0,0.0,low
stu_04679,class_014,100.0,78.21,82.99,83.34,84.11,58.83,12.03,17.0,1890.0,8.0,4.0,13.0,0.0,low
stu_04680,class_028,5.39,41.31,44.28,55.92,22.26,0.51,68.53,1.0,592.0,3.0,1.0,0.0,3.0,high
stu_04681,class_004,81.92,77.17,88.28,78.34,83.22,85.16,34.58,16.0,1847.0,8.0,5.0,16.0,0.0,low
stu_04682,class_016,31.14,52.06,77.06,76.5,47.44,71.12,38.99,7.0,1000.0,5.0,1.0,8.0,3.0,medium
stu_04683,class_012,100.0,65.06,30.83,33.28,64.15,35.73,34.46,3.0,472.0,2.0,,0.0,7.0,high
stu_04684,class_003,52.07,57.71,49.5,45.43,54.23,76.94,16.83,4.0,1182.0,5.0,1.0,7.0,3.0,medium
stu_04685,class_003,14.63,46.14,36.98,,25.5,15.59,51.87,2.0,640.0,3.0,0.0,2.0,5.0,high
stu_04686,class_029,91.76,88.29,82.45,77.43,86.22,100.0,32.59,5.0,1811.0,8.0,4.0,8.0,0.0,low
stu_04687,class_003,72.24,78.65,88.8,78.74,75.56,64.34,26.59,8.0,1500.0,7.0,4.0,8.0,0.0,low
stu_04688,class_035,58.23,50.12,58.65,66.38,54.98,47.6,25.33,3.0,814.0,4.0,1.0,1.0,0.0,medium
stu_04689,class_015,68.85,64.84,90.3,96.84,70.25,58.93,27.14,2.0,1232.0,5.0,2.0,4.0,2.0,medium
stu_04690,class_006,77.35,74.38,90.74,84.22,75.05,35.89,35.48,0.0,1679.0,7.0,3.0,0.0,0.0,low
stu_04691,class_006,37.29,43.26,48.59,59.94,42.09,29.0,66.21,5.0,871.0,4.0,1.0,8.0,5.0,high
stu_04692,class_021,48.1,15.31,13.59,18.58,26.9,20.41,,4.0,355.0,2.0,0.0,5.0,1.0,high
stu_04693,class_030,79.78,74.65,85.24,90.18,82.62,93.33,21.24,8.0,1649.0,7.0,3.0,6.0,0.0,low
stu_04694,class_026,83.36,87.93,78.28,82.29,85.25,79.17,35.24,5.0,1671.0,7.0,4.0,8.0,0.0,low
stu_04695,class_011,60.43,39.36,81.44,74.27,58.13,25.08,29.77,5.0,938.0,4.0,3.0,9.0,2.0,medium
stu_04696,class_027,90.22,92.55,73.47,79.74,80.46,78.13,22.97,6.0,1967.0,8.0,5.0,4.0,0.0,low
stu_04697,class_008,90.61,76.44,68.45,68.77,79.97,78.34,43.7,,1783.0,8.0,3.0,15.0,0.0,low
stu_04698,class_023,80.86,79.06,85.2,59.4,83.9,87.23,18.61,12.0,1932.0,8.0,4.0,14.0,1.0,low
stu_04699,class_010,80.73,85.29,83.85,75.82,86.59,95.21,27.44,9.0,1717.0,7.0,5.0,7.0,0.0,low
stu_04700,class_032,51.25,26.31,57.23,45.55,47.82,59.18,189.85,3.0,405.0,2.0,1.0,4.0,2.0,high
stu_04701,class_012,53.2,52.9,48.34,56.04,46.25,22.07,48.38,0.0,1320.0,6.0,2.0,0.0,0.0,medium
stu_04702,class_021,85.42,95.84,84.88,88.76,80.95,45.32,13.52,11.0,1991.0,8.0,5.0,12.0,1.0,low
stu_04703,class_037,92.68,80.25,94.38,95.36,84.89,53.49,27.9,5.0,1780.0,8.0,5.0,5.0,0.0,low
stu_04704,class_018,72.73,89.12,73.26,80.53,76.36,91.13,26.18,8.0,1974.0,8.0,4.0,5.0,0.0,low
stu_04705,class_020,84.9,71.0,63.03,66.71,74.44,76.41,20.92,10.0,1488.0,6.0,3.0,8.0,2.0,low
stu_04706,class_022,51.6,27.8,4.71,3.44,32.76,36.87,44.07,2.0,495.0,2.0,0.0,3.0,1.0,high
stu_04707,class_001,55.0,31.76,78.26,87.94,53.26,78.93,28.54,18.0,2003.0,9.0,6.0,12.0,2.0,low
stu_04708,class_003,47.6,38.22,70.2,70.86,55.38,67.21,,10.0,2151.0,9.0,5.0,10.0,1.0,low
stu_04709,class_028,78.22,81.16,91.79,88.84,84.63,93.75,24.99,9.0,1540.0,7.0,3.0,9.0,0.0,low
stu_04710,class_011,62.3,37.9,,34.01,46.04,54.22,51.09,,754.0,4.0,1.0,2.0,4.0,high
stu_04711,class_006,70.84,87.32,93.16,99.05,80.03,73.59,43.74,12.0,2017.0,9.0,4.0,14.0,0.0,low
stu_04712,class_026,76.67,51.86,69.99,64.44,70.91,95.26,21.52,8.0,1033.0,5.0,2.0,14.0,1.0,low
stu_04713,class_005,76.83,71.27,100.0,94.85,80.99,66.9,12.64,15.0,1418.0,6.0,4.0,13.0,0.0,low
stu_04714,class_010,30.95,38.69,12.88,17.56,31.73,53.02,75.44,2.0,852.0,4.0,1.0,3.0,1.0,high
stu_04715,class_011,42.88,28.46,61.99,68.08,40.62,47.9,111.25,4.0,581.0,3.0,0.0,7.0,3.0,high
stu_04716,class_020,41.01,46.08,34.04,42.81,36.2,3.7,71.15,2.0,967.0,4.0,1.0,2.0,1.0,high
stu_04717,class_011,24.65,42.79,54.57,55.77,37.76,32.58,43.6,4.0,0.0,4.0,1.0,3.0,3.0,high
stu_04718,class_001,91.95,93.85,80.39,82.77,92.01,100.0,21.82,17.0,1856.0,8.0,5.0,18.0,0.0,low
stu_04719,class_006,78.85,75.44,95.58,99.54,84.05,66.25,18.1,15.0,1559.0,7.0,3.0,18.0,0.0,low
stu_04720,class_016,100.0,54.83,68.12,56.3,76.85,60.09,13.7,0.0,1042.0,5.0,3.0,0.0,1.0,low
stu_04721,class_030,73.64,52.36,58.82,59.0,61.18,35.7,48.93,7.0,960.0,4.0,1.0,11.0,0.0,medium
stu_04722,class_019,52.53,60.34,54.36,54.86,48.95,16.48,52.03,1.0,1085.0,5.0,1.0,1.0,7.0,high
stu_04723,class_025,88.81,67.67,91.76,93.45,77.41,73.94,38.17,5.0,1396.0,6.0,5.0,6.0,1.0,low
stu_04724,class_024,58.05,10.0,82.43,86.31,54.68,53.28,21.76,9.0,354.0,2.0,2.0,12.0,0.0,medium
stu_04725,class_004,76.15,47.47,73.23,68.7,60.73,50.56,51.85,1.0,887.0,4.0,2.0,2.0,2.0,medium
stu_04726,class_026,90.69,66.43,80.55,79.98,76.73,85.7,29.11,6.0,1410.0,6.0,4.0,6.0,0.0,low
stu_04727,class_012,63.24,48.18,26.23,20.54,42.01,21.9,24.68,3.0,837.0,4.0,1.0,6.0,1.0,medium
stu_04728,class_018,90.01,100.0,88.96,94.39,91.41,100.0,47.12,18.0,2295.0,10.0,5.0,20.0,1.0,low
stu_04729,class_004,0.0,62.75,30.57,14.74,29.83,46.09,36.61,5.0,1187.0,5.0,1.0,7.0,6.0,high
stu_04730,class_032,80.01,45.22,62.74,60.21,57.7,36.76,36.83,2.0,1001.0,5.0,3.0,3.0,1.0,medium
stu_04731,class_010,80.57,57.0,60.73,55.18,58.54,43.72,64.71,3.0,1057.0,5.0,3.0,2.0,0.0,medium
stu_04732,class_039,33.83,54.64,89.25,85.6,58.31,78.48,28.71,7.0,1623.0,7.0,4.0,12.0,0.0,low
stu_04733,class_003,31.57,53.03,46.56,41.86,43.25,57.28,26.15,6.0,1013.0,5.0,1.0,4.0,4.0,medium
stu_04734,class_011,79.73,71.63,95.62,100.0,75.58,41.88,34.99,0.0,1419.0,6.0,3.0,0.0,0.0,low
stu_04735,class_009,73.68,95.53,87.57,80.13,85.18,78.97,15.68,17.0,2437.0,10.0,4.0,25.0,0.0,low
stu_04736,class_002,58.2,100.0,60.72,60.25,63.25,17.26,22.07,6.0,2008.0,9.0,4.0,10.0,2.0,medium
stu_04737,class_016,100.0,76.47,88.6,93.52,88.42,,29.27,9.0,1506.0,7.0,4.0,7.0,0.0,low
stu_04738,class_008,35.75,57.63,78.58,80.88,55.2,85.27,21.02,18.0,2020.0,9.0,5.0,35.0,0.0,low
stu_04739,class_040,85.86,37.01,50.18,45.41,63.12,65.62,55.27,8.0,938.0,4.0,3.0,8.0,2.0,medium
stu_04740,class_024,84.12,85.49,60.0,70.0,72.07,82.24,35.67,4.0,1055.0,5.0,2.0,,3.0,medium
stu_04741,class_031,46.13,29.1,9.81,17.43,30.53,6.76,75.34,4.0,509.0,3.0,1.0,5.0,5.0,high
stu_04742,class_005,82.46,81.26,84.37,74.19,83.57,93.8,33.17,5.0,1543.0,7.0,4.0,8.0,2.0,low
stu_04743,class_032,67.54,67.97,72.62,79.27,62.06,50.76,35.91,4.0,1527.0,7.0,3.0,0.0,1.0,medium
stu_04744,class_040,60.92,62.46,75.55,58.33,59.99,43.35,21.25,1.0,1100.0,5.0,2.0,0.0,0.0,medium
stu_04745,class_018,78.77,64.0,89.15,94.95,80.86,85.36,47.65,10.0,1652.0,7.0,4.0,16.0,0.0,low
stu_04746,class_001,27.99,26.73,37.35,27.21,30.04,32.64,71.17,2.0,660.0,3.0,2.0,3.0,4.0,high
stu_04747,class_032,84.75,80.45,80.41,76.32,85.12,92.31,78.73,14.0,1868.0,8.0,4.0,10.0,0.0,low
stu_04748,class_025,95.68,93.41,86.01,93.76,90.48,62.05,21.95,10.0,1870.0,8.0,5.0,13.0,0.0,low
stu_04749,class_034,30.77,64.69,66.06,67.14,57.01,62.58,33.26,9.0,1364.0,6.0,2.0,15.0,3.0,medium
stu_04750,class_035,61.97,79.07,89.02,93.59,73.4,69.94,44.39,7.0,1570.0,7.0,3.0,9.0,2.0,medium
stu_04751,class_034,100.0,95.6,77.14,66.91,86.93,71.01,24.32,10.0,1983.0,8.0,4.0,11.0,0.0,low
stu_04752,class_029,74.92,75.27,77.28,77.03,72.86,65.27,16.72,10.0,1620.0,7.0,2.0,21.0,0.0,low
stu_04753,class_018,89.32,75.97,59.44,56.87,73.23,76.26,15.9,14.0,1702.0,7.0,4.0,22.0,6.0,low
stu_04754,class_010,51.06,57.62,19.54,18.84,41.71,36.42,32.1,1.0,1050.0,5.0,2.0,0.0,3.0,medium
stu_04755,class_013,82.6,65.33,40.76,38.48,74.43,84.79,,14.0,1712.0,7.0,4.0,20.0,5.0,low
stu_04756,class_007,,73.1,87.3,95.81,80.58,76.88,16.1,10.0,1734.0,7.0,4.0,19.0,0.0,low
stu_04757,class_011,93.37,70.06,88.58,94.19,87.8,92.06,19.61,15.0,1786.0,8.0,5.0,20.0,1.0,low
stu_04758,class_001,59.28,54.73,50.09,49.06,57.24,77.51,46.2,3.0,778.0,4.0,1.0,5.0,2.0,medium
stu_04759,class_012,79.76,44.21,56.8,41.37,57.3,59.44,36.96,3.0,766.0,4.0,2.0,6.0,2.0,medium
stu_04760,class_017,81.55,73.26,26.15,34.21,69.12,86.02,24.26,12.0,2044.0,9.0,5.0,14.0,4.0,low
stu_04761,class_037,92.2,91.19,87.61,94.25,91.24,67.55,35.48,14.0,1868.0,8.0,4.0,24.0,0.0,low
stu_04762,class_024,85.95,100.0,72.07,73.4,84.23,71.3,44.45,18.0,2408.0,10.0,4.0,30.0,0.0,low
stu_04763,class_019,100.0,74.29,89.04,75.44,85.45,75.58,18.22,18.0,1709.0,7.0,5.0,23.0,1.0,low
stu_04764,class_031,13.8,48.9,0.0,4.72,23.61,36.31,59.34,0.0,840.0,4.0,2.0,1.0,4.0,high
stu_04765,class_009,88.13,87.11,90.26,89.57,90.81,81.01,17.35,13.0,1834.0,8.0,4.0,19.0,2.0,low
stu_04766,class_022,80.29,73.18,56.32,76.47,67.3,22.67,42.87,1.0,1318.0,,3.0,1.0,2.0,medium
stu_04767,class_037,88.0,75.17,87.8,85.89,84.63,,31.52,17.0,1957.0,8.0,6.0,30.0,0.0,low
stu_04768,class_020,75.21,57.38,72.11,65.1,65.81,82.24,30.84,1.0,1115.0,5.0,,2.0,3.0,medium
stu_04769,class_002,27.29,41.65,54.82,55.57,34.97,30.76,74.45,0.0,847.0,4.0,1.0,0.0,4.0,high
stu_04770,class_014,39.4,25.25,29.56,28.32,26.73,0.0,54.21,0.0,459.0,2.0,0.0,0.0,1.0,high
stu_04771,class_031,58.03,38.57,92.61,88.7,57.87,39.28,33.83,3.0,867.0,4.0,2.0,4.0,2.0,medium
stu_04772,class_033,74.83,61.92,62.28,75.16,66.83,58.18,,3.0,1216.0,5.0,1.0,3.0,2.0,medium
stu_04773,class_012,69.87,52.84,86.72,87.33,61.7,18.81,52.3,0.0,1159.0,,2.0,0.0,3.0,medium
stu_04774,class_011,86.54,71.28,76.23,74.12,75.83,74.96,25.64,8.0,1766.0,8.0,3.0,10.0,0.0,low
stu_04775,class_036,70.5,50.05,57.0,40.94,57.85,34.97,25.11,3.0,924.0,4.0,1.0,9.0,3.0,medium
stu_04776,class_015,59.4,41.39,50.85,52.84,49.48,56.47,42.51,1.0,623.0,3.0,0.0,2.0,1.0,medium
stu_04777,class_027,72.45,94.75,78.01,65.8,80.72,88.86,24.72,9.0,1781.0,8.0,3.0,9.0,0.0,low
stu_04778,class_017,90.59,82.05,76.33,68.66,84.52,89.45,16.32,18.0,2058.0,9.0,4.0,16.0,0.0,low
stu_04779,class_031,16.83,36.49,34.95,41.22,30.82,48.14,23.32,2.0,936.0,4.0,1.0,2.0,1.0,high
stu_04780,class_021,67.88,51.43,32.49,40.59,49.79,44.24,39.93,3.0,902.0,4.0,1.0,4.0,4.0,high
stu_04781,class_030,60.05,69.17,28.8,21.64,51.93,63.82,47.94,4.0,1546.0,7.0,2.0,6.0,3.0,medium
stu_04782,class_011,75.72,90.87,72.76,73.59,77.3,66.25,27.25,11.0,1961.0,8.0,3.0,16.0,1.0,low
stu_04783,class_010,85.65,100.0,64.35,71.94,82.37,81.48,16.23,11.0,1918.0,8.0,3.0,17.0,0.0,low
stu_04784,class_018,24.53,54.34,34.72,34.96,36.7,14.13,16.2,0.0,1162.0,5.0,2.0,0.0,2.0,high
stu_04785,class_004,88.15,90.82,74.44,68.11,83.02,81.15,27.71,13.0,2132.0,9.0,4.0,17.0,0.0,low
stu_04786,class_024,15.35,25.9,34.64,52.22,26.18,39.45,22.67,1.0,404.0,2.0,0.0,0.0,5.0,high
stu_04787,class_030,47.62,68.29,72.23,54.9,60.75,58.4,33.4,2.0,1284.0,6.0,1.0,0.0,3.0,medium
stu_04788,class_008,59.21,33.88,23.16,21.22,42.69,65.95,99.21,2.0,652.0,3.0,1.0,2.0,4.0,high
stu_04789,class_012,69.37,77.51,40.93,39.35,61.77,70.01,23.41,9.0,1661.0,7.0,3.0,9.0,0.0,medium
stu_04790,class_006,46.6,67.34,62.14,46.76,52.42,50.02,46.05,1.0,3787.0,15.0,12.0,12.0,4.0,medium
stu_04791,class_030,93.9,73.0,77.65,90.46,84.5,100.0,32.82,17.0,1963.0,8.0,4.0,12.0,0.0,low
stu_04792,class_026,67.32,80.76,41.12,41.21,62.16,48.41,49.26,7.0,1732.0,7.0,2.0,7.0,0.0,medium
stu_04793,class_015,81.28,73.67,79.74,87.73,80.16,78.04,12.0,17.0,2216.0,9.0,4.0,29.0,1.0,low
stu_04794,class_012,64.92,96.86,75.37,65.01,72.63,,38.68,10.0,2200.0,9.0,4.0,,1.0,low
stu_04795,class_008,71.46,52.86,55.45,48.63,58.4,40.24,64.24,4.0,1153.0,5.0,0.0,3.0,2.0,medium
stu_04796,class_037,84.46,87.46,85.49,75.3,83.71,75.24,16.78,12.0,1984.0,8.0,6.0,13.0,0.0,low
stu_04797,class_007,19.59,70.79,58.11,67.1,46.17,65.14,44.82,1.0,1203.0,5.0,2.0,0.0,1.0,medium
stu_04798,class_015,55.8,76.4,69.97,49.3,61.34,59.34,34.27,3.0,1545.0,7.0,2.0,5.0,3.0,medium
stu_04799,class_003,47.05,41.1,86.9,89.97,59.53,82.29,28.53,12.0,1550.0,7.0,4.0,9.0,2.0,low
stu_04800,class_016,94.61,77.86,83.72,95.68,86.08,97.7,14.12,13.0,1684.0,7.0,4.0,20.0,1.0,low
stu_04801,class_020,72.93,95.1,93.28,85.14,69.56,24.49,15.79,0.0,2268.0,10.0,5.0,0.0,1.0,low
stu_04802,class_030,80.7,62.33,49.76,51.79,59.34,24.64,59.93,0.0,1210.0,5.0,3.0,0.0,1.0,medium
stu_04803,class_028,62.78,62.36,44.26,23.67,54.66,45.67,31.59,3.0,0.0,5.0,2.0,0.0,2.0,medium
stu_04804,class_008,82.25,66.76,99.66,100.0,84.73,88.05,18.23,11.0,1559.0,7.0,5.0,6.0,0.0,low
stu_04805,class_023,54.51,44.98,44.96,49.06,44.69,26.42,48.63,0.0,694.0,3.0,1.0,0.0,4.0,high
stu_04806,class_005,100.0,82.19,79.86,70.75,88.8,80.59,53.75,13.0,1789.0,8.0,3.0,23.0,1.0,low
stu_04807,class_012,87.91,74.68,96.2,98.03,84.65,80.28,15.73,12.0,1780.0,8.0,4.0,18.0,0.0,low
stu_04808,class_030,94.66,87.02,82.23,78.17,82.88,65.0,20.46,15.0,2059.0,,5.0,17.0,2.0,low
stu_04809,class_014,56.48,58.06,82.79,82.21,61.56,33.44,29.9,5.0,1191.0,5.0,2.0,7.0,1.0,medium
stu_04810,class_029,93.86,79.63,89.93,82.76,91.4,100.0,33.27,14.0,1749.0,7.0,4.0,21.0,0.0,low
stu_04811,class_006,11.01,45.8,48.29,53.04,35.96,36.41,22.52,4.0,860.0,4.0,1.0,8.0,6.0,high
stu_04812,class_030,80.39,73.87,69.54,53.05,76.23,81.06,13.01,10.0,1328.0,,3.0,7.0,0.0,low
stu_04813,class_018,17.91,55.49,7.34,20.92,25.3,19.77,71.38,0.0,867.0,4.0,1.0,0.0,4.0,high
stu_04814,class_039,95.21,100.0,83.38,82.32,81.42,27.19,34.42,0.0,1970.0,8.0,6.0,0.0,0.0,low
stu_04815,class_031,10.39,33.3,35.72,44.75,23.03,32.94,64.37,0.0,676.0,3.0,1.0,0.0,2.0,high
stu_04816,class_002,,55.35,58.73,71.22,56.99,40.42,38.86,2.0,956.0,4.0,1.0,,1.0,medium
stu_04817,class_014,66.52,34.89,76.33,73.19,54.42,70.25,20.46,1.0,579.0,3.0,0.0,0.0,1.0,medium
stu_04818,class_026,99.05,59.84,61.76,46.87,69.86,54.13,63.43,7.0,1459.0,6.0,4.0,14.0,2.0,medium
stu_04819,class_029,15.73,59.05,49.73,54.22,36.73,15.48,52.06,5.0,1151.0,5.0,1.0,10.0,8.0,high
stu_04820,class_026,,81.14,88.56,82.61,90.89,72.95,29.02,12.0,1741.0,7.0,4.0,14.0,0.0,low
stu_04821,class_035,98.07,100.0,80.46,57.83,93.42,85.29,36.04,15.0,2126.0,9.0,6.0,25.0,0.0,low
stu_04822,class_025,85.83,100.0,84.28,92.61,83.1,70.79,31.75,10.0,2261.0,10.0,5.0,6.0,0.0,low
stu_04823,class_036,69.22,62.78,80.49,73.38,75.67,76.8,28.3,10.0,1442.0,6.0,4.0,18.0,1.0,medium
stu_04824,class_022,72.86,60.32,67.6,73.2,63.64,56.74,46.01,10.0,1446.0,6.0,2.0,13.0,1.0,medium
stu_04825,class_012,91.36,75.18,100.0,100.0,88.02,67.12,17.62,14.0,1747.0,7.0,4.0,8.0,0.0,low
stu_04826,class_011,61.81,71.34,43.45,46.62,64.36,61.98,89.82,8.0,1248.0,5.0,2.0,6.0,0.0,medium
stu_04827,class_023,71.75,78.46,82.24,83.01,77.48,92.78,30.06,6.0,1349.0,6.0,4.0,3.0,0.0,low
stu_04828,class_016,55.46,53.0,45.0,47.46,43.91,0.0,120.89,2.0,1102.0,5.0,2.0,4.0,2.0,high
stu_04829,class_017,79.4,79.86,,92.91,85.92,83.27,24.86,17.0,1915.0,8.0,3.0,26.0,0.0,low
stu_04830,class_025,44.6,15.11,62.05,58.67,33.22,17.67,189.57,0.0,181.0,1.0,0.0,0.0,8.0,high
stu_04831,class_033,52.02,56.6,41.77,29.97,51.47,69.27,29.42,8.0,1116.0,5.0,2.0,12.0,1.0,medium
stu_04832,class_040,65.28,56.88,67.01,73.23,64.05,53.01,40.73,0.0,1135.0,5.0,1.0,0.0,1.0,medium
stu_04833,class_001,52.48,53.14,56.79,62.68,55.27,66.69,35.64,3.0,1076.0,5.0,1.0,2.0,4.0,medium
stu_04834,class_001,94.61,89.55,100.0,100.0,90.27,81.45,16.38,6.0,1868.0,8.0,5.0,4.0,1.0,low
stu_04835,class_039,37.85,40.62,70.86,62.16,43.27,28.05,80.63,1.0,674.0,3.0,1.0,1.0,4.0,high
stu_04836,class_017,35.49,31.0,32.17,42.11,33.23,35.88,44.34,4.0,606.0,3.0,0.0,6.0,4.0,high
stu_04837,class_014,33.82,45.93,79.19,82.19,47.98,42.1,26.67,2.0,912.0,4.0,1.0,1.0,1.0,medium
stu_04838,class_010,87.98,72.03,94.32,88.45,82.69,61.16,59.04,8.0,1702.0,7.0,4.0,6.0,0.0,low
stu_04839,class_022,20.05,35.27,37.91,33.72,30.02,39.6,47.23,0.0,599.0,3.0,1.0,2.0,6.0,high
stu_04840,class_018,58.39,37.73,67.27,70.66,58.5,42.14,33.06,10.0,859.0,4.0,1.0,11.0,0.0,medium
stu_04841,class_001,72.82,87.09,80.99,77.1,83.53,88.69,14.8,10.0,1789.0,8.0,3.0,9.0,2.0,low
stu_04842,class_001,35.18,17.44,61.25,78.94,33.49,33.69,39.79,0.0,187.0,1.0,1.0,2.0,7.0,high
stu_04843,class_007,80.65,89.72,73.4,66.35,80.77,75.36,11.01,12.0,1904.0,8.0,3.0,6.0,1.0,low
stu_04844,class_033,72.12,57.18,87.82,83.99,67.66,36.7,31.61,4.0,1217.0,5.0,2.0,6.0,0.0,medium
stu_04845,class_018,86.11,86.29,83.35,82.87,80.56,44.55,15.85,,1629.0,7.0,5.0,9.0,1.0,low
stu_04846,class_036,72.52,77.72,95.91,100.0,78.49,68.32,26.19,10.0,1510.0,7.0,3.0,10.0,0.0,low
stu_04847,class_007,0.0,14.49,50.22,49.54,22.9,49.21,,4.0,296.0,2.0,1.0,8.0,5.0,high
stu_04848,class_036,49.46,50.67,66.36,52.4,58.61,63.4,42.43,10.0,1358.0,6.0,2.0,17.0,2.0,medium
stu_04849,class_024,85.54,64.63,87.08,91.33,81.73,67.25,14.21,14.0,1464.0,6.0,5.0,29.0,2.0,low
stu_04850,class_018,90.87,49.3,56.9,53.11,64.42,100.0,58.7,0.0,,4.0,3.0,0.0,0.0,medium
stu_04851,class_019,85.25,31.33,58.67,59.53,57.47,42.86,55.71,9.0,810.0,4.0,2.0,13.0,3.0,medium
stu_04852,class_017,71.71,70.81,55.16,55.65,65.91,55.66,20.5,5.0,1549.0,7.0,3.0,5.0,2.0,medium
stu_04853,class_038,21.47,25.47,56.37,52.88,31.26,20.91,38.75,5.0,518.0,3.0,1.0,7.0,8.0,high
stu_04854,class_029,52.41,42.53,45.69,43.54,41.47,23.53,98.11,0.0,899.0,4.0,1.0,0.0,4.0,high
stu_04855,class_023,18.99,7.73,18.12,14.46,18.79,38.67,82.55,1.0,256.0,2.0,0.0,2.0,4.0,high
stu_04856,class_034,70.32,63.51,66.27,56.26,63.15,56.27,37.98,4.0,1271.0,6.0,1.0,6.0,2.0,medium
stu_04857,class_039,88.68,73.62,47.91,34.41,74.07,76.78,24.06,12.0,2096.0,9.0,4.0,13.0,4.0,low
stu_04858,class_040,7.26,61.25,72.11,67.55,38.33,9.03,41.03,4.0,1078.0,5.0,1.0,6.0,1.0,high
stu_04859,class_009,79.47,80.36,75.43,71.17,81.89,84.77,22.39,15.0,1791.0,8.0,2.0,13.0,1.0,low
stu_04860,class_022,100.0,81.31,79.82,80.11,91.25,100.0,12.93,5.0,1593.0,7.0,3.0,7.0,0.0,low
stu_04861,class_008,91.17,75.89,100.0,95.6,95.89,79.14,27.77,9.0,1496.0,6.0,5.0,10.0,0.0,low
stu_04862,class_013,94.57,50.25,43.82,38.89,64.21,36.78,43.64,3.0,243.0,1.0,0.0,4.0,6.0,high
stu_04863,class_018,52.13,60.13,81.61,100.0,60.76,39.61,22.69,9.0,2073.0,9.0,5.0,16.0,2.0,medium
stu_04864,class_020,76.16,93.19,81.7,77.49,78.31,80.55,20.12,16.0,1946.0,8.0,3.0,27.0,1.0,low
stu_04865,class_009,85.96,70.13,89.8,100.0,81.41,70.61,28.45,7.0,1631.0,7.0,4.0,13.0,1.0,low
stu_04866,class_001,58.69,61.57,55.58,62.23,53.59,43.04,30.78,1.0,3253.0,13.0,9.0,13.0,2.0,medium
stu_04867,class_001,82.14,57.63,71.89,74.13,69.07,34.31,30.73,6.0,1148.0,5.0,2.0,5.0,3.0,medium
stu_04868,class_040,73.2,84.17,73.82,80.79,73.86,37.29,48.27,9.0,1740.0,7.0,2.0,13.0,2.0,medium
stu_04869,class_004,54.96,75.19,70.05,73.16,63.19,66.59,59.16,10.0,1743.0,7.0,,18.0,2.0,medium
stu_04870,class_012,86.71,76.7,86.03,91.94,79.75,70.65,26.49,7.0,1499.0,6.0,5.0,5.0,0.0,low
stu_04871,class_025,77.36,52.65,55.17,36.9,59.4,58.89,39.97,1.0,905.0,4.0,2.0,0.0,0.0,medium
stu_04872,class_036,36.63,50.72,33.99,33.82,36.45,12.73,75.38,0.0,906.0,4.0,1.0,0.0,6.0,high
stu_04873,class_017,49.89,43.73,19.58,23.44,39.54,24.28,134.63,5.0,1054.0,5.0,2.0,7.0,4.0,high
stu_04874,class_033,72.7,42.86,51.24,54.37,59.3,71.62,60.5,5.0,896.0,4.0,1.0,7.0,2.0,medium
stu_04875,class_027,87.46,88.17,81.51,92.29,87.22,80.67,26.96,14.0,2061.0,9.0,5.0,15.0,2.0,low
stu_04876,class_013,81.97,93.99,83.3,98.05,77.17,23.14,37.73,0.0,2181.0,9.0,5.0,0.0,0.0,low
stu_04877,class_012,53.23,10.0,100.0,100.0,54.98,40.2,14.44,7.0,213.0,1.0,2.0,13.0,1.0,medium
stu_04878,class_034,52.1,63.15,58.39,58.86,53.17,36.93,29.71,2.0,1240.0,5.0,2.0,4.0,1.0,medium
stu_04879,class_038,97.33,69.47,63.08,70.99,80.47,84.04,22.63,18.0,1571.0,7.0,3.0,32.0,0.0,low
stu_04880,class_039,70.51,67.71,74.65,69.55,69.56,75.51,19.43,5.0,1437.0,6.0,2.0,8.0,0.0,low
stu_04881,class_034,77.67,93.94,76.09,84.51,79.98,82.49,32.7,8.0,1824.0,8.0,3.0,13.0,0.0,low
stu_04882,class_025,44.92,26.03,28.13,27.05,43.38,91.14,39.32,7.0,508.0,3.0,0.0,11.0,2.0,medium
stu_04883,class_007,41.75,52.69,74.34,79.77,57.61,90.98,26.88,5.0,1435.0,6.0,2.0,0.0,0.0,low
stu_04884,class_014,33.04,61.66,49.18,59.81,49.15,56.18,65.77,7.0,1271.0,6.0,2.0,8.0,0.0,medium
stu_04885,class_016,48.54,33.03,23.34,27.87,35.84,46.8,39.36,0.0,549.0,3.0,0.0,0.0,5.0,high
stu_04886,class_033,27.16,15.2,25.93,12.59,15.05,0.0,91.57,0.0,399.0,2.0,0.0,0.0,3.0,high
stu_04887,class_032,95.35,100.0,79.5,74.27,91.71,80.69,31.11,18.0,2341.0,10.0,4.0,32.0,1.0,low
stu_04888,class_025,16.61,43.21,88.54,84.4,50.94,84.0,15.34,18.0,1931.0,8.0,2.0,13.0,1.0,low
stu_04889,class_020,74.4,68.88,73.83,75.07,62.72,18.61,23.97,,1549.0,7.0,2.0,0.0,0.0,low
stu_04890,class_019,98.33,87.26,79.1,87.94,83.42,79.93,32.88,5.0,1780.0,8.0,3.0,0.0,0.0,low
stu_04891,class_001,53.02,48.78,52.15,53.14,56.78,24.58,47.45,5.0,855.0,4.0,1.0,10.0,4.0,high
stu_04892,class_001,88.56,92.58,85.19,81.75,90.61,80.62,19.28,13.0,1961.0,8.0,6.0,13.0,0.0,low
stu_04893,class_009,28.04,61.0,50.12,90.88,48.51,66.68,68.28,6.0,3992.0,15.0,11.0,27.0,4.0,medium
stu_04894,class_032,88.2,77.32,96.34,88.62,90.65,97.0,30.68,10.0,1788.0,8.0,5.0,8.0,,low
stu_04895,class_023,46.55,66.14,55.32,49.95,51.46,49.1,20.12,8.0,1406.0,6.0,3.0,13.0,4.0,medium
stu_04896,class_017,74.56,46.93,61.64,53.69,61.52,53.58,64.45,2.0,830.0,4.0,1.0,6.0,1.0,medium
stu_04897,class_015,85.38,82.92,76.89,72.98,79.7,70.52,14.04,18.0,1944.0,8.0,3.0,23.0,0.0,low
stu_04898,class_009,70.22,9.73,32.92,32.8,39.59,24.61,141.53,5.0,483.0,2.0,0.0,7.0,1.0,high
stu_04899,class_024,30.51,85.71,74.32,85.26,63.94,90.89,23.78,5.0,1111.0,5.0,4.0,4.0,2.0,low
stu_04900,class_013,84.78,88.15,88.23,90.21,87.6,86.53,39.5,14.0,2151.0,9.0,5.0,21.0,0.0,low
stu_04901,class_004,47.9,43.95,83.19,95.09,62.02,72.83,34.78,17.0,2009.0,9.0,3.0,21.0,0.0,low
stu_04902,class_022,64.37,57.74,80.11,62.43,58.79,40.9,41.25,3.0,1086.0,5.0,2.0,2.0,3.0,medium
stu_04903,class_017,99.05,70.29,96.13,93.74,87.54,75.54,13.92,13.0,1563.0,7.0,4.0,19.0,0.0,low
stu_04904,class_008,72.43,69.99,78.78,92.44,73.37,63.9,43.74,14.0,1830.0,8.0,2.0,23.0,0.0,low
stu_04905,class_026,98.42,89.96,90.2,84.1,92.83,83.13,32.29,14.0,1864.0,8.0,4.0,16.0,0.0,low
stu_04906,class_036,5.79,13.01,52.85,51.6,23.17,29.09,52.24,0.0,374.0,2.0,0.0,4.0,3.0,high
stu_04907,class_006,82.29,100.0,90.63,100.0,80.01,48.53,27.44,0.0,1997.0,8.0,5.0,0.0,0.0,low
stu_04908,class_035,80.3,81.64,54.13,48.47,66.75,28.59,33.2,3.0,1561.0,7.0,3.0,5.0,3.0,medium
stu_04909,class_016,12.88,15.97,44.58,37.7,23.22,35.76,51.16,4.0,450.0,2.0,0.0,2.0,4.0,high
stu_04910,class_014,72.49,57.57,80.0,85.89,63.17,50.95,36.14,0.0,1365.0,6.0,3.0,0.0,3.0,medium
stu_04911,class_039,86.93,86.99,95.09,100.0,86.76,87.52,25.2,7.0,1702.0,7.0,5.0,15.0,0.0,low
stu_04912,class_033,54.71,39.45,39.97,70.71,51.81,59.18,51.08,9.0,3135.0,12.0,7.0,22.0,3.0,medium
stu_04913,class_036,63.25,35.05,,65.91,52.77,10.66,164.49,5.0,882.0,4.0,1.0,5.0,0.0,high
stu_04914,class_003,87.83,73.35,78.42,61.9,76.55,61.7,13.18,7.0,1380.0,6.0,3.0,11.0,0.0,low
stu_04915,class_016,67.68,3.64,61.72,60.47,45.25,29.29,37.31,2.0,117.0,1.0,0.0,0.0,1.0,high
stu_04916,class_035,99.87,85.46,,91.72,87.46,58.2,23.59,16.0,1858.0,,4.0,15.0,1.0,low
stu_04917,class_029,86.0,75.02,86.21,80.56,90.06,89.75,14.9,13.0,1821.0,8.0,4.0,18.0,0.0,low
stu_04918,class_032,46.71,54.17,77.15,74.51,54.65,25.92,43.43,8.0,1129.0,5.0,1.0,5.0,1.0,medium
stu_04919,class_021,67.22,54.54,40.21,35.91,51.79,37.1,39.71,0.0,851.0,4.0,2.0,0.0,2.0,medium
stu_04920,class_016,87.92,70.87,85.67,94.55,81.93,81.88,25.72,16.0,1661.0,7.0,4.0,16.0,0.0,low
stu_04921,class_024,79.13,88.49,93.65,85.63,86.21,73.83,19.21,15.0,1898.0,8.0,4.0,26.0,0.0,low
stu_04922,class_020,59.05,60.77,74.27,82.1,63.2,62.83,62.82,8.0,1587.0,7.0,2.0,11.0,3.0,medium
stu_04923,class_013,35.64,25.71,51.94,43.09,32.55,0.0,22.57,1.0,542.0,3.0,1.0,4.0,4.0,high
stu_04924,class_007,92.08,79.67,91.24,90.02,87.33,70.1,14.14,13.0,1516.0,7.0,5.0,20.0,0.0,low
stu_04925,class_018,67.61,73.61,85.19,78.85,77.47,100.0,15.95,10.0,1538.0,7.0,3.0,10.0,1.0,low
stu_04926,class_011,51.72,1.6,68.61,66.33,34.78,31.37,100.16,1.0,173.0,1.0,0.0,3.0,2.0,high
stu_04927,class_002,71.39,17.99,83.92,86.7,60.39,80.66,38.97,5.0,398.0,2.0,2.0,8.0,1.0,medium
stu_04928,class_018,10.72,43.48,73.4,80.16,37.12,36.05,120.75,4.0,659.0,3.0,2.0,4.0,1.0,high
stu_04929,class_032,23.66,64.03,57.75,68.2,40.79,32.34,28.96,0.0,1272.0,6.0,1.0,0.0,4.0,high
stu_04930,class_029,79.04,74.81,80.37,92.71,81.15,71.81,39.5,18.0,1708.0,7.0,3.0,21.0,0.0,low
stu_04931,class_008,30.11,40.19,20.5,21.8,35.95,57.78,27.24,4.0,986.0,4.0,2.0,7.0,2.0,high
stu_04932,class_027,45.29,75.45,50.33,49.74,53.53,20.43,74.82,8.0,1578.0,7.0,2.0,16.0,3.0,medium
stu_04933,class_017,90.6,75.72,78.33,83.82,84.08,98.55,18.88,12.0,1747.0,7.0,3.0,18.0,0.0,low
stu_04934,class_036,100.0,80.15,88.27,100.0,87.51,61.83,18.79,5.0,1669.0,7.0,4.0,7.0,,low
stu_04935,class_003,99.26,94.67,75.63,76.45,92.89,96.55,31.67,9.0,2045.0,9.0,4.0,11.0,1.0,low
stu_04936,class_030,78.79,68.05,88.87,82.96,80.98,90.25,44.32,17.0,1793.0,8.0,3.0,15.0,0.0,low
stu_04937,class_009,47.03,44.35,28.66,31.45,37.0,27.3,106.28,2.0,783.0,4.0,1.0,3.0,6.0,high
stu_04938,class_029,63.93,59.03,68.87,63.39,62.3,48.55,38.38,6.0,1138.0,5.0,2.0,4.0,4.0,medium
stu_04939,class_024,86.03,89.44,67.21,79.05,86.51,80.64,32.44,18.0,2274.0,10.0,5.0,23.0,1.0,low
stu_04940,class_012,81.59,95.03,68.67,64.4,83.44,80.77,25.08,9.0,2214.0,9.0,4.0,11.0,0.0,low
stu_04941,class_018,92.89,86.08,71.88,76.64,80.01,59.23,7.69,11.0,1928.0,8.0,3.0,9.0,0.0,low
stu_04942,class_023,57.61,35.91,27.36,31.97,37.31,24.6,56.24,2.0,846.0,4.0,2.0,4.0,5.0,high
stu_04943,class_016,78.93,88.6,68.96,52.82,80.02,87.13,31.16,16.0,2058.0,9.0,4.0,25.0,0.0,low
stu_04944,class_030,40.38,58.77,64.75,51.69,51.66,57.48,29.26,2.0,1133.0,5.0,1.0,5.0,3.0,medium
stu_04945,class_035,90.47,90.08,76.51,68.08,85.18,73.47,20.52,13.0,1810.0,8.0,3.0,12.0,0.0,low
stu_04946,class_024,90.98,84.1,78.0,69.54,89.61,82.65,19.79,13.0,1950.0,8.0,4.0,14.0,1.0,low
stu_04947,class_029,81.64,81.74,79.43,81.5,79.84,100.0,19.7,15.0,1848.0,8.0,4.0,23.0,0.0,low
stu_04948,class_021,98.44,80.45,85.23,80.07,89.98,67.07,29.33,16.0,1839.0,8.0,4.0,13.0,0.0,low
stu_04949,class_014,61.3,69.69,83.28,87.02,70.21,73.66,17.92,8.0,1207.0,5.0,2.0,14.0,0.0,low
stu_04950,class_025,75.92,92.23,99.41,100.0,82.68,78.88,22.32,6.0,1734.0,7.0,3.0,11.0,0.0,low
stu_04951,class_025,14.7,23.33,15.59,14.13,18.49,43.98,74.61,4.0,660.0,3.0,1.0,0.0,3.0,high
stu_04952,class_038,86.4,57.34,82.03,96.6,76.74,58.51,15.76,5.0,1297.0,6.0,3.0,3.0,0.0,low
stu_04953,class_037,68.64,39.63,62.74,65.71,59.18,88.25,38.21,1.0,735.0,3.0,1.0,2.0,1.0,medium
stu_04954,class_031,84.28,74.39,76.06,81.66,80.39,89.31,33.28,10.0,1708.0,7.0,3.0,3.0,1.0,low
stu_04955,class_031,62.62,71.79,80.47,80.12,73.92,62.21,18.77,10.0,1450.0,6.0,4.0,10.0,0.0,medium
stu_04956,class_029,76.31,79.24,97.24,97.3,84.82,87.48,20.27,13.0,1834.0,8.0,4.0,23.0,0.0,low
stu_04957,class_025,39.37,80.72,80.54,80.1,61.69,62.73,29.82,7.0,1648.0,7.0,3.0,5.0,5.0,medium
stu_04958,class_026,72.1,84.99,70.85,62.99,73.63,66.55,24.95,6.0,1778.0,8.0,2.0,5.0,1.0,low
stu_04959,class_031,48.36,58.38,38.02,41.19,48.78,37.34,27.13,8.0,1352.0,6.0,2.0,14.0,0.0,medium
stu_04960,class_039,89.26,77.04,72.27,72.2,80.54,70.42,40.78,7.0,1545.0,7.0,3.0,9.0,0.0,low
stu_04961,class_028,86.19,77.47,74.18,78.25,82.64,80.05,21.91,18.0,2039.0,9.0,5.0,21.0,1.0,low
stu_04962,class_024,33.02,60.63,26.99,21.59,40.25,38.56,32.14,0.0,1059.0,5.0,1.0,0.0,3.0,high
stu_04963,class_008,71.07,16.95,55.0,49.33,49.19,46.63,97.43,0.0,336.0,2.0,1.0,0.0,2.0,high
stu_04964,class_016,40.83,49.5,57.11,67.24,51.67,53.05,35.96,7.0,916.0,4.0,1.0,7.0,4.0,medium
stu_04965,class_025,10.22,14.32,67.46,74.96,32.26,23.63,35.97,4.0,430.0,2.0,0.0,3.0,4.0,high
stu_04966,class_010,62.9,54.61,55.44,51.54,56.09,19.35,47.96,6.0,1303.0,6.0,2.0,8.0,2.0,medium
stu_04967,class_017,64.95,49.78,25.69,30.73,39.9,28.68,158.89,0.0,845.0,4.0,1.0,0.0,3.0,high
stu_04968,class_005,96.56,74.44,79.52,67.51,83.08,78.89,32.04,16.0,1766.0,8.0,3.0,28.0,2.0,low
stu_04969,class_008,72.15,39.11,59.69,67.05,58.31,56.26,21.54,4.0,774.0,4.0,1.0,8.0,2.0,medium
stu_04970,class_004,74.03,74.77,47.47,44.4,66.24,76.36,57.49,7.0,1570.0,7.0,2.0,11.0,1.0,medium
stu_04971,class_004,62.44,26.76,53.81,55.83,46.62,5.7,35.7,5.0,626.0,3.0,0.0,8.0,3.0,high
stu_04972,class_034,58.96,7.12,37.86,34.89,36.39,16.06,65.7,3.0,325.0,2.0,0.0,2.0,5.0,high
stu_04973,class_038,47.15,28.77,46.97,63.43,43.41,30.43,54.08,5.0,819.0,4.0,1.0,6.0,6.0,high
stu_04974,class_004,89.3,61.32,97.58,92.87,81.66,69.18,12.45,10.0,1376.0,6.0,5.0,5.0,0.0,low
stu_04975,class_010,70.98,69.49,68.21,59.82,68.05,43.01,41.13,2.0,3074.0,12.0,12.0,0.0,3.0,medium
stu_04976,class_024,69.11,62.15,28.02,24.04,55.58,32.02,52.87,4.0,1165.0,5.0,1.0,7.0,1.0,medium
stu_04977,class_016,91.91,96.49,89.97,92.05,91.01,64.98,21.98,14.0,2207.0,9.0,5.0,26.0,0.0,low
stu_04978,class_029,66.88,31.79,72.77,65.72,54.23,42.09,28.34,3.0,690.0,3.0,1.0,6.0,3.0,medium
stu_04979,class_019,16.81,34.69,63.9,57.59,32.14,16.03,44.74,3.0,707.0,3.0,2.0,6.0,1.0,high
stu_04980,class_001,51.68,24.17,35.74,25.47,41.89,31.45,170.81,3.0,576.0,3.0,1.0,4.0,4.0,high
stu_04981,class_036,88.1,78.45,72.14,75.13,82.51,79.43,15.9,13.0,1841.0,8.0,3.0,11.0,1.0,low
stu_04982,class_013,70.1,79.95,79.19,76.09,66.93,43.45,27.97,0.0,1980.0,8.0,3.0,0.0,0.0,low
stu_04983,class_034,35.6,40.27,53.65,58.04,38.44,33.44,85.15,0.0,739.0,3.0,2.0,2.0,1.0,high
stu_04984,class_014,87.06,82.82,35.02,50.96,71.1,66.51,50.0,5.0,496.0,2.0,0.0,4.0,3.0,medium
stu_04985,class_007,31.43,15.05,42.76,52.9,28.4,17.78,62.32,2.0,395.0,2.0,0.0,3.0,5.0,high
stu_04986,class_019,35.31,35.98,89.28,87.51,49.99,41.65,43.48,7.0,989.0,4.0,2.0,2.0,2.0,medium
stu_04987,class_023,27.3,53.57,65.26,86.69,54.17,81.81,10.06,17.0,2013.0,9.0,4.0,31.0,1.0,low
stu_04988,class_012,59.74,59.77,26.89,42.3,53.08,68.07,48.9,7.0,1356.0,6.0,2.0,9.0,2.0,medium
stu_04989,class_022,64.21,99.73,78.61,79.51,83.29,73.88,43.47,18.0,2159.0,9.0,4.0,19.0,0.0,low
stu_04990,class_022,65.51,41.82,37.59,32.58,48.25,68.99,45.19,1.0,1021.0,5.0,1.0,2.0,0.0,medium
stu_04991,class_009,92.3,66.04,78.0,40.73,78.02,74.74,12.9,1.0,5076.0,20.0,8.0,11.0,4.0,medium
stu_04992,class_027,97.06,42.29,43.77,44.47,67.14,76.62,41.27,9.0,943.0,4.0,3.0,10.0,0.0,medium
stu_04993,class_004,93.95,81.56,92.22,75.34,89.76,88.72,28.01,,1624.0,7.0,4.0,6.0,0.0,low
stu_04994,class_017,87.26,57.58,31.24,31.4,65.42,95.67,23.69,7.0,1792.0,8.0,4.0,6.0,5.0,low
stu_04995,class_009,56.58,52.22,51.69,75.53,56.44,70.69,66.07,7.0,1215.0,5.0,2.0,8.0,3.0,medium
stu_04996,class_031,64.46,65.36,60.62,57.81,63.2,74.65,36.19,6.0,1494.0,6.0,2.0,12.0,0.0,medium
stu_04997,class_010,47.55,32.17,47.5,45.63,39.43,35.7,82.28,2.0,777.0,4.0,1.0,6.0,3.0,high
stu_04998,class_016,73.49,69.85,84.98,76.41,76.32,69.67,16.22,7.0,1359.0,6.0,3.0,10.0,1.0,low
stu_04999,class_024,92.32,70.44,83.46,91.35,83.05,87.53,47.6,10.0,1449.0,6.0,4.0,12.0,2.0,low
stu_05000,class_029,88.44,76.3,79.94,86.7,79.4,69.93,25.3,14.0,1680.0,7.0,3.0,24.0,0.0,low
stu_05001,class_027,94.78,68.77,77.77,72.61,73.9,46.59,11.96,0.0,1405.0,6.0,3.0,0.0,0.0,low
stu_05002,class_016,13.13,32.95,24.71,18.3,27.44,33.03,123.9,4.0,675.0,3.0,2.0,1.0,7.0,high
stu_05003,class_024,63.42,68.96,84.57,88.47,62.28,49.52,30.22,8.0,1616.0,7.0,3.0,3.0,4.0,medium
stu_05004,class_009,93.98,71.8,40.59,40.24,66.53,9.87,32.11,8.0,921.0,4.0,1.0,7.0,3.0,medium
stu_05005,class_019,40.37,47.26,59.36,58.48,50.74,65.5,32.22,4.0,896.0,4.0,2.0,7.0,1.0,medium
stu_05006,class_009,99.85,84.71,80.25,86.35,89.6,73.26,29.77,12.0,1842.0,8.0,4.0,12.0,2.0,low
stu_05007,class_010,83.56,85.8,92.56,94.54,84.11,96.43,27.53,6.0,1808.0,8.0,4.0,8.0,0.0,low
stu_05008,class_007,83.65,79.13,46.71,44.01,67.7,44.38,21.29,2.0,1415.0,6.0,3.0,0.0,7.0,medium
stu_05009,class_036,81.82,71.38,23.28,21.25,55.53,25.46,155.68,3.0,822.0,4.0,1.0,6.0,3.0,high
stu_05010,class_025,38.82,30.64,19.63,24.62,29.74,35.4,54.31,2.0,570.0,3.0,0.0,0.0,2.0,high
stu_05011,class_005,73.66,75.7,88.15,96.48,72.2,32.83,24.24,0.0,1298.0,6.0,3.0,0.0,0.0,low
stu_05012,class_038,25.63,24.75,10.65,12.31,18.71,0.0,164.92,0.0,550.0,3.0,0.0,0.0,4.0,high
stu_05013,class_015,50.67,30.46,56.3,55.13,40.69,17.2,170.81,2.0,625.0,3.0,0.0,0.0,1.0,high
stu_05014,class_035,89.68,75.66,78.79,78.53,82.39,84.56,15.21,6.0,1422.0,6.0,3.0,3.0,0.0,low
stu_05015,class_009,37.23,16.47,9.44,19.5,21.47,10.62,88.23,4.0,311.0,2.0,1.0,7.0,4.0,high
stu_05016,class_023,60.17,44.23,77.92,94.72,61.53,42.51,175.77,9.0,1026.0,5.0,1.0,7.0,3.0,medium
stu_05017,class_005,81.88,75.29,88.76,100.0,78.66,75.19,7.66,9.0,1559.0,7.0,5.0,17.0,0.0,low
stu_05018,class_012,81.31,69.81,69.93,65.15,71.73,49.33,40.93,2.0,1668.0,7.0,3.0,0.0,2.0,medium
stu_05019,class_009,61.89,46.5,74.63,62.88,60.34,51.11,34.99,0.0,801.0,4.0,1.0,0.0,2.0,medium
stu_05020,class_034,51.19,69.9,51.47,40.6,57.65,57.37,42.7,2.0,1385.0,6.0,2.0,4.0,0.0,medium
stu_05021,class_014,97.92,79.48,86.95,97.61,89.79,80.17,16.17,12.0,1857.0,8.0,5.0,18.0,0.0,low
stu_05022,class_005,84.9,98.13,66.38,59.79,84.98,59.34,11.59,16.0,2191.0,9.0,4.0,23.0,1.0,low
stu_05023,class_006,46.89,19.97,86.23,82.04,55.51,86.74,28.53,6.0,1099.0,5.0,2.0,6.0,0.0,medium
stu_05024,class_026,33.69,63.19,79.01,77.3,53.18,51.83,30.5,1.0,549.0,3.0,1.0,1.0,0.0,medium
stu_05025,class_020,3.17,30.57,29.72,36.55,14.93,14.46,72.63,1.0,602.0,3.0,1.0,4.0,3.0,high
stu_05026,class_026,0.0,45.85,28.2,26.84,25.76,37.24,103.15,4.0,982.0,4.0,1.0,4.0,2.0,high
stu_05027,class_025,48.97,61.07,73.87,79.93,57.54,58.48,47.86,4.0,1244.0,5.0,1.0,2.0,3.0,medium
stu_05028,class_018,61.4,78.68,35.99,49.65,60.44,65.98,39.26,7.0,1707.0,7.0,3.0,7.0,1.0,medium
stu_05029,class_037,98.02,82.31,74.5,72.81,89.41,92.65,27.18,16.0,1952.0,8.0,4.0,22.0,1.0,low
stu_05030,class_040,95.62,87.35,90.74,96.32,90.31,86.64,19.56,10.0,0.0,8.0,4.0,8.0,0.0,low
stu_05031,class_004,30.97,43.39,48.57,43.24,34.44,22.44,26.84,0.0,925.0,4.0,2.0,1.0,3.0,high
stu_05032,class_015,83.56,86.85,92.33,93.91,88.04,81.84,27.24,10.0,0.0,8.0,4.0,15.0,0.0,low
stu_05033,class_010,67.13,50.85,64.01,68.45,63.5,100.0,30.67,1.0,1105.0,5.0,2.0,0.0,1.0,medium
stu_05034,class_011,68.74,40.77,56.76,57.41,54.01,16.84,50.96,8.0,937.0,4.0,1.0,5.0,0.0,medium
stu_05035,class_004,68.0,62.87,59.14,66.12,63.39,59.99,32.26,9.0,1465.0,6.0,2.0,8.0,0.0,medium
stu_05036,class_008,34.9,77.37,71.33,69.45,50.08,45.31,56.08,1.0,1323.0,6.0,3.0,0.0,1.0,medium
stu_05037,class_030,87.27,83.51,81.82,72.2,73.99,22.29,24.12,0.0,1555.0,7.0,4.0,0.0,1.0,low
stu_05038,class_039,47.35,49.17,33.78,37.38,40.87,29.08,47.41,3.0,983.0,4.0,2.0,1.0,4.0,high
stu_05039,class_015,54.49,42.9,73.41,67.0,58.26,68.32,29.33,7.0,915.0,4.0,1.0,2.0,1.0,medium
stu_05040,class_024,95.07,69.62,90.06,100.0,86.73,74.88,25.12,14.0,1810.0,8.0,4.0,10.0,0.0,low
stu_05041,class_029,84.89,69.76,47.67,52.33,63.98,31.97,51.22,1.0,858.0,4.0,1.0,0.0,5.0,medium
stu_05042,class_039,58.22,25.4,55.07,44.43,50.8,88.4,28.24,1.0,301.0,2.0,0.0,0.0,2.0,medium
stu_05043,class_034,40.35,55.86,54.59,44.86,51.52,44.6,28.59,7.0,1228.0,5.0,1.0,10.0,1.0,medium
stu_05044,class_036,99.88,36.68,63.66,56.65,73.08,67.0,37.07,7.0,806.0,4.0,2.0,6.0,1.0,medium
stu_05045,class_024,52.37,7.82,21.05,20.3,34.48,61.59,23.08,5.0,274.0,2.0,1.0,8.0,3.0,high
stu_05046,class_024,76.15,66.24,80.11,82.6,69.32,52.7,52.34,7.0,1343.0,6.0,,13.0,1.0,medium
stu_05047,class_004,76.24,49.85,65.12,82.68,65.64,93.31,65.46,1.0,822.0,4.0,1.0,0.0,3.0,medium
stu_05048,class_008,72.58,39.13,42.34,47.31,46.54,12.3,35.09,2.0,731.0,3.0,1.0,3.0,4.0,high
stu_05049,class_026,44.44,60.04,95.08,85.58,65.98,52.19,22.23,10.0,1243.0,5.0,2.0,6.0,3.0,medium
stu_05050,class_003,69.23,33.83,69.67,58.81,53.98,44.83,23.64,2.0,861.0,4.0,1.0,2.0,0.0,medium
stu_05051,class_033,85.79,75.36,51.57,54.3,79.36,95.84,38.15,15.0,2106.0,9.0,3.0,24.0,5.0,low
stu_05052,class_017,28.86,19.95,37.65,33.93,31.03,50.18,98.41,1.0,504.0,3.0,1.0,1.0,2.0,high
stu_05053,class_027,62.75,70.14,100.0,96.01,71.64,30.49,50.59,10.0,1470.0,6.0,3.0,11.0,4.0,medium
stu_05054,class_027,45.01,70.1,45.24,37.33,46.43,2.88,73.48,4.0,1434.0,6.0,3.0,7.0,3.0,high
stu_05055,class_024,77.64,67.77,75.33,63.8,71.91,85.96,20.58,0.0,1449.0,6.0,2.0,3.0,0.0,low
stu_05056,class_021,18.51,27.86,17.63,19.93,12.47,38.95,20.88,0.0,432.0,2.0,0.0,2.0,3.0,high
stu_05057,class_019,36.64,50.28,93.1,85.67,54.88,71.54,93.31,2.0,1602.0,7.0,2.0,2.0,0.0,medium
stu_05058,class_029,57.81,51.59,77.77,70.83,54.75,33.24,25.14,2.0,868.0,4.0,1.0,5.0,1.0,medium
stu_05059,class_010,84.12,62.17,80.52,95.13,79.16,93.68,17.38,15.0,1445.0,6.0,4.0,19.0,0.0,low
stu_05060,class_036,88.41,77.32,83.4,73.62,85.91,100.0,18.93,16.0,1891.0,8.0,5.0,11.0,1.0,low
stu_05061,class_024,8.64,32.05,45.29,55.59,27.77,17.86,14.78,1.0,538.0,3.0,1.0,0.0,7.0,high
stu_05062,class_035,94.83,69.33,77.29,81.84,86.53,100.0,18.61,16.0,1650.0,7.0,4.0,30.0,1.0,low
stu_05063,class_037,92.83,71.22,90.46,89.21,86.91,79.35,37.38,7.0,1607.0,7.0,5.0,5.0,1.0,low
stu_05064,class_014,20.25,66.42,38.46,44.05,39.97,40.83,30.49,0.0,1112.0,5.0,2.0,0.0,3.0,high
stu_05065,class_018,56.93,59.97,60.85,59.95,65.76,84.9,37.07,10.0,1361.0,6.0,2.0,11.0,3.0,medium
stu_05066,class_010,92.04,81.57,77.38,72.4,87.15,70.57,45.34,10.0,1778.0,8.0,3.0,10.0,0.0,low
stu_05067,class_035,63.74,98.34,62.64,49.3,68.63,41.28,85.24,6.0,1950.0,8.0,3.0,8.0,3.0,medium
stu_05068,class_021,25.97,43.44,33.93,37.11,33.93,23.31,62.73,5.0,1051.0,5.0,1.0,5.0,2.0,high
stu_05069,class_018,84.84,82.2,48.68,41.59,77.93,89.95,19.63,10.0,1713.0,7.0,4.0,10.0,3.0,low
stu_05070,class_005,92.17,77.87,82.54,79.32,74.41,29.67,24.81,0.0,1811.0,8.0,4.0,0.0,1.0,low
stu_05071,class_007,74.89,65.53,77.93,85.77,76.24,83.83,24.12,9.0,1327.0,6.0,2.0,13.0,1.0,low
stu_05072,class_027,60.88,14.36,34.3,49.88,37.79,16.81,37.14,9.0,640.0,3.0,0.0,9.0,2.0,medium
stu_05073,class_026,28.47,63.23,77.25,80.65,54.35,38.71,63.52,8.0,1011.0,5.0,1.0,10.0,0.0,medium
stu_05074,class_037,41.72,62.01,33.67,37.94,44.98,36.67,74.47,4.0,1120.0,5.0,1.0,8.0,2.0,high
stu_05075,class_001,89.31,52.66,53.42,58.39,60.05,74.78,34.86,1.0,878.0,4.0,,2.0,0.0,medium
stu_05076,class_030,46.85,95.54,71.29,73.41,69.5,66.99,55.86,0.0,1747.0,7.0,2.0,0.0,3.0,medium
stu_05077,class_034,68.33,79.29,77.53,76.85,78.38,68.27,18.2,14.0,1983.0,8.0,3.0,14.0,0.0,low
stu_05078,class_021,84.57,93.02,94.31,100.0,89.94,100.0,12.4,10.0,2065.0,9.0,5.0,18.0,0.0,low
stu_05079,class_017,82.25,50.72,90.79,93.56,76.54,,22.66,18.0,1549.0,7.0,4.0,18.0,1.0,low
stu_05080,class_024,68.73,84.35,45.16,59.48,70.2,90.04,21.61,9.0,1793.0,8.0,3.0,13.0,4.0,medium
stu_05081,class_033,93.13,77.28,82.53,82.16,87.51,88.24,28.14,14.0,1872.0,8.0,5.0,13.0,0.0,low
stu_05082,class_009,95.96,96.52,69.67,79.17,85.61,69.92,20.07,8.0,2005.0,9.0,5.0,4.0,0.0,low
stu_05083,class_018,44.64,28.55,40.98,28.78,37.62,8.4,125.23,3.0,551.0,3.0,0.0,0.0,4.0,high
stu_05084,class_020,43.14,52.94,6.33,9.48,33.49,28.19,143.2,2.0,1025.0,5.0,2.0,2.0,3.0,high
stu_05085,class_032,67.51,28.23,58.6,55.13,56.54,48.62,31.87,5.0,566.0,3.0,0.0,5.0,1.0,medium
stu_05086,class_033,85.97,80.97,45.15,53.96,64.58,27.09,44.38,5.0,1611.0,7.0,5.0,5.0,7.0,medium
stu_05087,class_027,88.63,89.11,90.6,88.74,94.99,89.96,24.71,15.0,1986.0,8.0,5.0,19.0,0.0,low
stu_05088,class_011,48.34,42.89,50.7,59.51,47.74,64.31,33.62,1.0,649.0,3.0,0.0,0.0,0.0,medium
stu_05089,class_027,83.19,65.72,71.42,65.45,78.51,92.39,30.63,6.0,1324.0,6.0,3.0,11.0,0.0,low
stu_05090,class_003,73.04,100.0,68.52,78.75,78.44,66.79,17.9,12.0,2348.0,10.0,3.0,17.0,0.0,low
stu_05091,class_025,39.31,7.95,50.25,48.44,25.0,20.57,39.13,2.0,176.0,1.0,0.0,4.0,4.0,high
stu_05092,class_040,95.81,76.02,86.71,76.34,89.15,94.56,18.22,14.0,2027.0,9.0,5.0,13.0,0.0,low
stu_05093,class_014,83.28,74.44,43.95,40.87,67.46,33.44,54.25,2.0,789.0,4.0,1.0,2.0,6.0,high
stu_05094,class_020,75.27,85.26,79.05,74.58,84.55,82.61,18.54,14.0,1686.0,7.0,2.0,19.0,0.0,low
stu_05095,class_028,34.51,35.27,28.66,30.19,39.13,59.32,28.77,4.0,700.0,3.0,1.0,2.0,2.0,high
stu_05096,class_022,94.07,70.86,90.17,94.49,86.44,62.52,26.39,16.0,1674.0,7.0,5.0,15.0,0.0,low
stu_05097,class_036,85.34,83.57,87.85,79.66,84.3,79.21,22.7,5.0,1880.0,8.0,4.0,7.0,0.0,low
stu_05098,class_007,90.15,78.03,72.55,85.91,81.66,70.03,31.38,8.0,1557.0,7.0,4.0,,0.0,low
stu_05099,class_019,86.9,90.02,96.26,92.56,91.94,100.0,19.86,11.0,1914.0,8.0,4.0,9.0,0.0,low
stu_05100,class_029,75.3,91.31,82.91,95.18,82.93,100.0,33.95,5.0,1815.0,8.0,4.0,5.0,0.0,low
stu_05101,class_021,83.91,100.0,85.15,90.69,90.07,85.85,17.23,13.0,2410.0,10.0,5.0,12.0,0.0,low
stu_05102,class_025,41.51,34.25,59.19,71.6,45.85,60.72,16.43,5.0,727.0,3.0,1.0,10.0,2.0,medium
stu_05103,class_003,81.28,41.72,52.89,60.15,61.64,,45.28,5.0,863.0,4.0,3.0,3.0,0.0,medium
stu_05104,class_027,36.39,5.39,29.29,31.05,31.97,53.96,150.77,1.0,69.0,1.0,0.0,,7.0,high
stu_05105,class_034,19.34,80.01,71.34,92.39,54.47,73.23,26.91,16.0,2002.0,9.0,4.0,18.0,0.0,low
stu_05106,class_012,97.26,86.37,83.27,78.13,87.78,65.35,16.9,12.0,2034.0,9.0,5.0,22.0,0.0,low
stu_05107,class_019,53.15,79.96,47.03,42.49,52.49,41.26,54.71,2.0,1518.0,7.0,2.0,3.0,1.0,medium
stu_05108,class_019,65.45,77.22,74.66,79.23,69.45,63.96,105.1,1.0,1498.0,6.0,2.0,2.0,2.0,medium
stu_05109,class_007,43.18,46.54,58.18,54.17,50.06,63.45,45.29,3.0,877.0,4.0,1.0,1.0,3.0,medium
stu_05110,class_024,99.46,88.69,78.04,81.28,85.56,45.39,24.98,10.0,1769.0,8.0,4.0,9.0,0.0,low
stu_05111,class_006,85.48,75.37,78.08,81.56,75.27,63.66,16.51,5.0,1283.0,6.0,2.0,2.0,0.0,low
stu_05112,class_019,76.27,81.48,90.93,88.73,85.06,100.0,27.84,12.0,1845.0,8.0,3.0,13.0,0.0,low
stu_05113,class_001,83.01,95.48,,81.85,85.61,100.0,22.95,16.0,2168.0,9.0,5.0,8.0,0.0,low
stu_05114,class_025,57.91,65.74,49.2,31.41,59.9,69.41,34.57,6.0,1333.0,6.0,2.0,12.0,1.0,medium
stu_05115,class_036,84.43,85.56,83.29,73.57,89.42,100.0,32.74,14.0,1887.0,8.0,5.0,20.0,0.0,low
stu_05116,class_034,80.5,43.8,44.81,35.91,63.77,96.8,59.32,7.0,857.0,4.0,3.0,2.0,2.0,medium
stu_05117,class_006,85.51,66.49,45.23,67.33,68.91,72.45,31.42,7.0,1183.0,5.0,3.0,14.0,3.0,medium
stu_05118,class_021,57.2,86.72,64.11,81.24,67.81,41.56,33.2,9.0,1711.0,7.0,3.0,14.0,4.0,medium
stu_05119,class_040,89.72,51.14,76.64,91.93,74.53,51.87,77.97,3.0,802.0,4.0,3.0,0.0,2.0,medium
stu_05120,class_018,97.04,45.39,51.73,47.25,66.53,43.53,44.35,5.0,676.0,3.0,2.0,12.0,4.0,medium
stu_05121,class_033,68.42,39.6,81.94,78.11,59.91,69.01,45.61,2.0,941.0,4.0,3.0,4.0,0.0,medium
stu_05122,class_026,91.08,81.3,95.03,84.57,87.18,63.96,20.88,11.0,1804.0,8.0,4.0,17.0,1.0,low
stu_05123,class_008,18.05,41.37,52.53,55.99,36.8,20.82,51.78,5.0,574.0,3.0,0.0,8.0,4.0,high
stu_05124,class_019,51.33,62.6,63.6,53.24,57.62,44.78,35.31,1.0,1319.0,6.0,3.0,2.0,4.0,medium
stu_05125,class_016,90.16,80.03,94.29,97.91,89.9,91.57,17.83,6.0,1756.0,8.0,4.0,,0.0,low
stu_05126,class_025,68.82,71.08,61.2,74.69,57.46,15.53,56.33,5.0,1431.0,6.0,3.0,9.0,1.0,medium
stu_05127,class_038,35.74,60.04,57.45,53.89,55.76,94.11,40.55,7.0,1249.0,5.0,1.0,9.0,1.0,medium
stu_05128,class_008,46.5,90.42,69.6,64.04,62.09,47.16,22.3,7.0,1884.0,8.0,3.0,10.0,4.0,medium
stu_05129,class_038,37.8,20.4,24.13,37.95,29.04,42.66,34.24,4.0,507.0,3.0,0.0,7.0,4.0,high
stu_05130,class_036,87.74,90.32,73.06,62.45,83.86,73.09,24.98,15.0,0.0,8.0,4.0,14.0,0.0,low
stu_05131,class_019,19.47,43.39,89.57,79.65,53.97,74.53,29.3,5.0,1199.0,5.0,1.0,7.0,0.0,medium
stu_05132,class_016,91.61,85.13,79.94,83.63,83.84,71.61,28.84,6.0,1664.0,7.0,3.0,7.0,1.0,low
stu_05133,class_039,25.8,59.5,72.04,78.22,49.99,66.15,22.34,9.0,1752.0,8.0,3.0,13.0,1.0,medium
stu_05134,class_028,80.09,84.54,86.26,95.89,85.87,89.91,34.38,13.0,1732.0,7.0,4.0,7.0,0.0,low
stu_05135,class_016,62.67,71.24,70.95,74.1,67.86,60.98,72.43,5.0,1339.0,6.0,2.0,12.0,1.0,medium
stu_05136,class_001,64.4,82.05,56.48,46.22,63.64,51.93,39.1,4.0,1515.0,7.0,3.0,1.0,1.0,medium
stu_05137,class_014,77.97,75.5,87.4,100.0,80.34,69.79,18.75,16.0,1778.0,8.0,0.0,21.0,0.0,low
stu_05138,class_037,86.97,76.28,96.84,94.62,84.29,79.06,23.0,6.0,1476.0,6.0,4.0,9.0,1.0,low
stu_05139,class_010,60.91,52.19,49.82,41.38,56.42,61.6,42.44,1.0,849.0,4.0,1.0,0.0,2.0,medium
stu_05140,class_026,32.9,34.45,30.76,30.89,33.53,47.09,,2.0,661.0,3.0,1.0,1.0,1.0,high
stu_05141,class_024,94.89,74.68,88.38,100.0,81.21,70.98,15.86,6.0,1485.0,6.0,4.0,13.0,0.0,low
stu_05142,class_036,13.59,17.33,6.06,0.0,12.62,19.16,96.61,1.0,590.0,3.0,0.0,1.0,2.0,high
stu_05143,class_004,90.99,62.61,47.4,54.89,72.66,54.36,53.83,8.0,1573.0,7.0,3.0,0.0,0.0,medium
stu_05144,class_021,100.0,77.92,65.88,68.98,87.02,82.58,30.05,13.0,1614.0,7.0,3.0,12.0,0.0,low
stu_05145,class_002,45.33,95.43,63.06,58.57,63.74,73.55,54.93,4.0,1918.0,8.0,3.0,5.0,0.0,medium
stu_05146,class_036,28.52,62.52,32.88,33.22,42.11,47.37,18.68,2.0,995.0,4.0,2.0,4.0,4.0,high
stu_05147,class_039,91.8,61.08,73.19,71.55,79.48,68.26,24.71,16.0,1557.0,7.0,4.0,19.0,0.0,low
stu_05148,class_010,41.8,37.58,27.11,26.86,34.23,0.0,11.8,0.0,870.0,4.0,1.0,0.0,5.0,high
stu_05149,class_028,59.36,47.14,66.55,60.55,55.37,77.4,17.06,1.0,883.0,4.0,1.0,1.0,3.0,medium
stu_05150,class_017,33.47,55.18,49.79,32.84,44.32,43.96,29.91,7.0,5768.0,23.0,7.0,10.0,4.0,medium
stu_05151,class_035,77.85,53.37,32.76,23.64,56.23,43.3,47.59,2.0,1157.0,5.0,1.0,7.0,0.0,medium
stu_05152,class_038,84.47,95.56,66.33,74.2,75.39,56.99,19.77,0.0,2301.0,10.0,4.0,0.0,0.0,low
stu_05153,class_005,81.91,86.17,71.97,72.41,78.11,65.67,17.47,6.0,1685.0,7.0,3.0,7.0,1.0,low
stu_05154,class_009,,58.34,79.49,86.78,74.31,63.0,40.33,3.0,1110.0,5.0,2.0,6.0,3.0,medium
stu_05155,class_020,82.1,71.19,88.69,99.8,86.59,75.07,28.53,0.0,1489.0,6.0,4.0,15.0,0.0,low
stu_05156,class_020,80.28,100.0,93.43,91.56,89.07,82.74,22.78,12.0,2156.0,9.0,5.0,20.0,0.0,low
stu_05157,class_013,93.76,78.22,89.34,84.44,83.96,60.69,21.91,10.0,1902.0,8.0,5.0,16.0,0.0,low
stu_05158,class_027,88.18,92.24,100.0,92.72,92.89,100.0,31.71,8.0,1966.0,8.0,5.0,7.0,0.0,low
stu_05159,class_028,56.5,24.73,13.14,1.1,37.19,26.55,61.94,1.0,559.0,3.0,1.0,0.0,7.0,high
stu_05160,class_012,82.13,84.18,82.71,83.22,82.41,67.41,32.13,8.0,1636.0,7.0,4.0,10.0,1.0,low
stu_05161,class_010,75.27,83.4,87.24,98.85,82.36,89.93,8.98,6.0,1546.0,7.0,3.0,11.0,0.0,low
stu_05162,class_010,89.48,70.8,88.14,84.57,86.47,91.83,18.53,17.0,1808.0,8.0,4.0,25.0,0.0,low
stu_05163,class_038,22.24,72.8,53.92,57.83,51.6,58.07,36.66,2.0,1258.0,6.0,1.0,1.0,2.0,medium
stu_05164,class_011,39.13,67.01,58.57,54.36,61.63,80.91,17.13,7.0,1488.0,6.0,2.0,13.0,0.0,medium
stu_05165,class_036,14.22,44.94,52.79,59.38,34.39,54.42,23.04,4.0,933.0,4.0,1.0,1.0,6.0,high
stu_05166,class_012,58.77,58.11,45.06,73.72,56.55,64.5,39.7,10.0,5125.0,20.0,13.0,24.0,2.0,medium
stu_05167,class_039,66.75,61.61,78.56,71.65,67.72,69.94,42.16,4.0,1180.0,5.0,2.0,8.0,4.0,medium
stu_05168,class_030,85.98,71.58,94.64,100.0,87.2,80.29,38.74,14.0,1437.0,6.0,5.0,22.0,0.0,low
stu_05169,class_040,54.9,55.0,24.93,28.12,41.21,20.47,34.81,4.0,1116.0,5.0,2.0,4.0,1.0,medium
stu_05170,class_036,100.0,67.99,72.72,74.16,79.74,55.15,51.64,8.0,1426.0,6.0,3.0,16.0,0.0,low
stu_05171,class_040,9.75,31.52,68.07,76.97,34.37,60.06,38.89,0.0,544.0,3.0,0.0,0.0,2.0,high
stu_05172,class_025,88.0,78.23,86.9,80.28,82.49,65.42,26.33,6.0,1609.0,7.0,4.0,9.0,1.0,low
stu_05173,class_006,90.44,90.85,77.12,77.59,87.17,82.83,35.64,5.0,1850.0,8.0,3.0,2.0,1.0,low
stu_05174,class_015,,53.6,72.79,78.53,79.27,95.76,21.55,13.0,1380.0,6.0,3.0,11.0,1.0,low
stu_05175,class_032,47.08,39.3,31.54,24.54,33.96,14.52,,2.0,802.0,4.0,2.0,2.0,3.0,high
stu_05176,class_035,56.19,45.94,84.0,83.53,60.94,59.01,34.54,3.0,864.0,4.0,2.0,4.0,3.0,medium
stu_05177,class_019,83.28,79.54,74.36,77.2,83.75,90.0,22.01,18.0,1982.0,8.0,4.0,14.0,0.0,low
stu_05178,class_004,46.7,39.37,62.55,65.55,47.36,81.81,63.44,1.0,692.0,3.0,1.0,1.0,2.0,medium
stu_05179,class_001,65.6,68.39,66.7,78.64,65.75,82.83,69.25,1.0,1334.0,6.0,3.0,3.0,2.0,medium
stu_05180,class_012,12.98,34.31,44.52,52.08,27.85,0.0,20.16,4.0,736.0,3.0,2.0,2.0,0.0,high
stu_05181,class_001,63.74,64.9,46.22,42.38,55.84,26.62,31.17,6.0,,6.0,2.0,12.0,1.0,medium
stu_05182,class_024,91.6,77.4,99.55,100.0,86.43,62.74,16.89,11.0,1585.0,7.0,4.0,9.0,0.0,low
stu_05183,class_023,47.96,27.75,49.03,55.45,40.97,15.53,65.61,0.0,607.0,3.0,0.0,0.0,6.0,high
stu_05184,class_017,33.12,31.33,42.74,42.6,36.9,38.31,77.43,5.0,634.0,3.0,0.0,7.0,3.0,high
stu_05185,class_033,88.85,87.57,94.89,86.84,76.99,48.34,15.92,0.0,1919.0,8.0,4.0,0.0,1.0,low
stu_05186,class_038,77.69,,87.26,89.16,78.64,82.13,17.06,14.0,1912.0,8.0,3.0,18.0,0.0,low
stu_05187,class_008,63.97,23.12,78.46,68.92,52.08,44.59,54.07,2.0,333.0,2.0,0.0,2.0,4.0,medium
stu_05188,class_007,8.65,41.93,90.39,95.6,48.54,100.0,26.12,10.0,1589.0,7.0,3.0,11.0,0.0,low
stu_05189,class_034,85.96,70.12,75.64,74.93,78.35,82.79,19.43,6.0,1715.0,7.0,3.0,12.0,0.0,low
stu_05190,class_027,65.0,45.19,59.55,60.49,57.52,69.04,28.97,2.0,783.0,4.0,1.0,0.0,2.0,medium
stu_05191,class_031,100.0,93.28,80.28,66.5,90.19,82.61,11.12,11.0,1821.0,8.0,4.0,10.0,0.0,low
stu_05192,class_030,46.2,13.1,70.06,85.07,45.17,38.08,50.01,4.0,453.0,2.0,0.0,3.0,0.0,high
stu_05193,class_017,33.46,42.62,92.81,76.1,59.92,85.59,15.83,13.0,1786.0,8.0,3.0,14.0,1.0,low
stu_05194,class_035,94.01,83.27,78.11,79.11,84.21,84.46,28.72,11.0,1815.0,8.0,4.0,6.0,2.0,low
stu_05195,class_024,60.19,70.61,65.01,60.42,62.88,55.59,31.34,6.0,1196.0,5.0,1.0,4.0,2.0,medium
stu_05196,class_038,90.98,89.58,73.96,66.26,82.65,80.93,27.3,6.0,0.0,7.0,3.0,11.0,0.0,low
stu_05197,class_029,89.35,52.03,45.68,47.67,60.85,42.68,32.36,8.0,1037.0,5.0,2.0,13.0,5.0,medium
stu_05198,class_007,76.31,91.65,73.82,72.77,79.58,81.35,17.92,5.0,1865.0,8.0,2.0,7.0,0.0,low
stu_05199,class_033,53.61,63.05,59.2,59.54,60.76,48.92,25.64,5.0,1307.0,6.0,3.0,9.0,1.0,medium
stu_05200,class_029,26.31,42.54,43.93,38.8,34.08,49.1,48.88,3.0,804.0,4.0,1.0,3.0,3.0,high
stu_05201,class_029,81.09,85.33,92.27,93.61,87.61,83.93,12.33,16.0,2200.0,9.0,5.0,30.0,0.0,low
stu_05202,class_030,91.58,66.85,39.31,60.35,64.77,49.03,86.92,0.0,646.0,3.0,0.0,4.0,6.0,high
stu_05203,class_035,90.68,69.15,91.99,100.0,85.17,74.3,42.36,17.0,1916.0,8.0,4.0,25.0,0.0,low
stu_05204,class_023,33.6,38.18,81.52,90.06,50.39,47.71,58.9,6.0,928.0,4.0,1.0,6.0,1.0,medium
stu_05205,class_006,55.7,11.73,31.96,22.85,34.2,59.73,30.45,4.0,356.0,2.0,0.0,4.0,3.0,high
stu_05206,class_028,96.9,83.02,79.64,81.22,75.84,21.74,27.94,0.0,1845.0,8.0,3.0,0.0,0.0,low
stu_05207,class_013,74.56,94.67,100.0,100.0,76.2,19.08,15.53,0.0,2201.0,9.0,5.0,0.0,1.0,low
stu_05208,class_032,93.68,86.2,91.75,99.45,91.41,93.34,31.01,14.0,1699.0,7.0,4.0,20.0,0.0,low
stu_05209,class_012,86.25,91.21,87.32,98.75,89.59,77.46,37.91,10.0,2173.0,9.0,5.0,12.0,0.0,low
stu_05210,class_036,76.07,76.81,78.32,80.71,75.38,84.62,19.59,18.0,1857.0,8.0,2.0,23.0,0.0,low
stu_05211,class_035,49.69,55.02,37.34,24.8,42.83,0.0,48.51,0.0,1148.0,5.0,1.0,0.0,4.0,high
stu_05212,class_019,50.0,12.73,40.61,41.43,38.93,50.71,96.18,3.0,214.0,1.0,0.0,6.0,3.0,high
stu_05213,class_016,42.35,57.74,50.38,60.04,46.99,28.18,47.56,7.0,1261.0,6.0,1.0,8.0,0.0,medium
stu_05214,class_026,88.24,82.69,86.93,90.54,80.93,76.2,32.69,5.0,1524.0,7.0,4.0,9.0,0.0,low
stu_05215,class_024,53.01,65.94,63.68,67.28,63.98,85.5,55.34,6.0,1449.0,6.0,2.0,4.0,1.0,medium
stu_05216,class_017,79.61,68.27,89.73,91.03,76.19,57.82,29.22,9.0,1305.0,6.0,4.0,8.0,,low
stu_05217,class_007,80.53,80.77,87.57,89.48,82.72,88.44,26.25,9.0,1696.0,7.0,5.0,18.0,1.0,low
stu_05218,class_027,86.4,77.99,88.53,98.82,77.18,31.02,18.14,0.0,1626.0,7.0,4.0,0.0,0.0,low
stu_05219,class_016,73.81,77.01,88.45,96.37,81.45,67.14,25.79,13.0,1665.0,7.0,3.0,12.0,2.0,low
stu_05220,class_021,61.0,100.0,69.85,69.61,75.59,80.92,26.58,3.0,2032.0,9.0,4.0,4.0,1.0,medium
stu_05221,class_029,74.03,57.63,45.59,46.67,56.87,53.52,29.65,2.0,1017.0,5.0,1.0,2.0,1.0,medium
stu_05222,class_004,27.83,12.42,51.54,40.35,32.81,31.23,36.7,0.0,215.0,1.0,0.0,0.0,4.0,high
stu_05223,class_034,55.75,64.91,46.05,46.69,54.23,52.06,30.41,9.0,1418.0,6.0,3.0,13.0,0.0,medium
stu_05224,class_034,83.27,88.69,95.65,94.35,87.14,61.22,17.44,11.0,1829.0,8.0,4.0,18.0,0.0,low
stu_05225,class_022,94.9,58.89,73.43,73.2,78.81,80.87,15.91,8.0,1252.0,6.0,3.0,12.0,1.0,low
stu_05226,class_015,97.2,80.98,86.42,89.24,92.84,68.77,16.01,10.0,1824.0,8.0,4.0,9.0,0.0,low
stu_05227,class_027,92.95,74.08,94.01,94.12,86.22,84.38,22.58,13.0,1557.0,7.0,4.0,11.0,0.0,low
stu_05228,class_018,40.38,3.19,26.65,44.35,23.78,8.09,65.23,1.0,0.0,1.0,0.0,0.0,3.0,high
stu_05229,class_016,48.72,53.0,57.07,52.32,48.68,22.7,34.89,4.0,1013.0,5.0,2.0,3.0,1.0,medium
stu_05230,class_017,14.98,50.46,83.5,90.67,49.83,89.06,71.08,6.0,1426.0,6.0,3.0,9.0,1.0,medium
stu_05231,class_030,65.67,60.17,58.99,58.15,55.57,21.19,19.04,5.0,1615.0,7.0,2.0,7.0,3.0,medium
stu_05232,class_025,100.0,87.84,95.44,100.0,85.92,81.04,25.14,17.0,2066.0,9.0,5.0,28.0,0.0,low
stu_05233,class_015,80.98,94.4,87.49,93.05,89.6,91.73,33.01,15.0,2124.0,9.0,5.0,16.0,2.0,low
stu_05234,class_028,87.35,96.97,82.58,78.27,87.86,71.79,17.3,13.0,2226.0,9.0,5.0,9.0,0.0,low
stu_05235,class_037,90.09,78.01,68.95,76.5,78.76,82.11,60.39,7.0,1539.0,7.0,3.0,10.0,1.0,medium
stu_05236,class_033,57.61,48.85,61.54,59.33,59.75,68.75,55.35,8.0,1008.0,5.0,1.0,3.0,1.0,medium
stu_05237,class_023,88.53,79.29,88.71,100.0,83.15,79.8,17.43,5.0,1681.0,7.0,5.0,7.0,0.0,low
stu_05238,class_022,52.7,76.13,,68.49,63.26,54.37,31.63,3.0,1402.0,6.0,2.0,1.0,0.0,medium
stu_05239,class_009,86.98,77.31,84.17,83.08,77.97,60.28,30.8,7.0,1443.0,6.0,5.0,12.0,1.0,low
stu_05240,class_001,55.5,30.7,28.76,24.58,39.28,0.0,54.18,0.0,569.0,3.0,0.0,0.0,6.0,high
stu_05241,class_008,77.0,76.36,50.74,62.62,70.53,72.62,47.84,5.0,1518.0,7.0,2.0,7.0,1.0,medium
stu_05242,class_032,39.37,52.34,45.32,43.73,45.46,82.02,38.7,3.0,1079.0,5.0,2.0,7.0,2.0,medium
stu_05243,class_026,80.89,83.18,87.02,81.58,83.0,68.49,26.13,16.0,1959.0,8.0,5.0,,0.0,low
stu_05244,class_012,58.81,19.22,34.56,34.05,47.15,,60.82,8.0,402.0,2.0,0.0,8.0,2.0,medium
stu_05245,class_007,80.0,72.15,86.61,77.43,85.44,78.22,37.5,12.0,1617.0,7.0,5.0,20.0,0.0,low
stu_05246,class_008,74.76,76.25,,50.7,75.78,66.08,25.02,10.0,1704.0,7.0,3.0,6.0,4.0,medium
stu_05247,class_015,81.61,83.86,99.41,94.12,83.74,62.39,24.74,8.0,1795.0,8.0,5.0,9.0,0.0,low
stu_05248,class_030,52.26,34.51,92.37,98.05,67.67,73.07,22.66,10.0,738.0,3.0,2.0,13.0,2.0,medium
stu_05249,class_004,75.01,83.28,96.88,94.05,84.81,77.46,19.41,,2020.0,9.0,5.0,17.0,0.0,low
stu_05250,class_012,73.05,43.23,59.67,63.75,59.95,68.02,28.75,5.0,5809.0,23.0,10.0,13.0,3.0,medium
stu_05251,class_013,87.39,98.87,66.47,68.03,86.61,97.56,15.01,11.0,2300.0,,0.0,11.0,0.0,low
stu_05252,class_036,84.48,63.69,39.34,36.02,60.93,74.1,38.37,3.0,1102.0,5.0,1.0,0.0,4.0,medium
stu_05253,class_014,57.11,65.32,75.89,89.19,66.21,30.88,31.61,9.0,1361.0,6.0,3.0,10.0,1.0,medium
stu_05254,class_011,92.33,78.6,76.14,69.3,86.46,69.69,26.94,0.0,1963.0,8.0,4.0,15.0,0.0,low
stu_05255,class_037,82.09,100.0,32.76,27.42,70.45,43.9,43.95,5.0,1140.0,5.0,1.0,5.0,6.0,medium
stu_05256,class_005,78.11,50.99,52.57,48.94,68.76,72.66,33.49,8.0,5533.0,22.0,7.0,23.0,3.0,medium
stu_05257,class_026,62.7,36.23,47.47,58.62,51.12,39.42,26.76,2.0,908.0,4.0,2.0,3.0,2.0,medium
stu_05258,class_037,54.66,44.02,79.39,67.71,60.17,68.83,48.52,4.0,792.0,4.0,1.0,1.0,1.0,medium
stu_05259,class_017,91.77,75.45,89.39,70.49,85.78,85.49,26.61,10.0,1596.0,7.0,4.0,17.0,1.0,low
stu_05260,class_039,88.13,89.82,88.09,92.54,78.49,34.91,16.05,0.0,2029.0,9.0,5.0,0.0,0.0,low
stu_05261,class_017,41.21,16.05,30.81,19.72,29.65,32.47,30.07,2.0,238.0,1.0,1.0,8.0,7.0,high
stu_05262,class_036,80.34,93.36,72.06,78.54,82.21,81.14,15.92,16.0,2002.0,9.0,4.0,19.0,0.0,low
stu_05263,class_019,31.22,51.76,64.86,55.7,48.23,36.77,39.46,3.0,1166.0,5.0,1.0,5.0,4.0,medium
stu_05264,class_022,89.08,69.51,75.34,88.76,79.18,97.36,24.85,8.0,1684.0,7.0,3.0,12.0,0.0,low
stu_05265,class_001,21.95,0.0,7.91,9.21,16.51,49.69,125.98,2.0,0.0,1.0,1.0,2.0,1.0,high
stu_05266,class_002,88.9,79.53,81.71,71.48,83.97,75.61,25.63,17.0,1944.0,8.0,4.0,27.0,0.0,low
stu_05267,class_024,85.91,60.93,74.4,75.17,69.73,15.69,25.88,8.0,1260.0,,2.0,8.0,4.0,medium
stu_05268,class_008,70.97,65.29,90.52,86.16,82.16,81.94,20.98,13.0,1456.0,6.0,4.0,14.0,0.0,low
stu_05269,class_023,93.88,86.55,64.5,59.04,84.07,86.62,14.49,15.0,2015.0,9.0,4.0,22.0,2.0,low
stu_05270,class_011,40.8,67.7,34.53,37.39,47.44,45.66,34.25,5.0,1322.0,6.0,2.0,6.0,1.0,high
stu_05271,class_013,90.93,71.69,82.12,83.92,77.52,69.61,16.34,15.0,1649.0,7.0,4.0,20.0,1.0,low
stu_05272,class_020,53.35,63.69,71.75,75.45,63.09,67.68,46.24,10.0,1387.0,6.0,2.0,9.0,1.0,medium
stu_05273,class_017,85.82,39.61,48.43,58.77,64.83,79.05,30.95,2.0,5435.0,21.0,14.0,25.0,3.0,medium
stu_05274,class_030,70.06,78.47,84.6,81.54,77.72,66.7,26.25,16.0,2091.0,9.0,4.0,25.0,1.0,low
stu_05275,class_019,34.15,30.16,42.88,56.02,36.87,32.54,49.51,3.0,625.0,3.0,0.0,3.0,3.0,high
stu_05276,class_033,97.19,84.87,98.47,100.0,89.61,69.23,35.16,6.0,1687.0,7.0,5.0,6.0,0.0,low
stu_05277,class_004,86.1,69.39,97.0,99.05,83.28,83.23,22.22,13.0,1770.0,8.0,5.0,19.0,0.0,low
stu_05278,class_037,78.64,62.79,81.13,80.95,75.55,62.46,43.34,15.0,1736.0,7.0,3.0,12.0,1.0,low
stu_05279,class_027,57.44,57.87,62.54,67.15,60.09,69.95,75.65,2.0,0.0,6.0,2.0,2.0,2.0,medium
stu_05280,class_017,63.42,20.21,67.58,79.69,52.06,65.03,35.21,2.0,374.0,2.0,0.0,5.0,5.0,high
stu_05281,class_017,88.63,84.46,31.02,35.36,63.16,0.16,275.02,5.0,626.0,3.0,0.0,7.0,3.0,high
stu_05282,class_024,87.46,94.98,79.67,73.3,86.66,76.43,16.22,10.0,1733.0,7.0,3.0,15.0,0.0,low
stu_05283,class_026,32.45,54.53,45.96,41.2,40.23,40.18,53.51,4.0,1080.0,5.0,1.0,6.0,3.0,high
stu_05284,class_038,40.14,1.36,25.42,37.15,28.99,49.04,94.31,1.0,0.0,1.0,1.0,0.0,4.0,high
stu_05285,class_019,85.98,92.78,68.98,64.37,80.68,95.13,14.04,7.0,1689.0,7.0,3.0,11.0,0.0,low
stu_05286,class_030,81.79,70.69,89.03,89.65,82.18,82.99,15.86,14.0,1828.0,8.0,4.0,18.0,0.0,low
stu_05287,class_029,88.24,83.01,72.32,66.18,85.72,76.59,15.29,17.0,1849.0,8.0,3.0,27.0,0.0,low
stu_05288,class_020,35.87,17.05,30.9,30.3,29.15,45.62,37.09,2.0,319.0,2.0,0.0,3.0,7.0,high
stu_05289,class_015,88.56,77.67,82.42,93.75,82.81,73.36,21.12,16.0,1694.0,,4.0,27.0,0.0,low
stu_05290,class_031,17.72,17.21,39.31,44.36,18.74,9.51,43.52,1.0,266.0,2.0,1.0,0.0,6.0,high
stu_05291,class_009,79.89,66.69,54.73,60.04,67.82,66.62,180.61,7.0,1390.0,6.0,2.0,9.0,3.0,medium
stu_05292,class_018,78.72,99.1,74.33,69.55,80.29,97.61,16.01,16.0,1978.0,8.0,3.0,21.0,0.0,low
stu_05293,class_016,39.95,43.47,67.52,62.15,52.69,61.88,63.5,8.0,1339.0,6.0,2.0,,1.0,medium
stu_05294,class_017,100.0,70.92,81.85,73.56,72.08,36.96,26.76,0.0,1737.0,7.0,4.0,0.0,2.0,low
stu_05295,class_005,84.05,82.58,79.82,70.21,81.29,84.31,43.83,6.0,1667.0,7.0,3.0,14.0,0.0,low
stu_05296,class_017,0.0,36.15,4.96,10.02,18.25,50.99,60.86,4.0,897.0,4.0,1.0,3.0,5.0,high
stu_05297,class_027,81.57,82.03,92.42,94.16,88.55,83.82,33.59,8.0,1686.0,7.0,4.0,8.0,3.0,low
stu_05298,class_027,58.5,96.23,82.61,71.78,70.26,21.16,55.78,0.0,2049.0,9.0,5.0,0.0,1.0,medium
stu_05299,class_033,79.1,100.0,84.99,90.55,84.46,87.93,21.82,8.0,0.0,9.0,4.0,13.0,0.0,low
stu_05300,class_030,47.26,85.6,85.0,89.8,67.68,64.73,93.91,,1832.0,8.0,3.0,9.0,0.0,medium
stu_05301,class_031,93.49,69.07,81.44,81.66,84.37,83.53,25.95,16.0,1574.0,7.0,5.0,20.0,1.0,low
stu_05302,class_005,69.26,71.55,42.32,56.9,65.02,69.78,39.44,5.0,1591.0,7.0,2.0,3.0,2.0,medium
stu_05303,class_013,24.95,52.09,82.19,78.74,54.63,77.52,14.64,14.0,1773.0,8.0,4.0,15.0,0.0,low
stu_05304,class_007,68.48,46.88,63.62,68.9,56.57,27.39,42.62,0.0,1012.0,5.0,1.0,0.0,4.0,medium
stu_05305,class_022,50.28,,60.64,65.46,55.35,51.95,34.57,4.0,1030.0,5.0,2.0,9.0,0.0,medium
stu_05306,class_010,88.41,99.09,68.48,68.09,86.74,95.45,38.62,7.0,1974.0,8.0,4.0,12.0,0.0,low
stu_05307,class_024,48.98,35.3,79.98,94.89,52.93,18.93,62.96,0.0,671.0,3.0,1.0,0.0,5.0,high
stu_05308,class_008,90.31,78.37,79.23,78.41,83.48,88.36,19.63,18.0,1904.0,8.0,3.0,22.0,2.0,low
stu_05309,class_012,30.63,36.31,86.64,87.06,56.36,83.32,38.46,8.0,1676.0,7.0,3.0,10.0,2.0,low
stu_05310,class_003,96.31,33.56,54.63,,61.19,44.12,21.93,5.0,5642.0,22.0,9.0,11.0,2.0,medium
stu_05311,class_025,96.82,89.25,85.04,95.22,91.26,78.97,45.05,7.0,1944.0,8.0,4.0,14.0,1.0,low
stu_05312,class_040,91.49,60.23,91.83,92.36,82.12,72.35,16.46,8.0,1345.0,6.0,4.0,6.0,1.0,low
stu_05313,class_025,95.53,93.41,98.17,85.28,99.37,100.0,15.59,16.0,2090.0,9.0,5.0,15.0,0.0,low
stu_05314,class_020,84.58,85.84,82.5,83.12,72.02,29.78,25.74,0.0,1530.0,7.0,4.0,0.0,0.0,low
stu_05315,class_006,88.93,76.41,83.01,82.53,86.33,78.6,13.76,11.0,1699.0,7.0,4.0,13.0,0.0,low
stu_05316,class_011,96.61,100.0,76.42,75.9,85.18,34.57,26.55,2.0,1856.0,8.0,3.0,4.0,1.0,medium
stu_05317,class_028,30.46,58.29,46.48,58.67,40.1,16.59,59.96,3.0,1121.0,5.0,1.0,2.0,7.0,high
stu_05318,class_030,78.44,82.44,84.19,61.62,82.3,85.67,17.99,6.0,1552.0,7.0,3.0,7.0,0.0,low
stu_05319,class_012,47.71,38.77,55.25,48.59,51.6,61.44,44.68,9.0,1147.0,5.0,2.0,14.0,4.0,medium
stu_05320,class_022,90.79,87.36,87.06,89.01,81.62,32.34,24.68,0.0,1820.0,8.0,4.0,0.0,1.0,low
stu_05321,class_021,84.73,70.88,84.11,93.55,80.52,88.96,43.2,8.0,1658.0,7.0,5.0,6.0,1.0,low
stu_05322,class_034,86.66,90.39,84.0,85.03,89.72,81.73,24.45,9.0,1853.0,8.0,5.0,11.0,0.0,low
stu_05323,class_012,13.85,14.67,66.25,75.4,29.93,36.91,55.68,5.0,1299.0,6.0,1.0,8.0,1.0,high
stu_05324,class_023,100.0,91.4,86.72,92.51,95.28,97.01,15.1,5.0,1968.0,8.0,5.0,7.0,0.0,low
stu_05325,class_027,70.96,87.29,97.81,93.59,84.81,96.59,26.04,7.0,1810.0,8.0,3.0,9.0,0.0,low
stu_05326,class_022,78.49,82.33,87.88,88.22,85.27,84.47,24.89,17.0,2042.0,9.0,4.0,17.0,0.0,low
stu_05327,class_018,96.03,62.71,96.03,95.46,88.81,86.58,34.68,,1787.0,8.0,4.0,24.0,0.0,low
stu_05328,class_005,57.92,33.26,52.32,47.1,43.4,40.3,30.22,0.0,486.0,2.0,1.0,0.0,4.0,medium
stu_05329,class_037,57.1,53.78,79.2,95.78,62.66,47.89,63.65,8.0,1186.0,5.0,1.0,12.0,3.0,medium
stu_05330,class_005,31.24,83.26,27.65,19.91,37.22,14.65,23.89,0.0,0.0,,2.0,1.0,2.0,high
stu_05331,class_024,33.18,45.41,30.88,21.23,40.25,14.15,72.59,5.0,949.0,4.0,2.0,4.0,4.0,high
stu_05332,class_011,83.7,98.04,67.47,64.41,79.07,61.35,14.77,18.0,2126.0,9.0,4.0,19.0,2.0,low
stu_05333,class_016,94.07,76.47,77.42,68.79,81.24,62.89,43.47,7.0,1498.0,6.0,3.0,8.0,1.0,low
stu_05334,class_039,86.23,39.95,45.77,65.73,58.5,65.44,36.09,1.0,4595.0,18.0,6.0,20.0,5.0,medium
stu_05335,class_037,54.96,75.84,57.51,,58.81,61.25,62.5,7.0,1710.0,7.0,3.0,4.0,1.0,medium
stu_05336,class_016,83.34,78.01,48.16,45.82,68.44,73.13,49.58,6.0,1616.0,7.0,3.0,13.0,2.0,medium
stu_05337,class_011,64.94,22.55,42.65,31.35,38.82,21.93,96.21,1.0,502.0,3.0,0.0,1.0,3.0,high
stu_05338,class_018,30.92,16.57,44.18,36.96,29.99,53.64,68.75,0.0,292.0,2.0,1.0,0.0,5.0,high
stu_05339,class_039,82.28,85.06,88.25,88.97,75.26,45.52,35.92,0.0,1744.0,7.0,4.0,0.0,2.0,low
stu_05340,class_020,76.09,80.9,69.42,67.33,73.21,83.06,18.6,14.0,1754.0,8.0,3.0,8.0,0.0,low
stu_05341,class_003,18.67,23.53,18.59,17.45,20.71,20.44,65.55,4.0,588.0,3.0,0.0,6.0,2.0,high
stu_05342,class_033,18.48,57.94,51.06,46.71,46.43,42.8,39.99,1.0,1005.0,5.0,2.0,2.0,4.0,high
stu_05343,class_011,28.26,36.59,37.25,31.9,38.0,29.02,67.46,1.0,606.0,3.0,0.0,0.0,5.0,high
stu_05344,class_027,86.82,90.2,97.57,93.28,92.13,80.38,31.72,17.0,2094.0,9.0,5.0,25.0,0.0,low
stu_05345,class_005,68.07,47.95,46.97,45.44,57.27,33.7,56.65,6.0,980.0,4.0,1.0,9.0,4.0,medium
stu_05346,class_012,72.95,43.03,37.23,27.06,51.86,32.74,49.73,6.0,841.0,4.0,1.0,9.0,3.0,medium
stu_05347,class_027,53.78,51.18,27.02,14.77,42.83,21.86,71.91,2.0,923.0,4.0,1.0,3.0,1.0,high
stu_05348,class_022,40.83,71.7,40.51,49.63,47.4,35.13,73.04,1.0,1575.0,7.0,3.0,0.0,4.0,high
stu_05349,class_031,50.93,55.37,57.14,54.65,52.69,41.59,14.93,1.0,1107.0,5.0,1.0,3.0,2.0,medium
stu_05350,class_021,37.6,15.76,84.9,79.9,42.07,27.2,62.96,3.0,430.0,2.0,1.0,6.0,3.0,high
stu_05351,class_010,64.29,34.85,55.54,56.42,51.93,41.12,59.41,3.0,802.0,4.0,1.0,5.0,2.0,medium
stu_05352,class_004,27.32,55.84,54.03,65.04,40.47,16.33,36.45,2.0,1002.0,5.0,1.0,3.0,2.0,high
stu_05353,class_034,35.89,43.67,42.16,49.42,38.89,34.16,77.45,0.0,914.0,4.0,2.0,2.0,,high
stu_05354,class_028,81.15,77.48,69.73,58.83,81.06,91.03,15.69,6.0,1883.0,8.0,3.0,9.0,0.0,low
stu_05355,class_017,76.45,78.44,51.82,38.87,60.65,11.77,48.14,5.0,1525.0,7.0,2.0,6.0,5.0,medium
stu_05356,class_028,77.56,87.98,87.97,100.0,85.38,70.48,26.62,12.0,1742.0,7.0,3.0,10.0,1.0,low
stu_05357,class_028,45.64,13.37,48.84,50.63,32.26,32.75,82.13,0.0,228.0,1.0,1.0,0.0,4.0,high
stu_05358,class_008,93.64,84.46,76.53,72.36,85.4,74.88,21.71,7.0,1774.0,8.0,3.0,3.0,0.0,low
stu_05359,class_010,27.28,77.61,73.01,69.12,54.45,40.77,36.47,1.0,1564.0,7.0,3.0,0.0,1.0,medium
stu_05360,class_034,77.93,90.35,93.88,100.0,81.56,50.48,28.88,0.0,1931.0,8.0,4.0,0.0,0.0,low
stu_05361,class_031,39.02,61.11,77.62,87.65,58.28,69.26,24.46,15.0,1836.0,8.0,3.0,28.0,2.0,low
stu_05362,class_017,92.64,94.87,67.15,67.36,84.09,88.06,15.02,8.0,1978.0,8.0,4.0,8.0,0.0,low
stu_05363,class_012,22.31,37.36,86.37,71.36,41.07,29.46,23.02,1.0,580.0,3.0,1.0,2.0,2.0,high
stu_05364,class_020,,53.68,87.72,89.96,56.86,50.52,27.64,6.0,1062.0,5.0,2.0,2.0,,medium
stu_05365,class_017,92.6,93.78,,77.35,93.9,91.77,41.02,16.0,2070.0,9.0,5.0,13.0,1.0,low
stu_05366,class_040,50.24,81.97,38.11,34.57,53.66,17.14,34.76,3.0,1666.0,7.0,2.0,7.0,1.0,medium
stu_05367,class_021,42.95,21.54,57.98,60.46,43.14,62.58,39.17,3.0,5970.0,23.0,6.0,18.0,5.0,medium
stu_05368,class_021,75.12,50.13,55.91,50.48,63.97,63.39,63.13,4.0,921.0,4.0,1.0,7.0,2.0,medium
stu_05369,class_030,76.93,75.81,88.74,90.34,79.25,61.86,19.74,5.0,1320.0,6.0,4.0,3.0,1.0,low
stu_05370,class_038,90.82,74.77,69.07,67.71,71.62,65.0,19.08,0.0,1768.0,8.0,3.0,0.0,0.0,low
stu_05371,class_007,67.49,42.53,100.0,92.49,68.26,51.75,40.99,6.0,1013.0,5.0,3.0,10.0,3.0,medium
stu_05372,class_034,78.73,70.7,60.29,69.33,66.33,55.8,28.89,3.0,1433.0,6.0,3.0,2.0,1.0,medium
stu_05373,class_008,30.41,62.64,71.95,83.32,53.66,42.95,47.6,9.0,1357.0,6.0,2.0,9.0,2.0,medium
stu_05374,class_038,4.63,9.59,50.65,38.8,21.2,6.89,91.45,4.0,65.0,1.0,1.0,6.0,3.0,high
stu_05375,class_005,80.06,83.47,97.91,96.25,85.92,76.44,34.21,16.0,2131.0,9.0,5.0,10.0,0.0,low
stu_05376,class_012,62.86,77.96,67.92,66.01,65.95,64.83,36.24,4.0,1610.0,7.0,3.0,9.0,0.0,medium
stu_05377,class_040,66.46,97.59,81.95,76.09,82.62,79.08,14.62,5.0,1819.0,8.0,3.0,10.0,0.0,low
stu_05378,class_011,31.8,6.06,44.14,35.87,28.44,29.09,64.39,4.0,316.0,2.0,1.0,2.0,6.0,high
stu_05379,class_037,76.59,56.08,62.0,71.25,62.5,54.84,78.93,8.0,1063.0,5.0,1.0,7.0,2.0,medium
stu_05380,class_025,45.83,32.12,41.45,34.59,47.6,33.17,45.38,8.0,660.0,3.0,1.0,4.0,0.0,medium
stu_05381,class_032,72.53,57.76,87.11,81.99,71.04,74.33,20.84,7.0,1291.0,6.0,2.0,12.0,0.0,low
stu_05382,class_023,82.66,85.68,90.85,99.06,81.84,75.57,18.75,17.0,2102.0,9.0,5.0,18.0,0.0,low
stu_05383,class_004,79.51,87.04,84.14,88.44,82.56,69.48,22.89,16.0,2053.0,9.0,4.0,17.0,2.0,low
stu_05384,class_023,100.0,51.58,65.38,64.29,69.58,68.23,17.25,7.0,1164.0,5.0,3.0,4.0,2.0,medium
stu_05385,class_018,89.92,60.29,42.73,58.0,69.74,68.54,29.06,18.0,1616.0,7.0,3.0,18.0,5.0,low
stu_05386,class_016,66.53,53.09,78.8,80.93,67.27,63.8,47.96,10.0,1120.0,5.0,1.0,14.0,3.0,medium
stu_05387,class_002,83.42,65.72,78.08,80.0,79.01,100.0,18.4,13.0,1655.0,7.0,3.0,13.0,0.0,low
stu_05388,class_036,47.2,35.75,65.38,75.55,47.87,43.65,40.75,3.0,801.0,4.0,2.0,5.0,3.0,medium
stu_05389,class_020,84.32,67.98,82.25,82.42,82.55,100.0,24.71,16.0,1735.0,7.0,5.0,22.0,1.0,low
stu_05390,class_001,72.22,80.76,73.67,66.7,71.3,52.73,27.26,11.0,2003.0,9.0,3.0,9.0,0.0,low
stu_05391,class_024,48.39,57.79,89.16,79.3,56.0,55.12,35.04,3.0,939.0,4.0,2.0,4.0,1.0,medium
stu_05392,class_006,38.57,31.83,66.78,69.35,52.31,93.72,29.2,15.0,1889.0,8.0,3.0,15.0,2.0,low
stu_05393,class_028,28.81,45.04,73.66,72.37,50.66,85.79,22.12,5.0,1655.0,7.0,3.0,6.0,0.0,medium
stu_05394,class_029,78.5,62.29,68.01,60.04,70.96,81.53,17.89,2.0,1138.0,5.0,1.0,0.0,3.0,medium
stu_05395,class_021,79.25,82.18,100.0,97.04,86.23,98.6,36.7,14.0,1899.0,8.0,4.0,13.0,2.0,low
stu_05396,class_022,70.79,74.81,72.22,79.22,72.23,48.93,24.42,10.0,1389.0,6.0,2.0,9.0,0.0,medium
stu_05397,class_013,35.86,46.13,33.72,36.22,38.23,37.83,27.7,1.0,0.0,4.0,2.0,1.0,3.0,high
stu_05398,class_015,82.85,72.45,85.15,77.15,84.01,87.25,20.61,16.0,1747.0,7.0,4.0,17.0,0.0,low
stu_05399,class_020,88.45,94.99,74.64,66.45,87.8,82.31,22.73,13.0,2194.0,9.0,5.0,8.0,0.0,low
stu_05400,class_023,31.94,45.43,75.25,77.78,41.8,44.91,54.42,1.0,618.0,3.0,1.0,0.0,1.0,high
stu_05401,class_026,56.29,56.56,58.49,62.12,56.16,52.41,30.67,3.0,1367.0,6.0,2.0,2.0,2.0,medium
stu_05402,class_013,17.56,78.77,83.47,85.36,51.7,26.7,60.87,1.0,,3.0,1.0,0.0,2.0,high
stu_05403,class_032,78.05,95.07,91.75,91.23,88.25,80.89,17.75,8.0,2129.0,9.0,5.0,11.0,0.0,low
stu_05404,class_034,14.35,11.12,33.66,45.32,17.24,17.68,35.6,3.0,303.0,2.0,0.0,2.0,3.0,high
stu_05405,class_029,84.66,72.34,67.91,64.4,66.95,32.18,41.55,4.0,1391.0,6.0,3.0,5.0,0.0,medium
stu_05406,class_036,78.16,83.55,92.67,86.6,90.57,93.66,25.2,10.0,1537.0,7.0,3.0,15.0,1.0,low
stu_05407,class_004,17.9,36.14,46.07,48.95,36.0,63.5,50.18,0.0,785.0,4.0,1.0,0.0,2.0,high
stu_05408,class_017,47.7,17.69,53.83,54.98,38.65,36.54,69.01,1.0,302.0,2.0,0.0,1.0,1.0,high
stu_05409,class_014,86.82,83.08,87.19,95.79,84.08,79.64,21.62,10.0,1662.0,7.0,5.0,7.0,0.0,low
stu_05410,class_029,91.46,100.0,86.86,81.0,91.14,87.86,22.28,5.0,2045.0,9.0,5.0,7.0,0.0,low
stu_05411,class_019,47.83,36.02,40.78,37.44,46.31,51.57,70.23,9.0,834.0,4.0,1.0,12.0,5.0,medium
stu_05412,class_007,55.48,99.21,56.07,55.64,68.41,52.15,16.78,9.0,1844.0,8.0,3.0,11.0,4.0,medium
stu_05413,class_029,75.49,72.44,79.5,77.33,78.91,74.57,26.35,11.0,1750.0,8.0,2.0,12.0,1.0,low
stu_05414,class_008,54.62,58.3,51.18,58.59,50.51,42.4,32.3,2.0,1202.0,5.0,1.0,1.0,1.0,medium
stu_05415,class_030,100.0,81.6,75.14,73.16,90.7,81.83,20.24,12.0,1676.0,,3.0,18.0,0.0,low
stu_05416,class_010,82.25,85.75,87.1,87.59,81.81,,24.39,11.0,1962.0,8.0,5.0,10.0,0.0,low
stu_05417,class_004,71.37,92.86,75.88,65.48,78.55,48.0,31.1,7.0,2016.0,9.0,3.0,15.0,0.0,low
stu_05418,class_015,32.23,35.04,32.87,39.57,34.23,71.96,49.93,3.0,681.0,3.0,1.0,4.0,2.0,medium
stu_05419,class_027,85.45,89.97,84.09,90.44,87.4,85.63,19.09,14.0,1985.0,8.0,5.0,9.0,0.0,low
stu_05420,class_018,39.06,73.89,47.0,49.53,50.27,58.54,63.68,3.0,1289.0,6.0,1.0,4.0,3.0,medium
stu_05421,class_040,15.0,78.12,46.11,83.24,41.56,58.71,58.06,4.0,2549.0,10.0,14.0,19.0,2.0,medium
stu_05422,class_010,75.55,52.7,68.5,57.65,66.19,81.18,48.22,10.0,1251.0,6.0,2.0,15.0,2.0,medium
stu_05423,class_014,100.0,84.62,93.07,98.85,95.87,95.14,20.07,8.0,1762.0,8.0,4.0,0.0,0.0,low
stu_05424,class_028,100.0,81.69,71.34,70.87,76.78,39.98,21.77,0.0,1598.0,7.0,4.0,0.0,0.0,low
stu_05425,class_036,34.45,18.46,59.95,64.2,37.4,43.44,23.41,4.0,380.0,2.0,0.0,6.0,6.0,high
stu_05426,class_024,89.34,68.87,75.89,70.95,83.67,78.05,19.58,15.0,1612.0,7.0,4.0,25.0,0.0,low
stu_05427,class_008,22.53,27.76,41.77,49.58,29.98,38.61,36.94,5.0,682.0,3.0,1.0,5.0,7.0,high
stu_05428,class_021,94.57,73.1,87.52,78.73,86.41,88.39,20.06,17.0,1644.0,7.0,5.0,22.0,0.0,low
stu_05429,class_031,84.94,58.97,33.83,27.32,56.26,24.83,71.92,3.0,825.0,4.0,1.0,1.0,7.0,medium
stu_05430,class_015,68.38,91.29,56.88,47.2,67.99,,70.42,0.0,1586.0,7.0,3.0,0.0,3.0,medium
stu_05431,class_008,56.63,63.64,78.72,80.64,62.32,39.47,35.54,9.0,1389.0,,2.0,9.0,3.0,medium
stu_05432,class_017,82.49,84.84,77.08,69.63,80.19,74.98,16.76,5.0,1655.0,7.0,3.0,4.0,0.0,low
stu_05433,class_020,58.52,21.4,35.6,44.53,33.6,24.21,66.54,0.0,657.0,3.0,2.0,0.0,6.0,high
stu_05434,class_006,85.69,80.14,77.0,78.82,83.51,61.15,14.94,14.0,1609.0,7.0,0.0,21.0,0.0,low
stu_05435,class_006,86.73,71.74,89.4,88.34,76.29,37.83,21.85,0.0,1663.0,7.0,5.0,0.0,0.0,low
stu_05436,class_003,46.27,26.54,62.08,63.53,40.95,25.37,31.74,0.0,540.0,3.0,0.0,0.0,4.0,high
stu_05437,class_024,89.72,67.05,81.06,66.53,82.33,92.64,29.76,15.0,1755.0,8.0,4.0,0.0,1.0,low
stu_05438,class_014,4.32,18.62,51.72,47.25,27.93,33.47,82.84,3.0,421.0,2.0,0.0,7.0,5.0,high
stu_05439,class_039,29.1,41.79,17.65,12.78,29.91,34.67,49.81,4.0,905.0,4.0,1.0,5.0,5.0,high
stu_05440,class_018,86.15,84.12,88.14,92.06,83.02,84.73,46.45,15.0,2011.0,9.0,6.0,17.0,0.0,low
stu_05441,class_020,12.46,64.22,21.58,11.24,27.92,23.15,56.53,2.0,1214.0,5.0,2.0,0.0,5.0,high
stu_05442,class_001,78.24,82.52,82.1,87.92,82.03,83.45,38.68,8.0,1736.0,7.0,4.0,14.0,0.0,low
stu_05443,class_013,82.0,73.85,49.46,53.61,78.85,87.25,29.39,12.0,2009.0,9.0,5.0,14.0,4.0,low
stu_05444,class_022,44.47,24.77,8.85,4.99,22.17,8.36,121.96,3.0,485.0,2.0,1.0,3.0,1.0,high
stu_05445,class_018,54.56,36.22,59.72,59.2,53.2,58.83,23.69,10.0,927.0,4.0,1.0,15.0,1.0,medium
stu_05446,class_028,59.26,90.59,80.07,73.93,74.89,51.18,63.82,9.0,1901.0,8.0,3.0,4.0,0.0,medium
stu_05447,class_022,85.27,72.01,75.19,67.37,83.16,78.78,32.62,18.0,1822.0,8.0,3.0,20.0,0.0,low
stu_05448,class_037,23.36,24.99,36.01,49.71,31.26,51.73,65.32,0.0,828.0,4.0,2.0,1.0,5.0,high
stu_05449,class_035,39.49,25.86,36.42,42.04,34.28,5.07,35.66,2.0,574.0,3.0,0.0,6.0,2.0,high
stu_05450,class_028,74.59,60.21,86.89,100.0,72.55,87.69,14.35,7.0,1158.0,5.0,2.0,2.0,0.0,low
stu_05451,class_008,98.96,96.11,75.28,77.48,84.58,48.16,20.81,5.0,1811.0,8.0,3.0,4.0,1.0,low
stu_05452,class_027,80.9,70.14,76.7,81.76,76.09,87.48,33.87,15.0,1620.0,7.0,4.0,,2.0,low
stu_05453,class_033,36.97,26.7,17.35,5.38,30.31,41.29,31.68,3.0,786.0,4.0,2.0,3.0,2.0,high
stu_05454,class_026,63.56,51.0,67.17,76.78,57.41,39.9,19.98,3.0,1059.0,5.0,1.0,0.0,2.0,medium
stu_05455,class_011,68.91,77.99,54.92,38.9,60.38,44.83,35.92,1.0,5462.0,21.0,13.0,21.0,5.0,medium
stu_05456,class_012,98.47,68.19,53.12,46.91,62.97,34.18,33.62,0.0,1512.0,7.0,3.0,0.0,1.0,medium
stu_05457,class_032,61.12,80.18,35.97,44.62,54.51,75.7,54.89,2.0,1479.0,6.0,3.0,2.0,2.0,medium
stu_05458,class_021,36.01,35.73,84.98,82.73,55.27,86.74,15.7,17.0,1758.0,8.0,4.0,27.0,0.0,low
stu_05459,class_028,68.76,75.5,72.33,75.93,71.4,61.31,27.58,11.0,1733.0,7.0,3.0,8.0,0.0,low
stu_05460,class_021,95.19,50.24,91.53,100.0,85.56,89.17,27.67,10.0,1206.0,5.0,3.0,15.0,0.0,low
stu_05461,class_023,58.17,32.35,37.7,33.52,46.04,56.8,82.59,2.0,697.0,3.0,1.0,4.0,3.0,high
stu_05462,class_025,92.36,93.55,88.58,78.23,90.46,78.64,43.39,15.0,2037.0,,5.0,14.0,0.0,low
stu_05463,class_009,95.35,91.07,85.91,72.85,85.14,64.06,17.85,8.0,1805.0,8.0,4.0,14.0,0.0,low
stu_05464,class_006,57.76,43.42,49.62,41.47,54.69,58.11,68.79,3.0,774.0,4.0,1.0,7.0,2.0,medium
stu_05465,class_032,67.15,93.63,87.72,89.8,74.74,21.1,26.31,10.0,1758.0,8.0,3.0,22.0,1.0,medium
stu_05466,class_012,94.12,79.37,80.93,81.17,83.81,94.83,16.12,5.0,1437.0,6.0,4.0,1.0,0.0,low
stu_05467,class_012,34.9,23.8,44.59,40.92,30.59,1.93,132.07,2.0,592.0,3.0,0.0,4.0,3.0,high
stu_05468,class_001,17.75,21.38,41.8,39.52,25.86,13.49,84.98,4.0,527.0,3.0,0.0,6.0,5.0,high
stu_05469,class_036,94.85,89.53,85.62,83.46,92.18,88.37,42.94,15.0,2042.0,9.0,,18.0,0.0,low
stu_05470,class_034,37.44,18.26,49.57,44.53,39.43,41.07,74.34,5.0,473.0,2.0,0.0,6.0,4.0,high
stu_05471,class_005,86.83,88.8,90.36,85.9,85.68,59.57,22.79,6.0,1829.0,8.0,4.0,3.0,1.0,low
stu_05472,class_002,87.94,60.12,43.27,38.57,63.39,23.56,72.75,8.0,917.0,4.0,1.0,13.0,6.0,medium
stu_05473,class_025,48.75,87.24,62.24,56.06,62.64,51.38,14.21,2.0,1715.0,7.0,2.0,3.0,1.0,medium
stu_05474,class_030,31.51,43.4,44.04,50.16,39.99,68.61,68.55,4.0,988.0,4.0,1.0,5.0,6.0,high
stu_05475,class_024,66.83,72.48,44.63,41.15,63.79,68.98,34.43,9.0,1863.0,8.0,3.0,14.0,3.0,medium
stu_05476,class_021,86.92,89.81,,31.22,70.01,47.77,24.59,4.0,1343.0,6.0,3.0,6.0,6.0,medium
stu_05477,class_013,90.39,86.28,79.59,74.67,88.12,82.74,23.08,12.0,1937.0,8.0,4.0,18.0,0.0,low
stu_05478,class_017,41.93,23.87,35.03,5.74,32.79,10.53,42.45,0.0,,1.0,0.0,0.0,4.0,high
stu_05479,class_002,92.85,82.23,93.74,100.0,87.35,84.81,25.42,9.0,1697.0,7.0,4.0,16.0,1.0,low
stu_05480,class_006,100.0,69.76,82.15,97.59,85.3,90.18,46.85,15.0,1563.0,7.0,5.0,20.0,0.0,low
stu_05481,class_013,46.73,26.23,82.64,90.91,50.31,66.96,41.7,3.0,963.0,4.0,2.0,1.0,0.0,medium
stu_05482,class_031,81.35,61.1,32.69,40.35,59.96,78.75,32.36,5.0,1660.0,7.0,3.0,5.0,0.0,low
stu_05483,class_028,50.26,71.86,50.38,36.98,53.84,50.1,66.08,2.0,1431.0,6.0,2.0,3.0,8.0,high
stu_05484,class_017,64.18,93.49,72.13,61.99,77.5,,17.77,12.0,1911.0,8.0,2.0,24.0,0.0,low
stu_05485,class_014,76.43,87.36,90.31,93.77,83.91,87.53,19.96,13.0,1997.0,8.0,4.0,13.0,1.0,low
stu_05486,class_001,86.89,89.15,67.7,81.07,82.23,71.46,17.81,6.0,0.0,8.0,5.0,6.0,0.0,low
stu_05487,class_014,83.79,78.38,98.92,93.34,74.7,42.15,24.77,0.0,1418.0,6.0,4.0,0.0,0.0,low
stu_05488,class_008,95.41,58.07,88.68,96.18,83.13,91.73,15.27,15.0,1321.0,6.0,5.0,23.0,0.0,low
stu_05489,class_006,82.14,83.3,28.95,33.83,67.92,45.08,35.69,5.0,1622.0,7.0,3.0,6.0,2.0,medium
stu_05490,class_025,66.17,17.95,74.04,66.26,53.48,46.39,25.3,5.0,446.0,2.0,0.0,2.0,2.0,medium
stu_05491,class_029,31.53,60.04,66.85,71.09,55.1,,41.38,5.0,1269.0,6.0,1.0,7.0,1.0,medium
stu_05492,class_020,50.38,30.67,36.51,38.44,41.77,30.14,30.92,5.0,622.0,3.0,0.0,6.0,7.0,high
stu_05493,class_006,63.37,59.2,44.27,56.67,58.44,52.81,39.77,10.0,1480.0,6.0,2.0,10.0,1.0,medium
stu_05494,class_022,,50.72,55.69,68.07,66.75,89.05,22.89,9.0,1172.0,5.0,1.0,18.0,1.0,medium
stu_05495,class_013,81.88,86.86,98.84,100.0,83.68,66.94,33.57,,1801.0,8.0,5.0,5.0,1.0,medium
stu_05496,class_006,88.96,75.16,80.74,84.55,83.5,69.49,15.03,8.0,1511.0,7.0,4.0,7.0,0.0,low
stu_05497,class_016,33.35,47.04,77.4,72.03,58.27,100.0,27.56,16.0,2217.0,9.0,5.0,24.0,1.0,low
stu_05498,class_011,50.18,40.96,73.08,66.46,56.46,56.83,41.48,4.0,912.0,4.0,2.0,6.0,3.0,medium
stu_05499,class_035,76.88,66.38,85.88,85.17,79.73,99.0,38.82,9.0,1488.0,6.0,3.0,12.0,0.0,low
stu_05500,class_031,88.6,75.14,74.34,72.66,73.1,39.13,21.74,0.0,1791.0,8.0,3.0,0.0,0.0,low
stu_05501,class_014,42.26,26.99,46.43,62.13,38.4,27.69,206.73,0.0,597.0,3.0,0.0,0.0,1.0,high
stu_05502,class_039,26.08,21.25,4.56,6.11,21.94,51.74,69.82,4.0,563.0,3.0,1.0,5.0,1.0,high
stu_05503,class_031,77.39,82.38,61.93,63.67,60.59,0.0,25.14,0.0,1787.0,8.0,2.0,0.0,0.0,low
stu_05504,class_009,47.88,53.81,50.17,51.07,51.22,29.53,22.34,6.0,1181.0,5.0,1.0,8.0,0.0,medium
stu_05505,class_008,55.78,4.66,48.08,53.15,37.45,40.39,64.34,2.0,199.0,1.0,1.0,5.0,4.0,high
stu_05506,class_032,84.42,84.45,89.05,89.35,81.68,70.43,31.68,5.0,1533.0,7.0,5.0,6.0,1.0,low
stu_05507,class_024,44.75,75.02,44.38,45.54,59.73,61.92,28.78,10.0,1653.0,7.0,2.0,7.0,2.0,medium
stu_05508,class_032,92.02,78.36,89.96,93.24,90.17,76.77,27.06,14.0,1843.0,8.0,4.0,21.0,0.0,low
stu_05509,class_033,18.21,,63.54,71.62,41.2,46.99,51.88,1.0,1188.0,5.0,1.0,3.0,4.0,medium
stu_05510,class_013,75.41,75.86,68.23,78.59,70.38,79.47,18.63,7.0,1443.0,6.0,2.0,8.0,0.0,low
stu_05511,class_021,31.42,55.5,45.09,38.89,44.93,25.06,34.88,1.0,1192.0,5.0,1.0,0.0,4.0,high
stu_05512,class_009,100.0,81.8,76.77,77.06,87.94,55.84,30.18,14.0,1950.0,8.0,5.0,24.0,1.0,low
stu_05513,class_004,54.08,24.56,46.94,40.64,41.19,19.1,140.66,1.0,426.0,2.0,0.0,0.0,1.0,high
stu_05514,class_019,83.99,63.84,52.3,55.82,66.24,62.72,57.43,4.0,1212.0,5.0,3.0,6.0,2.0,medium
stu_05515,class_023,75.98,54.93,71.43,69.81,64.72,25.65,33.95,5.0,1111.0,5.0,1.0,6.0,1.0,medium
stu_05516,class_026,77.56,58.37,54.62,59.41,62.44,59.07,67.55,10.0,1271.0,6.0,1.0,15.0,2.0,medium
stu_05517,class_013,28.08,2.65,19.16,27.62,21.77,36.61,25.33,2.0,428.0,2.0,1.0,,3.0,high
stu_05518,class_017,74.86,80.87,96.83,100.0,84.16,69.25,17.86,10.0,1772.0,8.0,4.0,13.0,0.0,low
stu_05519,class_040,96.0,68.63,83.85,86.84,83.63,75.87,,10.0,1635.0,7.0,5.0,6.0,0.0,low
stu_05520,class_012,83.65,92.04,92.82,93.32,87.43,87.69,36.87,6.0,1746.0,7.0,4.0,2.0,1.0,low
stu_05521,class_031,56.3,63.92,86.07,84.46,64.02,44.3,43.83,8.0,1420.0,6.0,4.0,10.0,1.0,medium
stu_05522,class_001,39.86,1.99,38.04,46.33,27.27,18.4,33.5,5.0,0.0,1.0,0.0,4.0,4.0,high
stu_05523,class_022,38.0,32.24,,45.95,39.52,43.12,79.94,1.0,571.0,3.0,1.0,4.0,4.0,high
stu_05524,class_023,77.37,97.72,78.44,69.27,82.79,73.3,30.89,5.0,0.0,7.0,2.0,7.0,0.0,low
stu_05525,class_031,63.27,33.54,42.97,41.39,43.51,56.54,29.1,1.0,607.0,3.0,0.0,1.0,2.0,medium
stu_05526,class_034,83.92,76.75,86.38,80.63,85.65,77.44,31.05,17.0,1804.0,8.0,0.0,19.0,0.0,low
stu_05527,class_001,57.46,30.86,58.61,,52.01,79.32,53.19,2.0,609.0,3.0,0.0,1.0,0.0,medium
stu_05528,class_002,94.41,75.78,76.86,73.1,70.54,39.79,18.93,0.0,1823.0,8.0,4.0,0.0,0.0,low
stu_05529,class_026,26.57,97.73,96.58,95.59,67.12,74.6,56.9,8.0,1912.0,8.0,3.0,13.0,0.0,medium
stu_05530,class_039,84.89,73.45,76.82,,79.16,79.54,22.49,18.0,2024.0,9.0,0.0,16.0,0.0,low
stu_05531,class_022,98.3,89.62,69.23,57.08,88.84,54.07,27.74,6.0,1812.0,8.0,4.0,9.0,0.0,low
stu_05532,class_003,37.4,42.72,81.18,68.66,53.3,49.23,33.97,9.0,0.0,7.0,3.0,2.0,2.0,medium
stu_05533,class_021,68.0,80.73,79.54,76.23,74.01,100.0,22.9,9.0,1937.0,8.0,2.0,11.0,0.0,low
stu_05534,class_033,81.67,83.03,18.75,21.75,73.32,93.02,28.11,12.0,1506.0,7.0,4.0,20.0,6.0,low
stu_05535,class_039,91.61,99.73,95.18,97.62,93.0,75.36,16.86,8.0,2029.0,9.0,6.0,15.0,0.0,low
stu_05536,class_036,32.41,38.01,67.79,64.44,46.25,14.85,51.29,7.0,972.0,4.0,1.0,12.0,0.0,medium
stu_05537,class_023,36.86,5.41,25.39,14.27,25.61,46.13,36.12,1.0,264.0,2.0,1.0,2.0,3.0,high
stu_05538,class_002,85.41,74.1,27.57,24.78,66.26,44.53,27.67,1.0,912.0,4.0,2.0,0.0,4.0,high
stu_05539,class_012,11.14,15.62,7.83,15.16,15.07,8.46,98.6,4.0,377.0,2.0,0.0,4.0,4.0,high
stu_05540,class_017,84.71,86.39,79.5,77.64,81.73,90.53,,6.0,1648.0,7.0,0.0,9.0,0.0,low
stu_05541,class_008,33.31,10.0,82.1,76.12,39.62,47.53,79.76,2.0,337.0,2.0,1.0,2.0,3.0,medium
stu_05542,class_026,87.85,76.77,82.08,66.69,87.75,73.53,39.47,16.0,1681.0,7.0,4.0,16.0,0.0,low
stu_05543,class_008,25.2,25.42,44.86,29.63,30.8,50.21,74.85,2.0,445.0,2.0,0.0,0.0,5.0,high
stu_05544,class_004,41.5,75.19,45.28,86.66,49.72,65.72,55.75,7.0,2536.0,10.0,8.0,26.0,5.0,medium
stu_05545,class_018,56.16,36.35,12.25,3.48,33.56,24.08,142.99,0.0,494.0,2.0,1.0,0.0,2.0,high
stu_05546,class_010,59.91,56.47,46.16,44.75,50.43,16.12,79.63,4.0,1430.0,6.0,3.0,2.0,0.0,medium
stu_05547,class_031,67.16,61.35,50.44,54.15,58.52,31.0,38.12,3.0,1190.0,5.0,2.0,3.0,1.0,medium
stu_05548,class_024,74.23,100.0,66.43,70.64,80.15,78.23,30.93,18.0,2356.0,10.0,4.0,20.0,0.0,low
stu_05549,class_038,65.23,64.63,41.39,53.91,59.44,69.29,14.92,6.0,4689.0,18.0,10.0,24.0,5.0,medium
stu_05550,class_007,0.0,24.54,40.97,41.68,13.66,7.71,98.25,3.0,623.0,3.0,0.0,2.0,3.0,high
stu_05551,class_006,85.9,49.42,44.11,37.8,62.62,47.38,47.69,1.0,806.0,4.0,2.0,1.0,4.0,medium
stu_05552,class_038,22.59,64.75,74.93,89.31,49.12,31.94,56.52,4.0,1286.0,6.0,1.0,3.0,2.0,medium
stu_05553,class_007,74.61,88.52,80.25,78.71,77.65,50.74,28.74,7.0,1725.0,7.0,4.0,8.0,0.0,low
stu_05554,class_016,52.05,70.82,43.82,42.88,55.67,40.7,33.49,8.0,1386.0,6.0,3.0,6.0,2.0,medium
stu_05555,class_026,90.22,85.58,27.68,24.97,72.98,74.71,24.24,14.0,2208.0,9.0,5.0,16.0,6.0,low
stu_05556,class_031,100.0,73.37,80.54,69.44,79.18,50.25,28.55,0.0,1655.0,7.0,4.0,0.0,1.0,low
stu_05557,class_009,37.04,37.94,39.92,42.29,39.72,43.51,145.61,5.0,654.0,3.0,1.0,7.0,2.0,high
stu_05558,class_023,47.1,26.67,50.4,52.7,43.96,65.46,24.4,6.0,720.0,3.0,2.0,9.0,1.0,medium
stu_05559,class_013,89.28,92.19,88.1,86.54,91.11,97.61,38.49,9.0,1937.0,8.0,5.0,7.0,1.0,low
stu_05560,class_007,75.33,55.84,73.2,81.47,64.83,49.75,30.72,3.0,1176.0,5.0,1.0,5.0,3.0,medium
stu_05561,class_018,100.0,94.59,84.27,91.8,79.93,5.93,32.27,0.0,2063.0,9.0,5.0,0.0,0.0,low
stu_05562,class_035,62.1,67.86,61.22,54.95,64.18,60.83,35.6,8.0,1348.0,6.0,2.0,7.0,2.0,medium
stu_05563,class_026,30.82,57.44,100.0,83.3,63.43,70.51,24.67,13.0,1755.0,8.0,4.0,8.0,1.0,low
stu_05564,class_032,89.45,77.82,89.91,84.19,83.84,84.71,49.57,6.0,1597.0,7.0,5.0,5.0,0.0,low
stu_05565,class_039,81.53,68.94,73.02,62.02,78.51,80.45,21.59,5.0,1428.0,6.0,3.0,3.0,0.0,low
stu_05566,class_016,72.01,71.64,68.46,69.49,77.04,,25.42,10.0,1720.0,7.0,2.0,13.0,0.0,low
stu_05567,class_014,55.11,67.71,62.84,71.44,63.64,77.68,22.0,8.0,1575.0,7.0,2.0,15.0,0.0,medium
stu_05568,class_010,80.93,87.9,74.75,64.27,80.67,72.25,23.38,18.0,2116.0,9.0,4.0,16.0,1.0,low
stu_05569,class_029,48.84,38.3,41.84,36.15,40.65,28.06,26.45,4.0,1022.0,5.0,1.0,3.0,3.0,high
stu_05570,class_009,81.1,83.19,100.0,93.04,91.07,77.07,36.81,14.0,1623.0,7.0,5.0,19.0,0.0,low
stu_05571,class_033,60.33,19.6,31.4,27.63,39.3,66.7,34.19,3.0,608.0,3.0,0.0,5.0,1.0,high
stu_05572,class_036,55.02,65.63,50.14,45.96,47.46,17.39,40.18,0.0,1340.0,6.0,2.0,0.0,2.0,medium
stu_05573,class_030,37.32,53.47,86.67,85.18,59.42,50.12,72.93,8.0,1362.0,6.0,4.0,15.0,0.0,medium
stu_05574,class_008,50.78,62.93,85.25,91.18,69.64,82.8,60.58,8.0,1447.0,6.0,3.0,15.0,0.0,medium
stu_05575,class_038,69.18,69.34,43.62,58.11,65.1,71.89,87.48,8.0,1264.0,6.0,0.0,14.0,2.0,medium
stu_05576,class_021,77.53,95.69,100.0,100.0,90.49,72.92,29.4,13.0,2115.0,9.0,4.0,14.0,0.0,low
stu_05577,class_014,30.84,30.48,32.33,38.81,26.53,22.96,40.96,3.0,437.0,2.0,0.0,2.0,4.0,high
stu_05578,class_012,87.17,57.48,83.16,88.22,74.51,47.09,15.96,3.0,902.0,4.0,3.0,6.0,2.0,medium
stu_05579,class_040,94.96,56.63,76.25,73.59,77.65,65.88,119.79,9.0,1287.0,6.0,3.0,11.0,1.0,medium
stu_05580,class_009,24.15,20.2,93.24,96.27,42.47,62.33,37.47,5.0,578.0,3.0,1.0,2.0,0.0,medium
stu_05581,class_014,87.04,89.6,91.82,85.08,83.74,78.6,35.3,6.0,1696.0,7.0,5.0,6.0,1.0,low
stu_05582,class_035,78.57,79.65,94.66,92.21,79.7,72.96,20.25,8.0,1828.0,8.0,,5.0,0.0,low
stu_05583,class_033,94.21,73.41,93.59,80.64,86.63,78.59,38.89,11.0,1504.0,7.0,5.0,18.0,1.0,low
stu_05584,class_008,90.52,66.65,51.08,56.04,71.52,67.16,22.41,4.0,1169.0,5.0,3.0,4.0,2.0,medium
stu_05585,class_009,29.36,53.1,52.77,59.9,52.22,86.39,66.39,9.0,1247.0,5.0,1.0,11.0,4.0,medium
stu_05586,class_030,35.53,49.77,88.45,87.63,58.66,83.98,31.78,13.0,1196.0,5.0,3.0,21.0,1.0,low
stu_05587,class_040,75.64,65.43,50.0,53.54,67.13,77.12,27.97,5.0,1032.0,5.0,3.0,13.0,5.0,medium
stu_05588,class_022,84.06,95.25,97.24,89.08,89.12,85.54,18.11,6.0,1923.0,,5.0,3.0,2.0,low
stu_05589,class_037,97.01,88.84,74.24,66.95,86.4,85.48,39.6,18.0,2154.0,9.0,5.0,17.0,1.0,low
stu_05590,class_002,81.04,72.93,70.25,60.61,72.99,27.99,106.52,3.0,1603.0,7.0,4.0,0.0,3.0,medium
stu_05591,class_025,75.33,73.54,61.79,47.28,76.33,80.28,26.26,12.0,1555.0,7.0,2.0,7.0,0.0,low
stu_05592,class_030,59.34,69.45,46.07,39.15,64.74,65.25,75.62,3.0,1273.0,6.0,2.0,4.0,1.0,medium
stu_05593,class_021,92.05,78.17,81.25,91.51,89.9,83.72,21.21,9.0,1696.0,7.0,5.0,15.0,0.0,low
stu_05594,class_018,93.52,65.75,100.0,96.44,88.67,97.7,39.2,13.0,1645.0,7.0,4.0,20.0,0.0,low
stu_05595,class_038,37.8,30.35,38.71,20.12,35.58,0.0,487.51,2.0,723.0,3.0,2.0,2.0,3.0,high
stu_05596,class_015,88.97,68.11,94.68,91.84,77.94,67.1,28.08,11.0,1701.0,7.0,4.0,6.0,0.0,low
stu_05597,class_035,72.29,52.08,62.0,66.27,62.96,58.97,112.03,10.0,1301.0,6.0,3.0,10.0,2.0,medium
stu_05598,class_006,94.65,85.85,87.45,91.71,86.57,55.52,23.95,11.0,1798.0,8.0,4.0,17.0,0.0,low
stu_05599,class_016,54.21,18.7,53.26,52.1,47.09,39.49,45.65,5.0,551.0,3.0,0.0,6.0,8.0,high
stu_05600,class_004,83.01,94.09,90.59,94.85,84.05,78.22,38.77,8.0,2073.0,9.0,5.0,10.0,0.0,low
stu_05601,class_022,70.88,68.14,72.45,69.09,67.72,72.16,19.09,5.0,1493.0,6.0,2.0,7.0,1.0,medium
stu_05602,class_034,96.55,87.74,76.75,91.58,83.82,70.57,21.11,6.0,1701.0,7.0,3.0,7.0,0.0,low
stu_05603,class_026,96.73,83.07,82.89,81.28,86.77,96.88,19.57,18.0,2052.0,9.0,6.0,21.0,1.0,low
stu_05604,class_001,96.97,97.49,75.35,80.35,89.81,71.62,30.46,11.0,2031.0,9.0,4.0,17.0,1.0,low
stu_05605,class_009,85.96,54.99,80.7,73.14,74.32,76.95,36.4,7.0,1298.0,6.0,3.0,7.0,2.0,low
stu_05606,class_017,63.11,60.72,45.81,39.39,60.1,75.54,47.78,5.0,1382.0,6.0,2.0,7.0,0.0,medium
stu_05607,class_011,100.0,52.72,66.69,60.93,72.19,69.4,21.29,7.0,937.0,4.0,2.0,5.0,3.0,medium
stu_05608,class_021,19.28,15.93,2.32,7.93,19.21,37.35,34.36,3.0,642.0,3.0,0.0,1.0,0.0,high
stu_05609,class_022,74.24,77.93,81.43,77.77,72.07,43.08,32.74,0.0,1594.0,7.0,4.0,0.0,0.0,low
stu_05610,class_005,82.81,96.39,75.38,67.58,76.37,19.72,23.38,0.0,1966.0,8.0,0.0,0.0,0.0,low
stu_05611,class_001,63.11,58.84,49.43,57.5,64.03,55.38,79.16,7.0,1173.0,5.0,2.0,8.0,1.0,medium
stu_05612,class_007,53.98,75.37,60.67,63.44,65.05,53.02,48.61,9.0,4284.0,17.0,7.0,28.0,4.0,medium
stu_05613,class_001,87.07,67.0,58.63,62.65,66.07,27.06,13.88,5.0,398.0,2.0,1.0,4.0,4.0,high
stu_05614,class_037,94.22,83.27,90.03,78.17,96.21,83.69,28.07,10.0,1599.0,,4.0,8.0,0.0,low
stu_05615,class_005,86.04,76.42,100.0,95.66,86.48,78.62,23.06,8.0,1553.0,7.0,5.0,14.0,0.0,low
stu_05616,class_005,63.38,38.08,68.17,66.25,56.08,43.16,79.24,2.0,816.0,4.0,1.0,4.0,3.0,medium
stu_05617,class_006,88.35,80.92,80.6,82.58,72.25,27.61,22.89,0.0,1558.0,7.0,4.0,0.0,0.0,low
stu_05618,class_022,80.41,57.26,62.12,60.42,65.07,44.42,42.55,6.0,1367.0,6.0,4.0,6.0,5.0,medium
stu_05619,class_030,48.76,31.48,28.15,32.3,33.98,20.49,33.35,0.0,738.0,3.0,1.0,0.0,5.0,high
stu_05620,class_013,85.06,87.89,95.2,91.84,92.35,87.35,10.45,16.0,2036.0,9.0,5.0,19.0,0.0,low
stu_05621,class_012,77.54,86.79,93.31,95.17,69.54,6.9,24.74,0.0,1767.0,8.0,3.0,0.0,0.0,low
stu_05622,class_002,47.03,14.26,54.26,53.12,35.93,31.13,117.99,1.0,44.0,1.0,1.0,2.0,1.0,high
stu_05623,class_037,12.52,20.82,18.7,22.8,15.41,2.31,69.31,2.0,0.0,3.0,0.0,3.0,4.0,high
stu_05624,class_039,83.45,86.43,81.47,82.14,83.68,86.06,17.55,11.0,1897.0,8.0,5.0,11.0,1.0,low
stu_05625,class_015,42.1,75.63,63.71,69.75,60.76,35.43,24.67,9.0,1578.0,7.0,3.0,12.0,3.0,medium
stu_05626,class_027,69.23,58.39,55.28,59.92,64.49,40.47,12.27,9.0,1330.0,6.0,2.0,13.0,0.0,medium
stu_05627,class_020,72.84,22.13,34.63,42.43,50.78,60.2,52.02,6.0,656.0,3.0,2.0,10.0,2.0,medium
stu_05628,class_027,85.15,81.25,85.02,77.73,68.24,25.29,25.95,0.0,1880.0,8.0,4.0,0.0,1.0,low
stu_05629,class_010,88.74,98.71,86.47,86.72,77.48,31.9,41.76,0.0,1818.0,8.0,4.0,0.0,1.0,low
stu_05630,class_016,93.65,81.34,35.92,20.81,67.29,24.71,30.13,5.0,1073.0,5.0,1.0,5.0,5.0,high
stu_05631,class_005,24.63,13.34,55.82,36.95,32.05,59.96,56.33,3.0,119.0,1.0,1.0,4.0,3.0,high
stu_05632,class_008,90.65,78.23,53.02,43.12,74.17,72.11,54.13,6.0,1523.0,7.0,4.0,10.0,3.0,medium
stu_05633,class_006,99.93,72.59,55.93,60.57,72.24,44.33,54.94,5.0,1368.0,6.0,2.0,8.0,3.0,medium
stu_05634,class_037,93.39,91.11,91.65,86.69,91.98,79.49,25.02,10.0,1937.0,8.0,4.0,9.0,0.0,low
stu_05635,class_003,16.93,53.46,0.0,0.0,24.53,0.0,81.4,0.0,1167.0,5.0,1.0,2.0,4.0,high
stu_05636,class_004,33.91,19.94,64.13,67.87,43.87,42.24,41.98,5.0,694.0,3.0,1.0,9.0,1.0,high
stu_05637,class_013,79.16,80.82,82.34,90.27,80.07,61.23,28.19,10.0,1864.0,8.0,3.0,15.0,0.0,low
stu_05638,class_004,80.47,91.01,72.87,80.31,79.68,65.95,18.38,13.0,1920.0,8.0,3.0,21.0,1.0,low
stu_05639,class_017,81.56,93.04,72.3,76.62,84.59,71.23,21.0,14.0,1799.0,8.0,3.0,15.0,0.0,low
stu_05640,class_015,73.15,84.26,79.44,74.4,75.84,66.88,21.46,17.0,2194.0,9.0,3.0,16.0,0.0,low
stu_05641,class_031,78.47,96.55,98.74,99.38,86.32,71.07,16.41,17.0,2380.0,10.0,4.0,16.0,0.0,low
stu_05642,class_032,54.94,40.81,29.6,28.93,35.06,17.05,46.47,1.0,828.0,4.0,1.0,1.0,4.0,high
stu_05643,class_001,41.88,65.22,84.05,88.86,62.25,49.61,81.53,9.0,1439.0,6.0,3.0,11.0,0.0,medium
stu_05644,class_024,59.48,61.14,56.49,26.01,56.27,62.43,63.6,1.0,6100.0,24.0,12.0,13.0,2.0,medium
stu_05645,class_026,90.56,73.06,80.14,75.26,81.27,85.94,14.78,6.0,1469.0,6.0,5.0,13.0,1.0,low
stu_05646,class_031,91.18,65.66,95.89,92.49,85.93,80.9,18.62,,2016.0,9.0,5.0,32.0,1.0,low
stu_05647,class_023,97.4,99.64,85.85,92.54,96.18,93.2,23.7,5.0,1780.0,8.0,5.0,5.0,0.0,low
stu_05648,class_016,12.35,24.99,69.43,72.15,27.83,30.44,48.9,3.0,492.0,2.0,0.0,4.0,7.0,high
stu_05649,class_012,65.95,69.25,82.12,81.66,64.59,43.32,33.53,3.0,1412.0,6.0,3.0,,3.0,medium
stu_05650,class_007,76.98,97.0,80.39,84.25,74.22,34.42,19.12,0.0,2367.0,10.0,4.0,0.0,0.0,low
stu_05651,class_001,86.13,77.37,85.91,93.51,82.16,75.16,21.97,9.0,1631.0,7.0,4.0,11.0,0.0,low
stu_05652,class_024,87.53,73.5,34.57,39.55,67.05,51.85,22.79,6.0,1487.0,6.0,3.0,10.0,3.0,medium
stu_05653,class_005,40.76,66.67,58.21,56.01,58.93,67.98,46.35,7.0,1436.0,6.0,2.0,6.0,0.0,medium
stu_05654,class_017,55.83,75.65,72.23,77.04,63.6,34.78,56.46,2.0,1523.0,7.0,2.0,0.0,1.0,medium
stu_05655,class_011,93.97,75.28,76.06,78.18,83.09,76.48,20.5,13.0,1861.0,8.0,3.0,9.0,1.0,low
stu_05656,class_030,83.67,69.17,85.59,92.13,79.8,64.52,17.9,6.0,1160.0,5.0,4.0,7.0,0.0,low
stu_05657,class_007,94.9,65.84,92.8,95.24,87.54,93.23,23.55,17.0,1665.0,7.0,4.0,9.0,0.0,low
stu_05658,class_024,18.87,14.89,34.05,39.86,23.85,29.95,132.91,4.0,419.0,2.0,0.0,2.0,4.0,high
stu_05659,class_003,33.34,60.64,53.89,46.4,47.74,51.1,44.3,6.0,1530.0,7.0,2.0,8.0,2.0,medium
stu_05660,class_028,76.6,62.89,87.12,,75.58,70.33,29.69,15.0,1640.0,7.0,4.0,23.0,1.0,low
stu_05661,class_029,84.01,78.13,95.18,99.2,85.04,71.07,24.94,12.0,1834.0,8.0,4.0,8.0,0.0,low
stu_05662,class_016,91.23,98.06,91.06,91.12,95.59,76.06,24.0,8.0,1935.0,8.0,5.0,11.0,0.0,low
stu_05663,class_011,72.89,50.1,45.76,37.21,56.44,43.89,64.06,7.0,1060.0,5.0,2.0,11.0,4.0,medium
stu_05664,class_003,97.79,71.64,90.0,84.54,82.97,89.35,7.81,6.0,1207.0,5.0,4.0,9.0,1.0,low
stu_05665,class_032,82.99,61.72,61.51,64.06,68.91,68.15,22.51,2.0,1403.0,6.0,4.0,1.0,1.0,medium
stu_05666,class_036,58.03,71.69,71.48,69.98,66.29,38.66,32.49,10.0,1214.0,5.0,1.0,11.0,0.0,medium
stu_05667,class_010,86.74,65.13,40.58,49.65,70.07,83.15,27.19,9.0,1535.0,7.0,4.0,5.0,3.0,low
stu_05668,class_030,100.0,85.99,79.01,62.88,80.17,59.66,25.8,13.0,1952.0,8.0,4.0,11.0,1.0,low
stu_05669,class_001,,62.09,39.05,37.94,70.42,77.52,20.0,9.0,1938.0,8.0,3.0,15.0,5.0,low
stu_05670,class_017,47.35,19.96,15.0,26.39,37.1,54.05,46.71,7.0,445.0,2.0,0.0,10.0,4.0,medium
stu_05671,class_039,91.79,76.27,36.22,42.97,64.82,77.0,15.39,1.0,1206.0,5.0,1.0,0.0,4.0,medium
stu_05672,class_007,100.0,99.31,90.73,93.9,98.45,62.05,20.85,10.0,1990.0,8.0,5.0,14.0,0.0,low
stu_05673,class_023,94.62,58.89,96.62,89.06,85.61,88.62,30.67,7.0,1381.0,6.0,4.0,3.0,0.0,low
stu_05674,class_007,77.84,76.3,87.93,69.24,78.24,59.38,19.71,13.0,1687.0,,3.0,19.0,1.0,low
stu_05675,class_029,24.72,38.58,74.64,70.68,45.63,,35.92,3.0,723.0,3.0,1.0,6.0,3.0,medium
stu_05676,class_030,100.0,82.7,67.91,79.24,83.02,100.0,18.53,18.0,2184.0,9.0,4.0,17.0,0.0,low
stu_05677,class_004,87.56,87.64,92.47,93.05,85.47,89.13,33.11,5.0,1729.0,7.0,4.0,5.0,1.0,low
stu_05678,class_031,43.47,18.35,48.44,50.95,40.53,62.32,51.79,5.0,546.0,3.0,1.0,5.0,3.0,high
stu_05679,class_025,85.78,76.32,87.79,96.94,81.97,77.36,29.87,16.0,1756.0,8.0,4.0,14.0,0.0,low
stu_05680,class_007,65.62,61.09,68.6,62.36,61.89,51.81,46.15,3.0,1098.0,5.0,2.0,2.0,0.0,medium
stu_05681,class_034,76.09,38.23,42.42,50.14,50.17,40.23,82.34,3.0,756.0,4.0,1.0,6.0,4.0,high
stu_05682,class_014,44.34,60.37,55.81,63.93,43.99,31.22,26.02,4.0,1267.0,6.0,1.0,6.0,4.0,medium
stu_05683,class_010,84.91,78.29,89.31,90.63,87.56,100.0,56.86,10.0,1702.0,7.0,5.0,7.0,0.0,low
stu_05684,class_024,46.96,5.0,91.68,82.27,55.01,79.22,42.86,10.0,1896.0,8.0,4.0,9.0,0.0,low
stu_05685,class_027,79.33,75.42,85.07,89.17,74.26,76.67,36.23,18.0,1864.0,8.0,3.0,32.0,1.0,low
stu_05686,class_035,97.23,73.54,69.31,74.68,82.22,81.61,15.53,8.0,1492.0,6.0,3.0,8.0,0.0,low
stu_05687,class_035,75.51,66.92,93.43,88.62,75.73,66.61,43.59,3.0,1292.0,6.0,2.0,1.0,2.0,medium
stu_05688,class_029,98.85,61.59,81.64,82.54,85.16,79.8,18.94,14.0,1645.0,7.0,4.0,23.0,0.0,low
stu_05689,class_017,52.55,42.85,47.16,41.97,43.85,32.42,32.1,3.0,614.0,3.0,1.0,3.0,3.0,medium
stu_05690,class_023,48.51,65.08,88.18,84.05,62.03,43.68,51.19,10.0,1363.0,,3.0,16.0,4.0,medium
stu_05691,class_025,88.31,97.09,97.28,90.09,91.4,75.52,20.95,5.0,2073.0,9.0,5.0,10.0,0.0,low
stu_05692,class_002,85.01,65.69,63.27,72.06,76.3,74.75,23.6,7.0,1299.0,,2.0,5.0,1.0,medium
stu_05693,class_010,15.31,66.21,42.8,43.24,38.25,13.74,28.02,1.0,1161.0,5.0,0.0,0.0,1.0,high
stu_05694,class_024,97.06,82.56,85.26,89.38,90.54,73.65,17.3,11.0,2036.0,9.0,5.0,7.0,0.0,low
stu_05695,class_012,83.51,91.84,72.62,59.44,82.03,77.0,20.32,12.0,1969.0,8.0,4.0,10.0,1.0,low
stu_05696,class_035,100.0,41.03,,54.16,69.13,77.8,21.07,7.0,767.0,4.0,3.0,10.0,0.0,medium
stu_05697,class_040,29.13,26.85,41.63,37.44,28.23,16.88,144.08,1.0,462.0,2.0,0.0,4.0,2.0,high
stu_05698,class_026,69.26,69.26,84.95,70.76,66.3,14.45,21.97,0.0,1736.0,7.0,3.0,0.0,1.0,low
stu_05699,class_009,10.17,3.31,48.38,49.0,24.55,50.34,43.15,4.0,221.0,1.0,0.0,4.0,2.0,high
stu_05700,class_029,65.14,72.4,60.78,72.09,60.67,18.54,38.46,4.0,1377.0,6.0,2.0,3.0,5.0,medium
stu_05701,class_023,66.58,49.54,47.88,42.47,50.61,37.25,37.09,9.0,1244.0,5.0,2.0,7.0,2.0,medium
stu_05702,class_001,56.41,6.67,58.84,59.95,43.03,30.28,71.65,5.0,402.0,2.0,0.0,5.0,1.0,high
stu_05703,class_025,82.85,68.27,51.71,45.7,69.27,65.83,28.55,,1544.0,7.0,4.0,13.0,2.0,medium
stu_05704,class_005,64.34,54.57,45.06,31.31,54.03,57.97,36.92,5.0,1043.0,5.0,2.0,5.0,3.0,medium
stu_05705,class_029,30.47,61.77,81.31,78.92,56.27,86.1,43.93,6.0,1379.0,6.0,3.0,3.0,3.0,medium
stu_05706,class_003,81.98,77.01,81.97,73.58,78.53,85.96,23.49,12.0,1891.0,8.0,4.0,18.0,1.0,low
stu_05707,class_003,26.0,43.09,12.86,26.95,27.61,27.12,132.67,4.0,698.0,3.0,2.0,6.0,4.0,high
stu_05708,class_016,78.62,75.56,81.58,80.26,80.77,77.85,31.21,12.0,1824.0,8.0,4.0,14.0,0.0,low
stu_05709,class_028,73.79,73.91,97.42,95.42,83.22,91.37,25.08,11.0,1545.0,7.0,3.0,14.0,0.0,low
stu_05710,class_025,86.95,65.57,44.21,44.81,69.3,49.13,17.76,5.0,1183.0,5.0,3.0,4.0,1.0,medium
stu_05711,class_034,66.52,10.0,28.02,15.25,41.66,54.08,28.79,9.0,435.0,2.0,0.0,5.0,0.0,medium
stu_05712,class_014,57.38,75.19,74.84,86.03,66.88,63.82,57.19,7.0,3891.0,15.0,7.0,25.0,5.0,medium
stu_05713,class_026,22.62,26.89,86.96,84.08,37.04,53.1,28.81,1.0,1117.0,5.0,1.0,2.0,0.0,medium
stu_05714,class_019,13.57,52.7,26.42,23.77,29.65,30.91,66.21,5.0,982.0,4.0,1.0,4.0,2.0,high
stu_05715,class_029,89.15,90.6,72.42,74.62,86.9,99.28,22.47,14.0,1769.0,8.0,3.0,24.0,0.0,low
stu_05716,class_030,17.31,15.94,18.75,8.18,18.86,46.24,126.25,0.0,438.0,2.0,0.0,3.0,4.0,high
stu_05717,class_031,70.22,74.44,88.07,81.52,81.1,82.72,23.74,10.0,1439.0,6.0,4.0,13.0,1.0,low
stu_05718,class_035,81.68,96.86,76.43,70.17,87.41,96.59,18.92,10.0,1948.0,8.0,4.0,9.0,0.0,low
stu_05719,class_013,60.89,61.17,47.3,43.08,61.57,65.51,24.32,4.0,1509.0,7.0,2.0,4.0,2.0,medium
stu_05720,class_022,82.27,64.59,87.11,94.13,76.33,85.54,14.87,10.0,1345.0,6.0,5.0,16.0,0.0,low
stu_05721,class_022,43.51,1.27,54.86,51.67,30.02,2.11,36.84,4.0,150.0,1.0,0.0,6.0,5.0,high
stu_05722,class_038,86.84,73.91,70.71,77.86,83.81,82.0,21.27,12.0,1709.0,7.0,3.0,25.0,2.0,low
stu_05723,class_020,52.8,41.03,45.6,52.3,53.79,73.91,62.74,7.0,1047.0,5.0,2.0,9.0,3.0,medium
stu_05724,class_016,74.95,77.69,81.07,66.23,69.5,65.0,15.23,0.0,1752.0,8.0,4.0,0.0,0.0,low
stu_05725,class_023,84.89,80.09,95.5,90.63,88.86,97.16,22.32,10.0,1812.0,8.0,4.0,9.0,2.0,low
stu_05726,class_030,23.74,0.0,28.44,27.11,20.49,39.75,56.49,4.0,346.0,2.0,0.0,2.0,3.0,high
stu_05727,class_027,62.97,74.06,78.35,94.89,65.56,53.55,36.52,1.0,1160.0,5.0,1.0,0.0,1.0,medium
stu_05728,class_039,95.8,61.69,84.42,84.83,83.52,71.01,27.43,10.0,1200.0,5.0,3.0,16.0,0.0,low
stu_05729,class_027,78.5,71.8,51.74,49.54,67.13,63.85,124.64,1.0,403.0,2.0,0.0,0.0,6.0,high
stu_05730,class_035,34.25,39.93,78.4,83.06,46.38,0.0,97.76,0.0,88.0,1.0,1.0,0.0,1.0,high
stu_05731,class_005,44.09,63.24,13.19,0.0,38.1,19.95,54.77,1.0,1232.0,5.0,1.0,0.0,1.0,high
stu_05732,class_031,7.19,24.33,52.49,54.34,22.18,21.57,52.51,5.0,389.0,2.0,0.0,2.0,1.0,high
stu_05733,class_019,54.41,21.3,51.75,44.69,44.48,68.93,49.34,0.0,469.0,2.0,1.0,0.0,3.0,high
stu_05734,class_025,74.65,79.01,76.49,72.84,78.74,92.59,15.45,18.0,1801.0,,2.0,31.0,0.0,low
stu_05735,class_009,68.38,56.95,75.51,76.23,67.17,67.31,34.47,6.0,1108.0,5.0,1.0,5.0,1.0,medium
stu_05736,class_016,21.19,1.36,90.0,90.33,34.65,51.04,78.74,0.0,120.0,1.0,1.0,0.0,4.0,high
stu_05737,class_014,81.96,95.42,77.33,79.13,85.25,92.18,14.43,15.0,2162.0,9.0,5.0,7.0,1.0,low
stu_05738,class_011,44.34,36.11,46.92,47.21,41.65,42.51,18.19,2.0,743.0,3.0,2.0,0.0,0.0,medium
stu_05739,class_037,59.74,53.53,40.92,37.67,53.6,14.26,87.06,9.0,1167.0,5.0,2.0,12.0,4.0,medium
stu_05740,class_007,90.24,87.0,78.7,88.49,88.02,85.37,15.94,17.0,1824.0,8.0,3.0,13.0,1.0,low
stu_05741,class_038,20.45,22.33,71.89,74.79,36.27,61.55,33.81,2.0,734.0,3.0,1.0,2.0,0.0,medium
stu_05742,class_039,63.59,56.51,81.13,85.18,67.89,94.54,23.2,5.0,1119.0,5.0,3.0,9.0,1.0,low
stu_05743,class_020,86.98,87.28,73.97,73.7,82.74,73.03,28.39,11.0,1737.0,7.0,3.0,16.0,0.0,low
stu_05744,class_004,63.4,44.37,57.43,59.89,57.21,74.71,23.82,8.0,818.0,4.0,1.0,7.0,1.0,medium
stu_05745,class_026,70.46,35.97,65.88,63.46,56.79,30.53,39.53,6.0,878.0,4.0,2.0,6.0,3.0,medium
stu_05746,class_031,23.0,32.91,27.5,18.98,28.93,24.75,31.46,3.0,784.0,4.0,1.0,5.0,5.0,high
stu_05747,class_020,94.46,81.56,91.92,100.0,85.56,,38.43,,1739.0,7.0,4.0,8.0,0.0,low
stu_05748,class_015,74.55,56.7,58.98,57.21,67.2,63.67,37.35,,1429.0,6.0,3.0,0.0,3.0,medium
stu_05749,class_034,88.07,90.05,82.31,87.41,83.6,69.7,29.89,15.0,2068.0,9.0,5.0,26.0,0.0,low
stu_05750,class_010,85.89,95.9,75.51,80.67,93.59,100.0,24.98,10.0,1950.0,8.0,5.0,18.0,1.0,low
stu_05751,class_017,69.94,80.1,76.35,73.41,77.9,100.0,29.96,6.0,1387.0,6.0,2.0,6.0,0.0,low
stu_05752,class_016,94.23,95.04,93.51,89.41,93.05,75.82,18.72,9.0,1975.0,8.0,5.0,9.0,0.0,low
stu_05753,class_037,58.76,91.95,67.15,43.59,69.37,57.59,66.29,8.0,3343.0,13.0,8.0,29.0,3.0,medium
stu_05754,class_029,77.34,73.64,88.79,80.06,79.07,82.03,25.26,10.0,1400.0,6.0,3.0,16.0,0.0,low
stu_05755,class_015,77.05,80.54,82.56,89.1,74.24,54.36,30.06,9.0,1737.0,7.0,4.0,17.0,0.0,low
stu_05756,class_016,77.58,64.63,56.82,61.23,67.28,51.58,42.69,5.0,1235.0,5.0,2.0,8.0,2.0,medium
stu_05757,class_008,81.2,76.4,100.0,86.09,90.32,75.89,28.23,9.0,1599.0,7.0,5.0,7.0,0.0,low
stu_05758,class_023,70.08,35.45,29.24,20.91,47.61,80.87,30.47,3.0,674.0,3.0,1.0,3.0,0.0,medium
stu_05759,class_009,38.43,22.66,60.0,61.99,34.19,17.88,86.93,2.0,501.0,3.0,0.0,,1.0,high
stu_05760,class_031,79.48,87.64,72.36,72.35,67.09,47.02,23.35,0.0,1861.0,8.0,2.0,0.0,0.0,low
stu_05761,class_010,97.26,73.83,75.41,68.66,81.27,65.0,23.51,0.0,1445.0,6.0,4.0,0.0,0.0,low
stu_05762,class_010,87.58,91.2,85.4,89.02,90.67,84.97,30.77,14.0,2091.0,9.0,6.0,15.0,0.0,low
stu_05763,class_018,49.73,50.64,53.33,55.06,52.11,68.2,24.91,2.0,799.0,4.0,1.0,0.0,1.0,medium
stu_05764,class_008,71.87,47.08,34.18,23.74,51.99,48.98,26.4,1.0,1028.0,5.0,1.0,0.0,2.0,medium
stu_05765,class_028,82.48,100.0,72.83,65.35,83.42,78.92,24.86,13.0,,10.0,4.0,16.0,1.0,low
stu_05766,class_030,20.76,40.73,17.18,28.13,28.63,31.32,78.07,1.0,479.0,2.0,0.0,0.0,0.0,high
stu_05767,class_005,10.86,28.67,30.01,39.21,24.79,23.24,46.23,2.0,647.0,3.0,0.0,1.0,4.0,high
stu_05768,class_033,78.64,68.36,84.08,77.26,70.87,36.1,28.96,0.0,1401.0,6.0,3.0,0.0,1.0,low
stu_05769,class_016,100.0,90.21,78.09,82.56,85.08,67.47,20.9,6.0,1711.0,7.0,3.0,12.0,1.0,low
stu_05770,class_022,57.92,54.54,37.9,32.89,55.05,74.24,16.41,6.0,1151.0,5.0,1.0,10.0,0.0,medium
stu_05771,class_029,50.19,80.19,79.38,67.09,58.05,21.08,21.11,5.0,1418.0,6.0,3.0,5.0,1.0,medium
stu_05772,class_003,46.79,46.51,43.01,43.47,37.76,13.21,44.72,0.0,734.0,3.0,2.0,0.0,4.0,high
stu_05773,class_004,53.86,67.4,67.45,66.25,60.64,25.25,25.28,9.0,1598.0,7.0,2.0,16.0,2.0,medium
stu_05774,class_022,63.36,65.85,78.0,49.33,63.8,63.96,26.49,1.0,3102.0,12.0,6.0,18.0,2.0,medium
stu_05775,class_033,96.59,98.2,80.72,89.78,92.21,95.89,28.59,14.0,2214.0,9.0,5.0,24.0,0.0,low
stu_05776,class_029,80.57,70.71,92.54,87.74,70.69,51.38,23.41,0.0,1825.0,8.0,5.0,0.0,1.0,low
stu_05777,class_002,57.97,87.03,60.82,70.07,59.57,33.57,35.0,1.0,1510.0,7.0,2.0,1.0,2.0,medium
stu_05778,class_005,44.83,26.03,48.45,42.72,38.04,40.23,43.57,0.0,655.0,3.0,2.0,0.0,3.0,high
stu_05779,class_014,88.45,78.06,75.76,76.16,82.09,79.88,25.71,10.0,1607.0,7.0,4.0,6.0,0.0,low
stu_05780,class_036,89.45,100.0,82.04,76.08,92.24,75.78,,15.0,2057.0,9.0,6.0,19.0,0.0,low
stu_05781,class_007,90.29,81.92,68.56,73.7,87.11,95.44,25.02,18.0,2151.0,9.0,4.0,21.0,1.0,low
stu_05782,class_017,89.08,87.01,100.0,100.0,94.72,83.3,31.62,14.0,1740.0,7.0,4.0,24.0,0.0,low
stu_05783,class_036,90.34,87.02,79.26,89.58,89.25,85.38,23.13,15.0,2122.0,9.0,4.0,19.0,1.0,low
stu_05784,class_031,31.73,26.77,81.46,86.07,50.07,73.22,30.36,11.0,1681.0,7.0,3.0,13.0,0.0,low
stu_05785,class_037,29.37,54.49,76.13,80.87,51.59,63.41,38.89,10.0,1253.0,6.0,1.0,7.0,0.0,medium
stu_05786,class_023,33.74,36.89,79.78,96.32,45.87,26.37,32.3,4.0,552.0,3.0,0.0,3.0,0.0,high
stu_05787,class_032,97.87,79.8,78.66,72.07,82.56,50.03,42.96,14.0,1966.0,8.0,0.0,18.0,1.0,low
stu_05788,class_024,26.14,50.75,85.86,89.17,54.67,74.22,41.62,18.0,2090.0,9.0,5.0,16.0,2.0,low
stu_05789,class_021,49.66,58.84,68.06,75.05,58.14,80.98,28.85,7.0,,6.0,1.0,7.0,1.0,medium
stu_05790,class_016,79.73,70.16,86.3,87.66,80.07,72.59,21.54,13.0,1866.0,8.0,4.0,17.0,0.0,low
stu_05791,class_029,81.04,89.2,96.95,77.51,90.21,87.58,27.66,17.0,1983.0,8.0,5.0,12.0,0.0,low
stu_05792,class_027,77.78,73.4,87.38,84.76,76.98,70.32,20.96,12.0,1677.0,7.0,3.0,10.0,0.0,low
stu_05793,class_008,58.34,52.51,38.72,45.4,57.74,82.89,31.91,1.0,1011.0,5.0,2.0,0.0,3.0,medium
stu_05794,class_012,,78.83,90.8,84.91,86.19,85.04,27.79,10.0,1571.0,7.0,4.0,18.0,2.0,low
stu_05795,class_010,59.93,27.67,82.76,78.05,52.9,45.85,50.89,5.0,478.0,2.0,2.0,4.0,4.0,medium
stu_05796,class_020,85.31,67.96,55.35,63.5,71.27,79.56,44.74,6.0,1280.0,6.0,2.0,6.0,1.0,medium
stu_05797,class_035,87.19,92.54,75.57,71.59,80.67,86.33,36.12,12.0,2065.0,9.0,4.0,12.0,2.0,low
stu_05798,class_032,49.1,19.82,51.16,49.24,40.3,51.88,50.52,3.0,598.0,3.0,0.0,3.0,4.0,high
stu_05799,class_014,84.19,93.07,81.22,72.71,77.58,41.56,27.57,0.0,2162.0,9.0,5.0,0.0,0.0,low
stu_05800,class_001,44.04,97.63,84.79,87.08,65.38,66.1,29.55,3.0,1814.0,8.0,4.0,5.0,4.0,medium
stu_05801,class_031,86.86,82.24,87.94,100.0,82.37,79.15,22.46,9.0,1530.0,7.0,4.0,15.0,1.0,low
stu_05802,class_017,19.0,16.51,25.76,22.82,21.0,21.58,51.94,3.0,515.0,3.0,1.0,2.0,4.0,high
stu_05803,class_033,79.37,62.5,76.94,70.33,69.32,83.45,28.5,18.0,1646.0,7.0,2.0,19.0,0.0,low
stu_05804,class_010,62.34,62.75,69.35,64.94,62.59,58.11,56.81,9.0,1573.0,7.0,3.0,8.0,2.0,medium
stu_05805,class_031,67.83,77.6,55.94,54.35,71.98,70.98,35.53,10.0,1739.0,7.0,2.0,17.0,3.0,medium
stu_05806,class_006,87.05,88.66,83.39,79.05,85.5,72.89,21.19,6.0,1718.0,7.0,5.0,10.0,0.0,low
stu_05807,class_002,24.3,62.77,22.26,32.96,31.14,16.14,61.21,2.0,1234.0,5.0,1.0,4.0,3.0,high
stu_05808,class_006,81.09,76.51,100.0,88.63,80.4,71.21,28.51,12.0,1812.0,8.0,5.0,10.0,0.0,low
stu_05809,class_015,85.1,78.68,75.98,80.86,80.48,83.33,16.5,13.0,1746.0,7.0,3.0,20.0,0.0,low
stu_05810,class_029,92.17,86.77,86.89,86.53,84.0,65.04,14.32,6.0,1760.0,8.0,4.0,5.0,1.0,low
stu_05811,class_026,89.14,100.0,79.97,80.0,85.21,76.4,24.0,7.0,2143.0,9.0,4.0,9.0,0.0,low
stu_05812,class_011,44.07,49.83,57.29,52.71,52.11,63.54,63.22,6.0,1049.0,5.0,0.0,2.0,1.0,medium
stu_05813,class_028,37.47,48.0,67.17,77.49,52.74,77.65,28.29,2.0,1238.0,5.0,1.0,2.0,1.0,medium
stu_05814,class_014,79.86,49.92,46.42,52.5,60.73,46.48,23.04,9.0,1087.0,5.0,1.0,14.0,1.0,medium
stu_05815,class_012,26.69,52.52,34.24,32.75,37.17,48.69,36.32,5.0,962.0,4.0,2.0,10.0,5.0,high
stu_05816,class_020,48.18,25.85,37.11,33.89,43.49,9.12,70.76,2.0,368.0,2.0,1.0,7.0,5.0,high
stu_05817,class_024,38.4,29.16,17.16,19.9,32.41,56.72,23.32,2.0,601.0,3.0,0.0,2.0,1.0,high
stu_05818,class_009,85.52,74.53,86.68,81.54,80.45,98.4,22.68,18.0,1848.0,8.0,4.0,22.0,0.0,low
stu_05819,class_004,32.34,19.56,27.3,48.12,25.92,1.48,84.41,3.0,190.0,1.0,0.0,2.0,4.0,high
stu_05820,class_029,84.45,83.85,80.4,77.61,90.24,99.22,26.1,15.0,1817.0,8.0,4.0,23.0,0.0,low
stu_05821,class_011,89.1,85.15,100.0,99.31,87.12,65.26,13.53,7.0,1598.0,7.0,4.0,3.0,0.0,low
stu_05822,class_024,91.22,72.22,72.79,70.82,77.55,90.19,21.76,11.0,1750.0,8.0,4.0,20.0,1.0,low
stu_05823,class_003,95.87,42.66,74.35,79.54,74.9,69.36,25.72,4.0,922.0,4.0,3.0,5.0,0.0,medium
stu_05824,class_022,54.87,55.85,67.91,68.65,57.2,72.1,36.33,3.0,1006.0,5.0,1.0,4.0,0.0,medium
stu_05825,class_036,65.34,56.54,64.66,59.09,60.37,42.32,37.49,10.0,1349.0,6.0,3.0,11.0,3.0,medium
stu_05826,class_025,25.79,48.71,45.52,50.08,39.25,32.82,114.79,4.0,1168.0,5.0,2.0,6.0,2.0,high
stu_05827,class_034,81.46,60.33,93.98,99.57,79.81,82.48,37.68,12.0,1674.0,7.0,4.0,23.0,0.0,low
stu_05828,class_012,80.81,97.02,78.65,90.94,85.51,76.95,17.67,10.0,1951.0,8.0,5.0,0.0,0.0,low
stu_05829,class_001,47.05,50.91,30.27,31.84,46.84,90.6,63.16,6.0,1104.0,5.0,1.0,8.0,3.0,medium
stu_05830,class_020,21.11,25.38,22.83,29.97,24.64,18.68,57.27,5.0,586.0,3.0,0.0,5.0,3.0,high
stu_05831,class_001,70.82,87.37,75.72,70.26,71.1,30.44,28.62,2.0,1608.0,7.0,3.0,0.0,0.0,medium
stu_05832,class_036,96.32,74.84,88.82,88.2,80.23,18.76,18.4,0.0,1517.0,7.0,4.0,0.0,0.0,low
stu_05833,class_023,83.78,75.73,78.22,81.98,79.55,76.35,40.72,8.0,0.0,7.0,3.0,16.0,0.0,low
stu_05834,class_001,57.69,39.99,53.3,51.4,55.85,77.59,51.81,8.0,918.0,4.0,2.0,5.0,1.0,medium
stu_05835,class_019,70.45,21.32,38.46,46.49,37.79,12.16,63.9,3.0,385.0,2.0,0.0,5.0,6.0,high
stu_05836,class_036,28.69,43.47,64.38,77.81,48.98,66.93,30.5,7.0,1964.0,8.0,6.0,13.0,2.0,low
stu_05837,class_035,0.52,29.05,73.2,67.25,26.49,21.34,32.16,1.0,417.0,2.0,1.0,0.0,4.0,high
stu_05838,class_010,67.27,51.13,37.84,38.02,51.79,45.19,45.7,4.0,1130.0,5.0,1.0,2.0,2.0,medium
stu_05839,class_037,29.66,35.82,18.55,11.38,25.42,21.35,84.75,0.0,611.0,3.0,0.0,4.0,5.0,high
stu_05840,class_001,78.42,77.91,92.83,88.85,79.43,76.61,21.1,8.0,1556.0,7.0,4.0,5.0,0.0,low
stu_05841,class_016,66.51,62.58,81.7,77.95,73.27,91.08,30.74,9.0,1546.0,7.0,3.0,18.0,0.0,low
stu_05842,class_033,87.34,87.48,90.43,96.92,88.81,83.67,21.73,13.0,1954.0,8.0,5.0,18.0,0.0,low
stu_05843,class_022,81.67,60.33,39.12,36.02,71.07,82.21,26.47,14.0,1540.0,7.0,3.0,17.0,7.0,low
stu_05844,class_023,74.29,100.0,75.83,74.49,74.14,17.81,49.98,2.0,1687.0,7.0,2.0,0.0,1.0,medium
stu_05845,class_011,83.04,82.37,79.91,69.43,84.68,85.04,12.83,15.0,1808.0,8.0,4.0,20.0,0.0,low
stu_05846,class_008,62.62,36.96,45.81,40.36,51.99,73.54,44.83,1.0,858.0,4.0,1.0,3.0,1.0,medium
stu_05847,class_026,88.7,79.91,44.4,47.6,68.43,48.77,117.51,2.0,921.0,4.0,1.0,2.0,5.0,high
stu_05848,class_010,78.2,75.06,82.49,83.03,79.65,56.73,21.35,9.0,1448.0,6.0,3.0,8.0,1.0,low
stu_05849,class_003,93.7,40.59,79.31,74.5,73.0,66.26,50.58,8.0,1006.0,5.0,3.0,9.0,1.0,medium
stu_05850,class_017,40.99,44.54,40.67,39.25,43.53,33.72,39.37,10.0,1121.0,5.0,1.0,8.0,1.0,medium
stu_05851,class_007,84.45,64.55,30.35,21.34,67.03,84.02,66.55,7.0,951.0,4.0,1.0,10.0,3.0,medium
stu_05852,class_017,87.11,92.36,65.61,82.53,78.53,69.6,41.12,5.0,2646.0,10.0,14.0,19.0,4.0,medium
stu_05853,class_004,,85.42,89.37,83.87,88.99,74.46,17.91,10.0,1783.0,8.0,5.0,17.0,,low
stu_05854,class_022,54.15,55.58,57.59,67.7,51.68,24.22,40.33,6.0,1193.0,5.0,1.0,10.0,1.0,medium
stu_05855,class_028,82.01,76.32,85.06,82.91,81.44,88.63,37.97,17.0,2007.0,9.0,5.0,12.0,0.0,low
stu_05856,class_018,15.93,53.37,80.94,94.13,47.4,81.48,59.07,7.0,1710.0,7.0,3.0,9.0,2.0,medium
stu_05857,class_028,85.74,87.07,100.0,100.0,90.98,82.36,29.36,9.0,1882.0,8.0,4.0,17.0,0.0,low
stu_05858,class_034,80.69,48.49,33.73,28.58,53.79,20.78,29.03,3.0,649.0,3.0,0.0,4.0,6.0,high
stu_05859,class_015,85.27,80.18,89.77,83.02,87.58,84.38,15.88,16.0,2001.0,9.0,5.0,15.0,0.0,low
stu_05860,class_038,80.21,80.9,82.47,81.93,77.85,84.43,45.46,10.0,1662.0,7.0,4.0,14.0,0.0,low
stu_05861,class_015,80.96,97.17,81.34,78.48,85.34,84.42,20.05,17.0,2284.0,10.0,5.0,15.0,0.0,low
stu_05862,class_002,60.77,40.41,11.53,9.18,36.13,34.67,104.62,4.0,1066.0,5.0,1.0,7.0,1.0,high
stu_05863,class_028,100.0,90.27,74.57,73.49,91.01,81.46,16.52,10.0,2044.0,9.0,4.0,11.0,1.0,low
stu_05864,class_019,78.62,89.64,89.58,93.85,80.77,87.96,23.98,15.0,2316.0,10.0,4.0,0.0,0.0,low
stu_05865,class_021,84.17,73.64,81.64,68.37,72.88,41.43,11.71,0.0,1640.0,7.0,4.0,0.0,0.0,low
stu_05866,class_032,88.77,100.0,83.06,88.34,85.59,71.06,14.26,10.0,1806.0,8.0,4.0,17.0,0.0,low
stu_05867,class_028,84.28,88.88,71.62,75.22,84.58,75.11,34.21,14.0,1987.0,8.0,4.0,20.0,0.0,low
stu_05868,class_005,79.84,88.4,85.9,79.45,81.19,82.17,20.98,14.0,2100.0,9.0,5.0,12.0,0.0,low
stu_05869,class_011,77.03,42.84,3.66,12.01,39.69,33.47,66.98,2.0,749.0,3.0,1.0,0.0,3.0,high
stu_05870,class_011,83.56,62.14,84.42,88.54,73.9,,29.74,14.0,1618.0,7.0,5.0,11.0,0.0,low
stu_05871,class_025,91.92,90.71,89.98,92.66,89.44,74.53,13.82,9.0,1924.0,8.0,5.0,8.0,0.0,low
stu_05872,class_039,44.98,85.45,79.39,76.29,63.54,39.59,31.84,3.0,1610.0,7.0,3.0,3.0,3.0,medium
stu_05873,class_017,64.22,41.68,94.57,94.45,65.27,48.64,11.4,9.0,794.0,4.0,2.0,6.0,1.0,medium
stu_05874,class_022,39.85,51.73,26.58,25.85,48.2,47.07,36.77,9.0,1074.0,5.0,1.0,10.0,0.0,medium
stu_05875,class_036,47.23,41.11,65.23,70.75,53.78,74.67,42.65,9.0,809.0,4.0,2.0,10.0,1.0,medium
stu_05876,class_015,84.14,81.64,80.54,82.64,75.04,31.72,42.56,0.0,2073.0,9.0,5.0,0.0,1.0,low
stu_05877,class_023,75.71,67.16,80.5,72.47,76.79,87.01,47.74,13.0,1689.0,7.0,3.0,15.0,0.0,low
stu_05878,class_040,91.6,94.57,83.77,76.41,87.0,64.13,30.58,9.0,2074.0,9.0,5.0,10.0,1.0,low
stu_05879,class_024,45.94,28.42,51.71,54.27,42.49,46.86,119.23,2.0,520.0,3.0,0.0,3.0,5.0,high
stu_05880,class_011,89.66,94.53,87.72,82.37,87.81,79.32,12.54,15.0,2137.0,9.0,5.0,19.0,1.0,low
stu_05881,class_036,50.58,36.88,64.99,84.46,55.04,99.54,32.85,5.0,942.0,4.0,2.0,5.0,2.0,medium
stu_05882,class_009,83.12,91.03,95.95,99.88,87.06,95.57,19.46,17.0,2139.0,9.0,5.0,18.0,,low
stu_05883,class_015,63.71,65.82,61.15,49.47,65.44,42.69,30.64,8.0,1484.0,6.0,2.0,9.0,0.0,medium
stu_05884,class_026,78.21,90.17,100.0,100.0,83.47,91.11,18.99,8.0,1753.0,8.0,3.0,8.0,0.0,low
stu_05885,class_005,70.47,96.09,53.07,56.71,72.29,49.92,44.45,10.0,1915.0,8.0,2.0,16.0,1.0,medium
stu_05886,class_028,80.26,56.26,42.08,28.37,61.49,76.8,65.65,2.0,994.0,4.0,2.0,0.0,1.0,medium
stu_05887,class_018,90.58,86.38,77.73,86.92,92.27,89.17,20.03,18.0,1981.0,8.0,5.0,26.0,1.0,low
stu_05888,class_016,85.92,70.82,91.19,79.94,81.61,97.23,28.98,12.0,1432.0,6.0,5.0,12.0,0.0,low
stu_05889,class_017,90.39,81.34,77.81,83.34,80.29,84.6,21.07,17.0,1866.0,8.0,3.0,22.0,1.0,low
stu_05890,class_019,26.04,8.3,38.42,48.79,23.28,36.69,37.69,4.0,129.0,1.0,0.0,6.0,5.0,high
stu_05891,class_003,88.21,82.76,80.92,91.12,84.87,84.18,26.14,0.0,1803.0,8.0,4.0,9.0,0.0,low
stu_05892,class_017,87.74,83.79,83.0,79.66,86.47,85.46,20.19,17.0,2095.0,9.0,,15.0,1.0,low
stu_05893,class_009,68.74,78.72,53.86,28.17,68.84,48.84,30.95,5.0,4012.0,16.0,9.0,27.0,5.0,medium
stu_05894,class_009,94.67,72.82,88.62,89.61,85.55,72.31,16.33,13.0,1632.0,7.0,4.0,8.0,0.0,low
stu_05895,class_034,66.18,72.07,58.7,52.18,67.39,69.0,31.17,5.0,1135.0,5.0,1.0,6.0,2.0,medium
stu_05896,class_034,100.0,75.92,85.45,74.91,86.84,87.51,29.08,13.0,1907.0,8.0,4.0,20.0,0.0,low
stu_05897,class_030,87.42,65.06,74.79,74.04,67.73,55.09,47.27,2.0,1211.0,5.0,3.0,3.0,2.0,medium
stu_05898,class_019,76.96,77.61,94.78,100.0,87.3,83.61,33.66,9.0,1644.0,7.0,3.0,12.0,0.0,low
stu_05899,class_039,76.42,88.72,73.76,68.83,80.79,75.24,22.46,5.0,1822.0,,2.0,5.0,0.0,low
stu_05900,class_003,42.99,37.55,47.48,42.22,43.99,34.77,22.87,4.0,976.0,4.0,2.0,1.0,3.0,medium
stu_05901,class_021,38.48,,67.64,55.32,52.51,28.97,51.3,6.0,1504.0,7.0,0.0,8.0,0.0,medium
stu_05902,class_023,69.46,76.17,58.0,46.96,59.47,48.63,53.0,3.0,1514.0,7.0,2.0,1.0,1.0,medium
stu_05903,class_033,15.12,24.55,18.02,11.38,18.99,7.42,36.73,3.0,432.0,2.0,0.0,2.0,4.0,high
stu_05904,class_035,33.56,87.03,71.04,82.07,64.24,74.98,55.69,8.0,1700.0,7.0,2.0,7.0,3.0,medium
stu_05905,class_006,20.86,16.15,39.91,46.26,31.2,47.52,37.69,1.0,179.0,1.0,0.0,0.0,4.0,high
stu_05906,class_005,77.94,73.19,78.97,82.23,75.7,70.56,24.01,8.0,1633.0,7.0,2.0,14.0,0.0,low
stu_05907,class_004,80.68,98.64,86.16,100.0,83.21,52.89,16.56,14.0,2063.0,9.0,5.0,11.0,1.0,low
stu_05908,class_021,82.23,69.99,87.17,76.97,80.55,79.29,14.97,9.0,1513.0,7.0,4.0,9.0,0.0,low
stu_05909,class_013,86.72,84.37,73.47,71.76,82.96,69.96,31.41,13.0,2065.0,9.0,4.0,21.0,0.0,low
stu_05910,class_018,4.93,44.75,51.88,63.95,31.7,32.1,60.58,3.0,884.0,4.0,1.0,3.0,3.0,high
stu_05911,class_005,92.3,74.31,75.34,70.64,86.28,81.62,27.32,14.0,1716.0,7.0,3.0,11.0,2.0,low
stu_05912,class_037,17.85,4.74,12.48,1.99,15.64,15.85,62.18,4.0,125.0,1.0,0.0,5.0,2.0,high
stu_05913,class_031,87.97,83.43,81.33,71.48,81.83,78.69,27.34,5.0,1761.0,8.0,4.0,13.0,0.0,low
stu_05914,class_024,23.17,40.4,66.34,57.24,35.47,14.05,121.69,1.0,773.0,4.0,1.0,0.0,6.0,high
stu_05915,class_016,50.8,35.53,21.44,3.34,40.78,51.71,45.93,7.0,950.0,4.0,2.0,12.0,1.0,medium
stu_05916,class_033,48.77,,83.62,80.62,53.5,26.53,36.92,0.0,1333.0,6.0,4.0,0.0,2.0,medium
stu_05917,class_016,66.45,73.54,63.23,64.15,65.94,55.62,46.46,7.0,1472.0,6.0,3.0,2.0,2.0,medium
stu_05918,class_005,87.55,72.91,77.51,67.35,85.01,92.02,14.18,13.0,1704.0,7.0,4.0,23.0,0.0,low
stu_05919,class_024,38.21,35.03,18.0,28.85,35.16,42.75,43.5,2.0,776.0,4.0,2.0,2.0,3.0,high
stu_05920,class_004,78.34,64.65,80.63,88.98,69.78,62.36,46.36,6.0,1428.0,6.0,3.0,6.0,0.0,low
stu_05921,class_019,93.34,72.75,45.68,47.81,74.2,80.43,36.76,16.0,1726.0,7.0,3.0,9.0,5.0,low
stu_05922,class_014,51.94,45.65,47.19,53.98,45.58,9.86,59.3,5.0,793.0,4.0,2.0,9.0,1.0,medium
stu_05923,class_019,82.9,82.45,87.5,92.3,90.21,100.0,27.55,12.0,1895.0,8.0,4.0,21.0,1.0,low
stu_05924,class_005,71.19,78.57,70.53,,71.39,62.82,35.92,8.0,1533.0,7.0,3.0,15.0,4.0,medium
stu_05925,class_019,71.68,87.97,38.82,42.63,68.41,83.53,34.17,1.0,1601.0,7.0,2.0,0.0,4.0,medium
stu_05926,class_029,84.07,87.99,62.44,56.78,71.17,29.65,29.78,0.0,1930.0,8.0,4.0,0.0,0.0,low
stu_05927,class_036,47.26,32.29,63.24,71.83,42.06,36.31,44.7,6.0,745.0,3.0,1.0,7.0,2.0,medium
stu_05928,class_007,71.02,59.07,58.88,50.29,63.45,70.23,29.16,8.0,1266.0,6.0,1.0,5.0,0.0,medium
stu_05929,class_039,83.13,62.36,93.09,89.0,81.28,74.83,42.7,5.0,1172.0,5.0,3.0,7.0,1.0,low
stu_05930,class_012,67.88,64.41,,48.72,58.47,40.2,44.51,8.0,,6.0,1.0,5.0,3.0,medium
stu_05931,class_029,82.85,77.62,42.86,49.88,70.65,87.5,42.78,5.0,704.0,3.0,2.0,5.0,4.0,medium
stu_05932,class_029,,72.34,90.43,80.79,83.52,83.66,14.5,11.0,1473.0,6.0,4.0,15.0,1.0,low
stu_05933,class_012,89.34,100.0,91.35,89.43,95.36,76.74,18.28,14.0,2169.0,9.0,5.0,12.0,0.0,low
stu_05934,class_036,61.1,54.5,62.49,73.58,61.53,58.02,24.41,8.0,1151.0,5.0,1.0,13.0,0.0,medium
stu_05935,class_019,60.46,46.24,41.88,31.45,51.08,44.14,60.57,5.0,712.0,3.0,1.0,3.0,4.0,medium
stu_05936,class_020,62.25,37.57,77.08,88.94,53.13,33.59,40.46,0.0,896.0,4.0,2.0,0.0,1.0,medium
stu_05937,class_036,83.78,97.59,96.31,80.59,90.89,56.2,26.39,14.0,2184.0,9.0,6.0,17.0,2.0,low
stu_05938,class_011,52.72,84.42,84.39,68.61,67.16,56.39,58.58,5.0,1695.0,7.0,3.0,5.0,1.0,medium
stu_05939,class_002,63.33,19.9,53.21,60.41,48.82,63.9,30.47,3.0,496.0,2.0,1.0,6.0,1.0,medium
stu_05940,class_039,33.37,36.75,40.19,57.75,44.95,56.39,72.44,8.0,781.0,4.0,2.0,0.0,3.0,medium
stu_05941,class_039,69.14,88.09,85.33,89.25,74.9,76.63,39.44,3.0,1459.0,6.0,4.0,2.0,1.0,medium
stu_05942,class_022,76.04,94.86,81.82,89.88,84.15,69.16,27.8,12.0,2185.0,9.0,4.0,16.0,0.0,low
stu_05943,class_018,79.52,85.43,94.12,92.68,87.97,71.62,16.82,14.0,1745.0,7.0,3.0,22.0,1.0,low
stu_05944,class_038,64.18,68.79,49.03,51.82,63.56,65.42,20.77,5.0,1246.0,5.0,2.0,7.0,2.0,medium
stu_05945,class_019,67.99,73.85,87.01,97.66,79.99,90.15,31.36,17.0,1854.0,8.0,4.0,23.0,0.0,low
stu_05946,class_005,15.61,23.58,14.81,6.12,19.63,29.03,83.62,4.0,510.0,3.0,1.0,5.0,4.0,high
stu_05947,class_029,91.27,66.57,75.94,79.62,79.67,78.05,31.39,15.0,1642.0,7.0,3.0,17.0,0.0,low
stu_05948,class_012,43.04,8.73,3.64,4.42,24.92,35.79,138.75,5.0,209.0,1.0,0.0,5.0,2.0,high
stu_05949,class_006,76.79,81.76,79.92,79.38,83.48,89.98,23.46,11.0,1658.0,7.0,2.0,9.0,1.0,low
stu_05950,class_006,84.68,77.76,73.93,72.97,83.57,97.16,12.85,6.0,1402.0,6.0,3.0,4.0,2.0,low
stu_05951,class_009,22.4,39.08,17.68,17.22,19.26,0.0,59.41,0.0,826.0,4.0,1.0,0.0,4.0,high
stu_05952,class_011,95.2,79.63,79.78,76.73,85.65,87.95,46.25,8.0,1633.0,7.0,3.0,13.0,0.0,low
stu_05953,class_020,86.67,67.11,78.66,78.5,78.27,83.5,25.22,7.0,1454.0,6.0,4.0,16.0,2.0,low
stu_05954,class_017,82.7,48.92,51.85,60.15,58.74,64.84,41.89,2.0,833.0,4.0,3.0,1.0,3.0,medium
stu_05955,class_037,100.0,50.07,69.53,71.98,75.76,74.8,71.04,4.0,1017.0,5.0,2.0,4.0,2.0,medium
stu_05956,class_006,34.81,71.37,48.64,47.47,42.67,12.85,45.59,0.0,1375.0,6.0,0.0,0.0,4.0,high
stu_05957,class_029,67.77,67.56,32.76,35.37,50.7,36.78,50.03,4.0,1625.0,7.0,3.0,3.0,1.0,medium
stu_05958,class_040,92.84,80.3,23.25,24.93,66.57,62.09,43.41,8.0,1723.0,7.0,3.0,10.0,0.0,medium
stu_05959,class_028,80.24,95.67,86.81,94.45,88.37,68.98,10.38,9.0,2110.0,9.0,6.0,11.0,0.0,low
stu_05960,class_033,92.33,85.99,88.88,77.54,83.3,41.4,22.99,0.0,2021.0,9.0,5.0,0.0,0.0,low
stu_05961,class_025,66.91,100.0,90.24,90.11,83.84,74.82,20.41,18.0,2234.0,9.0,5.0,21.0,0.0,low
stu_05962,class_034,76.18,79.81,75.57,75.02,73.82,100.0,25.94,7.0,1450.0,6.0,3.0,12.0,1.0,low
stu_05963,class_016,44.48,77.51,67.93,71.51,64.59,72.05,26.69,9.0,1466.0,6.0,2.0,9.0,4.0,medium
stu_05964,class_015,77.36,43.88,35.29,27.72,51.43,24.01,31.14,3.0,814.0,4.0,2.0,0.0,4.0,high
stu_05965,class_004,15.58,78.85,86.83,81.86,51.68,61.39,32.75,1.0,1584.0,7.0,4.0,4.0,2.0,medium
stu_05966,class_034,17.67,40.1,54.54,70.61,35.78,49.85,38.57,1.0,482.0,2.0,0.0,1.0,5.0,high
stu_05967,class_037,96.75,79.86,88.09,72.85,91.11,98.91,43.33,14.0,1781.0,8.0,4.0,20.0,0.0,low
stu_05968,class_029,85.21,69.13,84.03,77.3,80.81,87.11,22.98,12.0,1777.0,8.0,4.0,12.0,0.0,low
stu_05969,class_038,37.54,64.82,86.12,92.19,59.5,27.5,60.06,10.0,1432.0,6.0,3.0,12.0,1.0,medium
stu_05970,class_040,100.0,76.22,94.34,100.0,89.9,74.03,19.8,10.0,1746.0,7.0,4.0,16.0,1.0,low
stu_05971,class_003,46.38,3.28,0.0,0.44,22.2,35.65,38.33,0.0,,2.0,0.0,1.0,2.0,high
stu_05972,class_036,78.98,86.55,79.34,83.0,80.2,82.31,39.61,11.0,2008.0,9.0,3.0,,0.0,low
stu_05973,class_026,95.38,67.06,69.61,74.4,86.09,88.66,31.56,12.0,1620.0,7.0,3.0,0.0,1.0,low
stu_05974,class_017,86.68,78.69,86.73,84.36,83.25,71.34,17.74,7.0,1552.0,7.0,5.0,8.0,1.0,low
stu_05975,class_039,53.02,26.62,77.74,89.57,56.29,57.09,68.13,10.0,856.0,4.0,1.0,17.0,4.0,medium
stu_05976,class_023,60.85,71.83,58.42,63.19,59.06,20.46,81.0,3.0,1308.0,6.0,2.0,7.0,3.0,medium
stu_05977,class_001,75.54,40.34,68.32,65.88,61.84,47.14,95.76,4.0,901.0,4.0,2.0,2.0,1.0,medium
stu_05978,class_036,84.9,80.21,84.72,85.42,85.81,83.34,39.41,14.0,1931.0,8.0,4.0,17.0,0.0,low
stu_05979,class_036,83.36,69.49,45.0,46.68,65.75,55.37,35.07,1.0,1171.0,5.0,1.0,0.0,3.0,medium
stu_05980,class_034,100.0,96.94,100.0,100.0,96.31,96.21,34.69,15.0,2124.0,9.0,6.0,25.0,1.0,low
stu_05981,class_029,83.62,83.96,94.97,100.0,84.38,64.92,20.48,,1966.0,8.0,6.0,18.0,1.0,low
stu_05982,class_020,77.78,68.15,73.58,78.77,65.34,20.72,71.14,0.0,1543.0,7.0,2.0,0.0,0.0,medium
stu_05983,class_004,100.0,74.62,77.99,100.0,86.92,71.61,17.05,14.0,1710.0,7.0,3.0,22.0,0.0,low
stu_05984,class_005,85.72,84.2,100.0,85.08,90.12,76.68,11.01,18.0,2305.0,10.0,5.0,14.0,0.0,low
stu_05985,class_017,82.52,68.79,87.73,98.55,80.08,91.64,15.53,14.0,1465.0,6.0,5.0,16.0,1.0,low
stu_05986,class_008,74.09,94.28,75.54,72.14,84.0,89.09,32.02,7.0,2028.0,9.0,3.0,7.0,1.0,low
stu_05987,class_020,100.0,72.87,82.44,72.32,83.25,82.26,20.4,7.0,1573.0,7.0,4.0,9.0,0.0,low
stu_05988,class_034,88.32,94.45,26.67,17.14,70.14,48.86,38.62,9.0,1404.0,6.0,2.0,10.0,7.0,medium
stu_05989,class_029,28.73,32.09,38.66,43.27,29.01,16.08,44.89,0.0,604.0,3.0,1.0,0.0,5.0,high
stu_05990,class_004,57.22,47.09,62.18,49.23,56.41,68.39,23.31,6.0,1016.0,5.0,2.0,8.0,1.0,medium
stu_05991,class_024,82.61,100.0,84.92,89.51,86.6,63.32,28.03,13.0,2355.0,10.0,5.0,13.0,0.0,low
stu_05992,class_028,76.58,78.08,90.33,84.04,83.97,83.8,23.28,16.0,2068.0,9.0,5.0,25.0,0.0,low
stu_05993,class_036,38.68,53.91,69.34,59.17,54.49,42.47,46.24,7.0,1298.0,6.0,1.0,,1.0,medium
stu_05994,class_037,45.23,46.88,57.45,49.92,55.53,41.56,57.77,10.0,1123.0,5.0,2.0,9.0,1.0,medium
stu_05995,class_016,100.0,69.9,62.98,63.44,75.92,65.49,52.67,9.0,1515.0,7.0,3.0,5.0,1.0,medium
stu_05996,class_003,74.97,28.4,81.27,89.65,61.03,17.83,55.7,1.0,483.0,2.0,1.0,1.0,3.0,medium
stu_05997,class_027,91.71,85.22,93.69,83.66,90.05,88.77,25.67,6.0,1575.0,7.0,4.0,11.0,0.0,low
stu_05998,class_019,,70.54,76.54,73.07,60.36,45.84,57.94,3.0,1222.0,5.0,1.0,3.0,3.0,medium
stu_05999,class_013,51.65,42.99,82.33,79.76,59.82,39.51,35.32,7.0,982.0,4.0,3.0,4.0,1.0,medium
stu_06000,class_003,19.56,35.86,56.68,66.63,32.19,5.9,52.36,0.0,800.0,4.0,1.0,,5.0,high
stu_06001,class_023,83.49,39.01,61.17,63.38,64.29,56.96,95.79,4.0,1125.0,5.0,2.0,6.0,0.0,medium
stu_06002,class_027,51.29,0.97,0.0,5.76,21.32,33.22,86.26,4.0,297.0,2.0,1.0,7.0,5.0,high
stu_06003,class_016,80.79,24.18,57.85,60.02,60.66,67.75,26.04,4.0,573.0,3.0,2.0,3.0,0.0,medium
stu_06004,class_024,37.19,38.16,14.52,17.9,23.19,1.43,26.07,1.0,805.0,4.0,1.0,2.0,2.0,high
stu_06005,class_037,32.81,46.53,46.85,49.99,40.65,51.93,123.87,4.0,1052.0,5.0,1.0,2.0,3.0,high
stu_06006,class_017,77.27,91.49,74.68,78.1,84.73,95.53,25.09,14.0,2105.0,9.0,4.0,15.0,0.0,low
stu_06007,class_015,29.53,33.78,20.6,34.9,28.97,23.87,88.15,5.0,693.0,3.0,2.0,8.0,3.0,high
stu_06008,class_034,79.89,88.11,93.19,87.98,89.97,59.48,48.23,7.0,1712.0,7.0,4.0,10.0,0.0,low
stu_06009,class_023,89.12,78.89,91.62,83.25,79.53,75.11,22.12,8.0,1771.0,8.0,5.0,7.0,0.0,low
stu_06010,class_001,64.75,39.89,33.11,32.59,48.46,41.62,72.57,4.0,776.0,4.0,2.0,2.0,3.0,medium
stu_06011,class_033,35.57,39.8,95.78,100.0,50.25,36.57,73.0,1.0,827.0,4.0,3.0,1.0,4.0,medium
stu_06012,class_020,76.7,85.22,87.54,90.66,82.17,93.28,19.3,15.0,1862.0,8.0,4.0,,0.0,low
stu_06013,class_012,78.14,77.11,82.55,75.47,82.15,91.43,46.79,13.0,0.0,8.0,3.0,11.0,0.0,low
stu_06014,class_008,54.13,14.36,73.69,83.12,51.6,41.18,31.55,8.0,395.0,2.0,1.0,15.0,2.0,medium
stu_06015,class_003,79.57,85.76,71.07,71.32,78.69,77.35,26.3,17.0,0.0,9.0,4.0,24.0,0.0,low
stu_06016,class_034,81.71,75.01,84.27,79.68,81.54,69.3,29.64,12.0,1891.0,8.0,5.0,24.0,0.0,low
stu_06017,class_006,12.38,33.57,42.03,37.6,30.37,41.71,129.37,1.0,919.0,4.0,1.0,0.0,5.0,high
stu_06018,class_009,47.56,18.71,53.06,42.2,39.59,23.87,20.88,4.0,409.0,2.0,0.0,7.0,2.0,high
stu_06019,class_040,51.34,69.31,44.18,31.06,51.75,42.48,65.14,7.0,1422.0,6.0,2.0,2.0,2.0,medium
stu_06020,class_006,26.88,18.55,49.21,34.49,26.52,33.47,56.9,0.0,385.0,2.0,0.0,0.0,5.0,high
stu_06021,class_004,21.67,26.64,84.32,100.0,45.07,100.0,39.55,5.0,1338.0,6.0,3.0,4.0,1.0,low
stu_06022,class_039,54.35,88.18,61.48,68.53,65.96,56.95,23.56,5.0,1626.0,7.0,2.0,7.0,0.0,medium
stu_06023,class_011,75.68,100.0,77.96,77.0,82.32,80.77,16.51,14.0,2128.0,9.0,4.0,23.0,1.0,low
stu_06024,class_030,96.66,72.86,90.52,79.79,88.57,83.91,44.53,16.0,1791.0,8.0,5.0,24.0,,low
stu_06025,class_025,45.17,79.19,59.63,63.62,64.02,80.22,38.92,9.0,1703.0,7.0,3.0,14.0,1.0,medium
stu_06026,class_012,86.13,60.93,24.13,43.66,66.03,75.4,23.69,6.0,1508.0,7.0,5.0,5.0,5.0,low
stu_06027,class_036,76.58,81.48,73.65,80.55,70.01,48.82,19.06,12.0,1907.0,8.0,2.0,17.0,1.0,low
stu_06028,class_025,53.82,43.89,40.79,47.0,46.18,53.69,35.25,7.0,943.0,4.0,1.0,9.0,1.0,medium
stu_06029,class_011,100.0,80.81,92.88,96.32,94.82,100.0,23.02,8.0,1440.0,6.0,4.0,11.0,0.0,low
stu_06030,class_018,17.96,8.84,42.35,43.85,21.97,10.37,28.43,4.0,432.0,2.0,0.0,7.0,4.0,high
stu_06031,class_029,54.96,67.4,46.31,48.65,60.75,88.23,113.55,3.0,1278.0,6.0,2.0,5.0,1.0,medium
stu_06032,class_028,84.67,91.34,100.0,100.0,87.02,69.65,17.82,6.0,1706.0,7.0,4.0,8.0,1.0,low
stu_06033,class_026,86.58,83.54,28.89,23.74,68.44,55.01,69.49,3.0,1548.0,7.0,3.0,3.0,3.0,medium
stu_06034,class_009,79.0,97.42,94.93,92.41,92.9,73.4,20.23,6.0,1917.0,8.0,3.0,5.0,0.0,low
stu_06035,class_017,54.34,55.1,38.1,36.02,46.14,39.0,39.1,0.0,1305.0,6.0,2.0,0.0,0.0,medium
stu_06036,class_024,67.29,24.62,55.64,54.11,47.1,51.53,16.43,0.0,394.0,2.0,0.0,0.0,2.0,high
stu_06037,class_023,26.96,27.32,91.08,86.32,52.34,82.75,24.11,17.0,1829.0,8.0,3.0,26.0,1.0,low
stu_06038,class_010,47.57,65.3,96.94,100.0,69.16,48.33,12.63,8.0,1209.0,5.0,2.0,0.0,4.0,medium
stu_06039,class_010,100.0,89.4,71.65,86.41,89.62,74.27,35.06,14.0,2139.0,9.0,5.0,22.0,1.0,low
stu_06040,class_015,86.21,76.15,74.34,88.11,81.98,100.0,13.87,15.0,1803.0,8.0,3.0,27.0,0.0,low
stu_06041,class_025,31.09,37.85,15.78,5.7,30.05,22.39,38.44,2.0,872.0,4.0,1.0,6.0,4.0,high
stu_06042,class_021,30.87,12.48,44.74,50.32,26.27,0.0,38.21,4.0,498.0,2.0,0.0,2.0,2.0,high
stu_06043,class_019,35.71,90.0,85.54,92.28,69.99,53.45,87.63,8.0,1702.0,7.0,3.0,12.0,0.0,medium
stu_06044,class_032,39.79,47.12,62.29,61.4,50.02,47.82,40.16,5.0,1012.0,5.0,1.0,2.0,2.0,medium
stu_06045,class_004,35.19,39.06,66.01,56.02,48.03,72.83,27.49,1.0,797.0,4.0,1.0,0.0,3.0,medium
stu_06046,class_030,86.14,71.23,63.85,50.4,76.86,73.22,35.34,10.0,1524.0,7.0,4.0,13.0,0.0,low
stu_06047,class_013,37.9,13.86,40.93,36.91,31.18,29.39,109.89,1.0,368.0,2.0,1.0,3.0,3.0,high
stu_06048,class_031,52.73,42.59,46.44,42.91,46.18,30.04,42.12,9.0,911.0,4.0,1.0,17.0,1.0,medium
stu_06049,class_020,49.41,41.6,35.25,34.77,42.25,52.54,41.69,2.0,1020.0,5.0,1.0,1.0,2.0,high
stu_06050,class_020,85.69,88.47,74.71,67.28,85.99,82.16,39.7,16.0,1876.0,8.0,3.0,16.0,0.0,low
stu_06051,class_020,38.36,72.82,69.05,75.52,63.52,65.5,33.57,8.0,1700.0,7.0,2.0,13.0,0.0,medium
stu_06052,class_009,100.0,57.15,49.7,63.27,68.69,63.67,28.03,1.0,4356.0,17.0,14.0,21.0,2.0,medium
stu_06053,class_040,52.09,56.89,54.95,55.96,53.03,96.58,38.36,3.0,997.0,4.0,1.0,0.0,2.0,medium
stu_06054,class_011,65.99,68.97,75.5,73.65,65.87,44.26,20.48,2.0,1338.0,6.0,2.0,1.0,1.0,medium
stu_06055,class_033,78.4,50.07,100.0,100.0,66.24,54.49,48.91,1.0,994.0,4.0,3.0,0.0,2.0,medium
stu_06056,class_020,45.84,40.82,65.82,66.84,50.09,61.45,52.06,0.0,773.0,4.0,1.0,1.0,2.0,high
stu_06057,class_012,89.16,86.67,100.0,94.76,90.7,66.97,27.55,18.0,2160.0,9.0,5.0,33.0,0.0,low
stu_06058,class_031,55.58,54.55,55.69,59.03,44.5,21.62,34.16,1.0,973.0,4.0,2.0,2.0,1.0,medium
stu_06059,class_034,63.23,85.37,33.77,33.71,59.17,44.96,57.46,3.0,1550.0,7.0,2.0,2.0,1.0,medium
stu_06060,class_030,69.22,30.55,57.72,57.47,51.92,59.94,49.82,2.0,777.0,4.0,1.0,5.0,1.0,medium
stu_06061,class_001,72.85,80.06,80.51,77.39,77.23,72.81,18.91,12.0,1618.0,7.0,3.0,10.0,0.0,low
stu_06062,class_011,95.94,70.34,94.47,98.29,81.29,71.35,16.15,9.0,1320.0,6.0,5.0,9.0,1.0,low
stu_06063,class_037,22.63,19.96,38.1,19.62,27.86,52.58,113.08,1.0,154.0,1.0,1.0,2.0,2.0,high
stu_06064,class_013,67.91,75.68,75.16,68.29,71.77,69.7,32.87,4.0,1482.0,6.0,3.0,2.0,0.0,medium
stu_06065,class_020,17.73,39.99,47.96,48.5,31.06,33.45,67.9,1.0,727.0,3.0,1.0,1.0,4.0,high
stu_06066,class_012,70.6,19.25,92.77,100.0,59.42,50.46,103.44,7.0,472.0,2.0,1.0,7.0,1.0,medium
stu_06067,class_011,44.68,45.67,51.96,45.32,47.19,30.3,48.09,2.0,888.0,4.0,2.0,2.0,5.0,high
stu_06068,class_017,79.79,43.8,48.07,61.55,60.25,50.57,45.11,6.0,822.0,4.0,2.0,9.0,0.0,medium
stu_06069,class_036,82.92,,74.19,79.63,77.12,70.3,18.71,11.0,2065.0,9.0,5.0,9.0,0.0,low
stu_06070,class_022,90.66,93.66,87.62,98.41,89.24,81.46,16.81,14.0,1872.0,8.0,4.0,23.0,1.0,low
stu_06071,class_011,81.09,90.18,90.96,85.8,86.43,87.74,38.59,10.0,1877.0,8.0,5.0,7.0,1.0,low
stu_06072,class_027,70.52,28.28,67.45,68.99,53.21,30.11,57.63,4.0,583.0,3.0,1.0,2.0,4.0,medium
stu_06073,class_007,79.05,99.76,88.36,88.66,89.64,99.18,42.71,10.0,2194.0,9.0,4.0,18.0,0.0,low
stu_06074,class_012,80.37,74.92,72.12,67.93,78.89,100.0,13.01,7.0,1605.0,7.0,4.0,6.0,1.0,low
stu_06075,class_012,75.76,76.95,94.89,89.56,80.18,77.08,27.28,12.0,1760.0,8.0,3.0,12.0,0.0,low
stu_06076,class_029,38.64,23.24,49.91,38.52,34.72,19.09,43.28,0.0,623.0,3.0,0.0,0.0,2.0,high
stu_06077,class_022,39.75,62.14,63.53,49.4,57.99,67.81,36.48,0.0,1262.0,6.0,1.0,2.0,1.0,medium
stu_06078,class_016,96.6,82.91,79.2,74.07,89.72,96.57,31.5,15.0,2012.0,9.0,5.0,24.0,0.0,low
stu_06079,class_024,67.56,76.2,61.45,57.35,65.4,64.44,29.44,4.0,1757.0,8.0,2.0,2.0,2.0,medium
stu_06080,class_028,75.55,51.11,57.18,60.06,64.33,48.94,28.44,6.0,989.0,4.0,1.0,6.0,0.0,medium
stu_06081,class_005,87.28,88.84,35.9,31.09,67.36,45.47,39.37,5.0,1156.0,5.0,1.0,8.0,5.0,high
stu_06082,class_005,70.47,67.59,70.43,72.3,68.9,64.82,34.22,3.0,1401.0,6.0,3.0,2.0,4.0,medium
stu_06083,class_035,75.39,100.0,89.13,76.25,82.34,,37.67,16.0,2173.0,9.0,4.0,20.0,1.0,low
stu_06084,class_006,34.76,30.75,33.1,42.47,29.74,27.36,58.03,1.0,661.0,3.0,1.0,3.0,1.0,high
stu_06085,class_027,92.67,98.42,97.71,100.0,92.91,87.26,23.47,5.0,1988.0,8.0,5.0,5.0,2.0,low
stu_06086,class_023,73.4,52.74,69.63,66.17,61.43,62.14,94.93,3.0,1098.0,5.0,1.0,1.0,2.0,medium
stu_06087,class_008,79.64,90.1,72.32,78.14,83.23,88.5,19.81,11.0,2180.0,9.0,4.0,14.0,0.0,low
stu_06088,class_005,4.1,33.64,32.71,24.92,17.9,24.42,116.16,0.0,631.0,3.0,1.0,4.0,5.0,high
stu_06089,class_011,100.0,95.78,77.09,70.46,87.83,58.26,21.76,11.0,1720.0,7.0,3.0,11.0,1.0,low
stu_06090,class_035,12.1,43.0,22.8,16.38,23.55,28.31,36.57,4.0,887.0,4.0,1.0,1.0,5.0,high
stu_06091,class_036,33.89,25.93,38.23,32.47,24.01,37.14,91.96,2.0,412.0,2.0,0.0,0.0,2.0,high
stu_06092,class_003,50.66,66.36,55.59,55.59,55.31,38.65,108.72,7.0,1440.0,6.0,2.0,8.0,1.0,medium
stu_06093,class_021,18.65,61.06,61.81,58.46,36.54,0.0,24.58,0.0,1099.0,5.0,2.0,1.0,4.0,high
stu_06094,class_014,86.29,80.74,91.0,92.93,86.13,,14.77,9.0,1771.0,8.0,5.0,10.0,0.0,low
stu_06095,class_033,84.57,81.32,99.09,100.0,82.84,96.43,29.95,16.0,1994.0,8.0,5.0,,0.0,low
stu_06096,class_019,25.62,13.24,72.63,90.55,37.84,67.84,66.23,2.0,515.0,3.0,1.0,3.0,2.0,medium
stu_06097,class_011,88.45,68.0,34.52,40.79,71.44,78.19,20.66,11.0,1743.0,7.0,4.0,12.0,4.0,low
stu_06098,class_010,78.9,96.37,93.13,87.75,87.63,90.33,32.75,7.0,1989.0,8.0,5.0,10.0,0.0,low
stu_06099,class_038,86.28,59.17,72.12,70.43,80.98,84.81,46.68,10.0,,6.0,4.0,19.0,0.0,medium
stu_06100,class_001,84.87,57.0,94.61,100.0,76.11,84.59,22.78,7.0,1397.0,6.0,4.0,4.0,0.0,low
stu_06101,class_038,100.0,78.37,79.15,80.7,84.03,63.08,19.99,6.0,1644.0,7.0,4.0,6.0,0.0,low
stu_06102,class_027,45.47,47.49,65.79,57.84,52.19,50.68,59.8,6.0,1024.0,5.0,1.0,9.0,2.0,medium
stu_06103,class_022,86.12,82.05,41.66,46.72,62.12,16.14,,2.0,1521.0,7.0,3.0,4.0,2.0,medium
stu_06104,class_019,77.7,90.37,80.68,81.97,82.88,80.47,22.49,18.0,2164.0,9.0,4.0,20.0,0.0,low
stu_06105,class_006,64.35,72.64,67.24,69.43,71.43,61.7,21.38,9.0,1638.0,7.0,3.0,0.0,3.0,medium
stu_06106,class_020,29.62,16.44,60.0,85.22,34.2,67.68,92.83,5.0,914.0,4.0,1.0,4.0,0.0,medium
stu_06107,class_040,55.19,54.82,44.92,61.39,52.65,57.67,36.49,2.0,1171.0,5.0,1.0,3.0,4.0,medium
stu_06108,class_019,31.08,64.66,90.68,74.05,62.86,78.69,19.97,11.0,1877.0,8.0,4.0,14.0,0.0,low
stu_06109,class_026,0.0,0.0,33.63,29.03,19.49,54.13,241.35,5.0,0.0,1.0,0.0,3.0,3.0,high
stu_06110,class_032,23.05,38.97,36.47,31.84,33.62,10.99,63.99,5.0,800.0,4.0,1.0,5.0,4.0,high
stu_06111,class_040,51.32,71.88,55.35,53.36,58.77,50.03,49.71,2.0,1132.0,,1.0,1.0,2.0,medium
stu_06112,class_031,,73.51,100.0,97.02,89.86,100.0,28.78,15.0,1748.0,7.0,4.0,14.0,0.0,low
stu_06113,class_035,50.78,62.54,87.81,88.81,62.27,21.39,23.32,7.0,1449.0,6.0,3.0,5.0,2.0,medium
stu_06114,class_022,54.4,48.36,62.71,64.55,52.81,42.68,32.31,4.0,934.0,4.0,2.0,1.0,3.0,medium
stu_06115,class_034,91.45,86.76,74.42,78.54,81.03,64.78,26.11,5.0,1686.0,7.0,3.0,4.0,0.0,low
stu_06116,class_019,32.41,32.77,32.33,33.05,34.95,46.81,58.4,0.0,703.0,3.0,1.0,0.0,1.0,high
stu_06117,class_027,86.69,99.62,77.8,83.25,88.45,87.84,27.08,6.0,2024.0,9.0,5.0,11.0,1.0,low
stu_06118,class_009,54.82,44.53,31.42,27.59,41.61,60.54,30.73,4.0,836.0,4.0,1.0,9.0,0.0,medium
stu_06119,class_006,85.04,70.34,79.79,85.44,72.29,61.64,40.11,0.0,1585.0,7.0,3.0,0.0,0.0,low
stu_06120,class_017,100.0,95.24,78.26,94.04,89.78,76.34,28.58,8.0,1910.0,8.0,3.0,8.0,1.0,low
stu_06121,class_002,79.96,42.1,56.76,44.46,54.01,18.2,33.71,3.0,1031.0,5.0,1.0,4.0,3.0,medium
stu_06122,class_025,3.98,10.83,75.89,67.47,30.13,24.13,22.75,2.0,19.0,1.0,0.0,0.0,0.0,high
stu_06123,class_003,80.11,84.38,83.02,74.41,83.56,76.24,14.78,7.0,1705.0,7.0,4.0,14.0,0.0,low
stu_06124,class_014,89.98,74.57,90.65,81.88,88.27,58.81,29.99,,1835.0,8.0,4.0,12.0,1.0,low
stu_06125,class_023,82.39,74.73,77.43,73.43,76.72,70.75,25.67,5.0,1659.0,7.0,4.0,,0.0,low
stu_06126,class_005,21.28,16.89,23.9,32.49,21.75,22.76,39.45,2.0,195.0,1.0,0.0,0.0,1.0,high
stu_06127,class_018,7.47,54.34,38.51,39.32,23.51,5.43,59.41,1.0,1013.0,5.0,1.0,2.0,2.0,high
stu_06128,class_003,76.36,100.0,70.05,68.92,79.09,94.4,45.57,5.0,1993.0,8.0,4.0,4.0,0.0,low
stu_06129,class_037,50.97,58.21,59.96,64.18,56.64,27.28,31.41,8.0,1277.0,6.0,2.0,9.0,0.0,medium
stu_06130,class_007,83.39,99.35,93.44,94.97,76.29,17.71,23.85,0.0,1918.0,8.0,4.0,0.0,0.0,low
stu_06131,class_038,32.85,19.88,72.3,83.65,42.38,60.64,28.61,17.0,1796.0,8.0,3.0,21.0,0.0,low
stu_06132,class_022,87.34,40.9,27.15,34.79,55.69,30.38,39.35,2.0,737.0,3.0,3.0,0.0,1.0,medium
stu_06133,class_022,4.31,21.87,49.5,62.73,20.49,16.01,70.3,1.0,0.0,2.0,0.0,1.0,4.0,high
stu_06134,class_021,35.5,40.01,77.12,79.41,51.64,60.94,14.8,5.0,1173.0,5.0,,6.0,0.0,medium
stu_06135,class_036,86.74,50.58,30.57,29.13,58.6,50.94,37.48,2.0,912.0,4.0,2.0,6.0,2.0,medium
stu_06136,class_009,53.03,31.14,,39.94,47.97,62.68,37.89,5.0,700.0,3.0,1.0,5.0,4.0,high
stu_06137,class_033,37.13,21.11,0.0,0.0,23.26,34.07,58.58,0.0,275.0,2.0,1.0,0.0,1.0,high
stu_06138,class_009,75.82,78.5,92.73,91.51,79.44,90.78,23.3,5.0,1647.0,7.0,3.0,7.0,1.0,low
stu_06139,class_001,94.95,64.33,73.51,73.79,81.32,83.21,20.21,5.0,1405.0,6.0,4.0,3.0,0.0,low
stu_06140,class_004,88.31,70.77,81.87,85.27,81.41,74.95,17.23,15.0,1673.0,7.0,4.0,13.0,0.0,low
stu_06141,class_037,72.29,45.68,52.77,43.31,61.77,53.43,34.46,10.0,1036.0,5.0,1.0,7.0,3.0,medium
stu_06142,class_010,35.97,56.23,38.93,35.22,47.92,52.46,35.92,10.0,1491.0,6.0,2.0,18.0,0.0,medium
stu_06143,class_016,35.95,47.6,36.62,37.32,37.11,14.51,64.48,0.0,1037.0,5.0,2.0,0.0,3.0,high
stu_06144,class_011,0.0,57.77,47.04,49.51,29.62,27.92,64.94,5.0,948.0,4.0,1.0,5.0,5.0,high
stu_06145,class_031,56.57,46.64,93.95,73.95,61.36,57.94,52.08,2.0,810.0,4.0,2.0,,0.0,medium
stu_06146,class_016,24.95,15.68,63.37,56.01,31.88,36.54,46.74,4.0,313.0,2.0,0.0,3.0,4.0,high
stu_06147,class_016,91.35,77.76,87.56,84.85,84.55,83.13,18.4,11.0,1679.0,7.0,4.0,12.0,0.0,low
stu_06148,class_006,36.74,39.27,72.17,69.41,44.59,2.54,69.37,0.0,823.0,4.0,1.0,2.0,4.0,high
stu_06149,class_040,35.27,4.84,43.86,44.84,29.81,24.51,112.95,2.0,277.0,2.0,0.0,2.0,4.0,high
stu_06150,class_018,95.83,79.21,75.96,78.48,85.35,74.15,24.96,13.0,1955.0,8.0,4.0,10.0,0.0,low
stu_06151,class_030,86.42,67.63,62.39,55.52,66.86,40.12,29.23,1.0,1109.0,5.0,2.0,3.0,2.0,medium
stu_06152,class_033,25.14,50.3,89.47,81.84,55.16,62.23,46.23,4.0,1041.0,5.0,3.0,3.0,2.0,medium
stu_06153,class_040,44.28,63.1,92.51,76.21,67.66,86.52,26.79,8.0,1568.0,7.0,4.0,15.0,1.0,low
stu_06154,class_009,34.56,26.03,81.31,73.73,45.14,57.55,28.88,7.0,0.0,6.0,4.0,9.0,2.0,low
stu_06155,class_028,86.87,86.57,85.7,81.4,86.06,71.59,22.82,11.0,1951.0,8.0,5.0,6.0,2.0,low
stu_06156,class_034,95.64,75.99,77.07,,85.71,70.27,44.23,16.0,1762.0,8.0,4.0,20.0,0.0,low
stu_06157,class_021,86.6,96.13,94.05,95.79,92.09,85.41,32.46,18.0,2204.0,9.0,5.0,26.0,0.0,low
stu_06158,class_040,73.07,100.0,93.69,98.99,80.26,51.15,21.25,0.0,2135.0,9.0,4.0,0.0,1.0,low
stu_06159,class_008,58.97,72.09,69.0,69.05,61.19,89.83,51.91,3.0,1282.0,6.0,1.0,1.0,1.0,medium
stu_06160,class_021,46.6,68.2,41.99,62.91,45.24,5.0,20.6,9.0,4760.0,19.0,12.0,14.0,0.0,medium
stu_06161,class_018,69.98,36.04,67.05,68.66,57.96,69.79,30.57,1.0,634.0,3.0,0.0,0.0,4.0,medium
stu_06162,class_011,90.0,98.88,82.04,71.2,74.91,45.43,14.93,0.0,2405.0,10.0,5.0,0.0,0.0,low
stu_06163,class_003,82.1,100.0,80.35,72.0,82.4,64.41,21.38,11.0,2011.0,9.0,5.0,6.0,0.0,low
stu_06164,class_010,90.0,63.88,88.88,91.06,80.51,76.38,26.95,7.0,1664.0,7.0,4.0,6.0,0.0,low
stu_06165,class_031,69.99,90.07,29.76,17.05,61.45,59.29,36.85,8.0,1978.0,8.0,4.0,8.0,0.0,medium
stu_06166,class_009,88.62,71.18,51.3,60.77,71.07,55.46,69.73,7.0,1345.0,6.0,2.0,11.0,5.0,medium
stu_06167,class_025,86.63,67.04,75.99,62.26,73.59,70.28,23.92,5.0,1247.0,5.0,3.0,7.0,1.0,low
stu_06168,class_003,78.28,87.26,87.59,87.29,69.99,35.14,24.89,0.0,1919.0,8.0,3.0,0.0,1.0,low
stu_06169,class_030,86.03,88.97,76.0,85.34,86.57,91.86,46.55,16.0,2142.0,9.0,4.0,23.0,1.0,low
stu_06170,class_029,100.0,70.16,84.94,71.13,84.0,81.1,29.06,9.0,1461.0,6.0,4.0,11.0,1.0,low
stu_06171,class_010,73.89,85.42,87.26,85.3,83.59,81.1,22.28,9.0,1815.0,8.0,3.0,11.0,1.0,low
stu_06172,class_034,94.08,86.88,85.73,80.94,93.32,100.0,20.71,11.0,1859.0,8.0,4.0,16.0,0.0,low
stu_06173,class_030,89.41,81.94,91.74,95.45,82.1,71.66,21.25,7.0,1777.0,8.0,4.0,11.0,0.0,low
stu_06174,class_002,60.47,74.93,35.83,25.87,55.24,42.07,28.16,1.0,1267.0,6.0,2.0,0.0,2.0,medium
stu_06175,class_019,83.96,65.75,49.84,68.7,66.89,44.24,41.08,9.0,1636.0,7.0,4.0,6.0,1.0,medium
stu_06176,class_014,75.82,52.7,30.19,29.92,56.45,,37.62,1.0,980.0,4.0,1.0,0.0,2.0,medium
stu_06177,class_018,34.57,76.64,24.52,19.39,45.62,41.98,126.87,4.0,1525.0,7.0,2.0,6.0,6.0,high
stu_06178,class_010,73.28,74.82,97.72,100.0,79.73,86.4,18.84,11.0,1631.0,7.0,4.0,8.0,1.0,low
stu_06179,class_009,90.96,65.99,78.04,78.75,75.52,69.08,16.5,5.0,1385.0,6.0,3.0,1.0,,low
stu_06180,class_016,100.0,58.64,97.45,94.92,77.04,42.56,19.36,0.0,1549.0,7.0,4.0,0.0,0.0,low
stu_06181,class_038,53.77,19.3,45.61,36.96,38.19,26.45,52.47,0.0,405.0,2.0,0.0,0.0,6.0,high
stu_06182,class_005,43.54,43.59,77.11,79.42,50.03,39.56,35.07,5.0,1048.0,5.0,1.0,9.0,0.0,medium
stu_06183,class_002,59.5,76.46,86.08,88.33,75.02,75.7,22.97,13.0,1624.0,7.0,3.0,10.0,0.0,low
stu_06184,class_039,64.47,55.68,66.74,65.57,61.95,57.11,34.06,10.0,1525.0,7.0,2.0,15.0,2.0,medium
stu_06185,class_005,35.29,51.18,80.56,100.0,58.28,74.44,29.9,7.0,1162.0,5.0,2.0,10.0,2.0,medium
stu_06186,class_036,52.03,39.83,45.59,47.85,50.1,,32.86,9.0,1005.0,5.0,1.0,8.0,1.0,medium
stu_06187,class_035,100.0,97.36,83.61,85.9,92.19,79.71,17.5,13.0,2076.0,9.0,5.0,21.0,0.0,low
stu_06188,class_040,63.74,76.08,76.25,80.76,70.77,100.0,27.64,7.0,1609.0,7.0,3.0,9.0,0.0,low
stu_06189,class_036,56.51,69.23,26.53,39.7,46.86,23.03,41.06,3.0,1301.0,6.0,3.0,5.0,1.0,medium
stu_06190,class_026,90.9,88.03,67.45,53.72,83.66,80.32,27.44,6.0,1601.0,7.0,4.0,7.0,1.0,low
stu_06191,class_021,63.3,45.23,53.36,51.17,51.8,65.62,28.95,4.0,1016.0,5.0,1.0,5.0,4.0,medium
stu_06192,class_004,7.03,79.72,15.27,29.16,29.29,,92.6,1.0,1190.0,5.0,1.0,0.0,1.0,high
stu_06193,class_033,63.06,53.55,14.32,10.86,37.25,8.28,59.86,4.0,1275.0,6.0,,7.0,2.0,high
stu_06194,class_033,87.03,70.4,88.0,82.68,86.75,80.7,35.92,18.0,1785.0,8.0,5.0,12.0,1.0,low
stu_06195,class_033,65.93,90.5,64.5,58.87,76.14,60.7,31.52,,2082.0,9.0,3.0,8.0,1.0,medium
stu_06196,class_024,60.46,54.74,41.83,43.73,49.24,41.45,88.03,1.0,1137.0,5.0,1.0,0.0,5.0,high
stu_06197,class_009,92.46,84.44,75.98,80.56,80.49,75.71,19.94,6.0,1826.0,8.0,3.0,7.0,1.0,low
stu_06198,class_038,57.28,39.98,83.98,93.56,57.23,57.11,51.7,5.0,966.0,4.0,2.0,4.0,2.0,medium
stu_06199,class_030,87.01,88.85,29.78,45.65,69.76,87.07,22.72,9.0,1758.0,8.0,4.0,7.0,3.0,low
stu_06200,class_020,84.94,92.3,88.45,97.42,89.98,97.75,14.09,12.0,1907.0,8.0,4.0,19.0,0.0,low
stu_06201,class_031,73.04,99.56,81.87,78.28,88.4,79.64,45.62,16.0,2130.0,9.0,4.0,14.0,1.0,low
stu_06202,class_010,26.94,18.44,37.61,29.4,28.3,21.48,71.06,4.0,613.0,3.0,0.0,3.0,3.0,high
stu_06203,class_015,100.0,36.08,27.55,40.51,57.06,65.93,31.31,2.0,705.0,3.0,,3.0,2.0,medium
stu_06204,class_024,89.74,85.32,93.46,83.84,93.95,89.57,33.82,12.0,1916.0,8.0,4.0,16.0,1.0,low
stu_06205,class_020,74.36,36.81,83.63,91.08,57.83,52.14,40.92,1.0,863.0,4.0,2.0,0.0,2.0,medium
stu_06206,class_010,38.86,23.87,51.81,48.1,38.54,43.09,34.36,2.0,499.0,2.0,0.0,6.0,1.0,high
stu_06207,class_015,67.57,71.7,82.28,73.74,79.65,96.86,21.22,16.0,1748.0,7.0,3.0,19.0,0.0,low
stu_06208,class_011,74.72,51.84,13.86,16.42,52.47,84.68,23.7,9.0,1857.0,8.0,5.0,18.0,4.0,low
stu_06209,class_004,80.95,75.98,75.82,77.36,76.87,85.79,16.38,9.0,1569.0,7.0,4.0,17.0,0.0,low
stu_06210,class_027,81.83,96.1,82.49,93.55,84.87,87.41,29.68,5.0,1795.0,8.0,4.0,7.0,0.0,low
stu_06211,class_009,97.6,75.41,88.86,88.43,92.72,89.01,30.88,11.0,1738.0,7.0,4.0,17.0,0.0,low
stu_06212,class_010,64.46,0.49,10.63,8.96,28.23,31.09,34.49,4.0,157.0,1.0,1.0,7.0,6.0,high
stu_06213,class_010,94.2,68.25,93.57,93.49,88.73,85.31,22.66,11.0,1660.0,7.0,5.0,15.0,0.0,low
stu_06214,class_004,80.33,87.79,74.54,78.41,78.67,71.3,21.68,18.0,2284.0,10.0,5.0,34.0,0.0,low
stu_06215,class_009,73.02,58.78,40.16,43.16,57.42,68.28,48.08,3.0,1149.0,5.0,2.0,1.0,3.0,medium
stu_06216,class_033,45.9,28.56,54.54,51.42,42.97,69.54,101.99,4.0,620.0,3.0,0.0,2.0,2.0,high
stu_06217,class_003,87.08,72.76,53.01,49.73,78.74,100.0,20.16,14.0,1838.0,8.0,3.0,26.0,0.0,low
stu_06218,class_011,75.2,30.93,67.22,57.04,61.58,87.87,51.04,10.0,1009.0,5.0,1.0,11.0,2.0,medium
stu_06219,class_037,82.58,68.22,37.37,40.38,65.02,48.16,60.9,2.0,834.0,4.0,2.0,0.0,3.0,medium
stu_06220,class_024,76.55,68.9,24.9,27.85,57.96,77.53,24.87,5.0,1593.0,7.0,3.0,8.0,3.0,low
stu_06221,class_020,18.98,43.64,58.89,53.78,36.44,40.73,91.39,7.0,1068.0,5.0,2.0,5.0,1.0,medium
stu_06222,class_002,27.68,43.67,60.3,58.53,40.57,47.64,38.62,2.0,812.0,4.0,2.0,3.0,2.0,high
stu_06223,class_015,86.79,62.45,51.76,49.96,61.5,50.51,64.19,2.0,1364.0,6.0,4.0,3.0,1.0,medium
stu_06224,class_039,21.92,61.87,72.47,61.23,48.38,55.27,68.0,4.0,1134.0,5.0,1.0,3.0,2.0,medium
stu_06225,class_018,26.28,45.44,46.87,48.93,38.15,35.04,33.23,8.0,917.0,4.0,1.0,12.0,2.0,medium
stu_06226,class_010,90.85,98.75,73.22,69.36,91.75,94.25,21.51,17.0,2469.0,10.0,4.0,12.0,2.0,low
stu_06227,class_027,69.85,86.39,65.01,67.29,76.81,84.94,14.27,10.0,1954.0,8.0,3.0,20.0,0.0,low
stu_06228,class_002,81.7,72.71,97.49,100.0,85.43,88.94,29.7,14.0,1736.0,7.0,4.0,10.0,0.0,low
stu_06229,class_003,100.0,76.2,81.72,76.45,86.88,76.85,29.64,5.0,1607.0,7.0,5.0,6.0,0.0,low
stu_06230,class_019,40.21,63.52,34.71,34.69,49.56,50.87,28.54,5.0,1202.0,5.0,2.0,7.0,2.0,medium
stu_06231,class_035,34.69,54.01,58.62,50.01,45.17,9.07,57.67,2.0,1197.0,5.0,2.0,2.0,3.0,high
stu_06232,class_029,100.0,87.84,86.73,89.41,91.84,96.32,24.28,16.0,1968.0,8.0,5.0,26.0,0.0,low
stu_06233,class_009,27.16,39.31,45.88,46.87,36.53,47.97,37.05,3.0,882.0,4.0,1.0,5.0,6.0,high
stu_06234,class_012,41.05,43.15,57.22,57.38,45.92,29.16,48.07,5.0,1007.0,5.0,1.0,9.0,0.0,medium
stu_06235,class_014,50.82,60.5,58.7,60.3,60.88,69.29,26.53,10.0,1470.0,6.0,3.0,12.0,0.0,medium
stu_06236,class_003,82.29,100.0,77.96,72.65,84.66,100.0,12.53,6.0,1850.0,8.0,3.0,12.0,0.0,low
stu_06237,class_001,88.51,66.01,92.82,80.5,81.53,81.13,28.28,6.0,1313.0,6.0,4.0,7.0,1.0,low
stu_06238,class_008,59.82,11.54,37.81,38.05,35.82,21.28,81.79,2.0,279.0,2.0,0.0,1.0,5.0,high
stu_06239,class_012,98.32,99.18,95.67,92.44,98.5,80.43,34.54,6.0,2128.0,9.0,5.0,11.0,0.0,low
stu_06240,class_038,92.8,88.48,84.38,85.31,80.5,39.84,30.65,0.0,2021.0,9.0,5.0,0.0,0.0,low
stu_06241,class_032,47.45,50.63,43.86,40.54,41.39,37.62,52.46,0.0,1235.0,5.0,1.0,0.0,1.0,medium
stu_06242,class_036,69.91,61.16,55.01,52.76,63.7,57.38,14.86,3.0,1046.0,,2.0,1.0,2.0,medium
stu_06243,class_009,71.16,72.44,73.26,59.62,68.6,29.52,23.91,9.0,1579.0,7.0,2.0,15.0,3.0,medium
stu_06244,class_006,87.46,82.89,95.66,86.82,88.2,88.21,26.97,15.0,2028.0,9.0,6.0,24.0,0.0,low
stu_06245,class_016,59.97,27.53,56.9,51.09,51.44,75.65,120.01,4.0,541.0,3.0,1.0,7.0,3.0,medium
stu_06246,class_016,90.32,83.87,66.57,82.22,82.15,78.78,24.61,9.0,1482.0,6.0,3.0,8.0,0.0,low
stu_06247,class_027,85.83,81.94,84.16,92.03,83.98,69.97,33.77,11.0,1727.0,7.0,4.0,12.0,0.0,low
stu_06248,class_037,89.87,85.02,72.32,72.07,79.76,79.74,23.01,7.0,1636.0,7.0,3.0,11.0,0.0,low
stu_06249,class_029,75.59,82.6,83.38,82.97,80.06,73.65,15.28,6.0,1748.0,7.0,4.0,4.0,0.0,low
stu_06250,class_037,89.97,93.71,90.34,94.71,90.51,96.25,34.0,11.0,1897.0,8.0,4.0,11.0,0.0,low
stu_06251,class_001,73.13,30.53,55.8,52.85,57.17,31.72,44.47,9.0,688.0,3.0,1.0,11.0,1.0,medium
stu_06252,class_038,86.13,80.3,100.0,98.29,85.96,86.66,18.35,9.0,1800.0,8.0,4.0,7.0,0.0,low
stu_06253,class_018,71.6,44.97,77.11,86.67,56.27,52.96,28.79,2.0,809.0,4.0,2.0,,3.0,medium
stu_06254,class_024,99.67,76.23,71.95,,85.62,93.72,20.14,18.0,1972.0,8.0,5.0,18.0,1.0,low
stu_06255,class_004,,83.3,94.23,81.07,80.4,57.77,29.3,5.0,1647.0,7.0,4.0,3.0,1.0,low
stu_06256,class_034,88.53,90.15,91.09,94.52,86.57,68.53,28.02,,2180.0,9.0,6.0,13.0,0.0,low
stu_06257,class_028,84.68,70.72,69.08,55.68,80.04,92.96,33.6,18.0,1682.0,7.0,3.0,19.0,1.0,low
stu_06258,class_016,77.64,77.24,88.32,83.01,81.59,69.37,18.54,18.0,1884.0,8.0,3.0,33.0,0.0,low
stu_06259,class_028,87.05,50.42,54.1,54.7,67.81,70.71,55.68,6.0,1165.0,5.0,2.0,8.0,1.0,medium
stu_06260,class_035,86.63,93.35,85.41,67.17,89.57,78.54,44.67,16.0,2155.0,9.0,5.0,22.0,0.0,low
stu_06261,class_002,92.49,84.01,84.11,83.24,85.11,75.67,17.57,8.0,1922.0,8.0,5.0,9.0,0.0,low
stu_06262,class_024,70.24,66.36,92.96,96.17,74.31,84.13,38.02,1.0,1145.0,5.0,2.0,3.0,3.0,medium
stu_06263,class_008,85.28,87.22,75.53,89.43,81.95,72.54,30.98,11.0,1820.0,8.0,3.0,23.0,1.0,low
stu_06264,class_027,70.29,37.75,83.25,90.55,64.58,79.24,31.72,1.0,798.0,4.0,2.0,0.0,2.0,medium
stu_06265,class_030,90.46,87.1,87.17,95.17,89.61,95.47,15.92,8.0,1646.0,7.0,5.0,6.0,1.0,low
stu_06266,class_020,100.0,82.1,73.41,67.02,87.1,72.1,26.16,10.0,1690.0,7.0,4.0,7.0,4.0,medium
stu_06267,class_026,88.71,86.82,87.43,91.39,89.03,83.81,12.42,10.0,1782.0,8.0,4.0,7.0,1.0,low
stu_06268,class_007,74.11,11.75,56.01,54.06,49.16,82.86,20.38,3.0,492.0,2.0,0.0,0.0,2.0,medium
stu_06269,class_024,42.07,35.35,65.12,68.73,43.91,27.7,90.12,0.0,619.0,3.0,0.0,0.0,2.0,high
stu_06270,class_019,39.32,38.55,28.75,36.34,35.06,60.35,44.12,0.0,624.0,3.0,1.0,0.0,4.0,high
stu_06271,class_002,55.84,75.98,96.13,100.0,69.58,68.16,38.51,6.0,1293.0,6.0,2.0,5.0,0.0,low
stu_06272,class_007,54.3,72.59,21.44,30.1,50.11,45.72,31.99,6.0,1582.0,7.0,3.0,2.0,2.0,medium
stu_06273,class_034,85.61,67.88,90.7,93.38,81.58,76.09,22.11,14.0,1351.0,6.0,4.0,21.0,0.0,low
stu_06274,class_038,79.55,85.4,57.4,58.74,70.02,52.98,23.38,5.0,1727.0,7.0,3.0,7.0,1.0,medium
stu_06275,class_001,80.91,69.47,93.91,92.44,84.78,100.0,27.22,13.0,1591.0,7.0,4.0,18.0,0.0,low
stu_06276,class_012,97.85,89.17,76.36,79.36,90.06,91.5,17.95,12.0,1694.0,7.0,3.0,19.0,0.0,low
stu_06277,class_026,100.0,84.64,85.03,99.85,87.58,70.91,13.85,7.0,1771.0,8.0,4.0,11.0,0.0,low
stu_06278,class_034,63.72,45.49,65.87,78.58,54.89,20.49,24.33,4.0,1177.0,5.0,2.0,3.0,2.0,medium
stu_06279,class_040,42.27,35.42,45.6,44.24,43.39,36.86,37.96,0.0,695.0,3.0,2.0,0.0,1.0,medium
stu_06280,class_038,69.29,50.32,72.01,55.17,64.02,47.45,19.4,6.0,1099.0,5.0,1.0,7.0,3.0,medium
stu_06281,class_019,26.63,74.69,80.74,87.18,52.42,32.63,38.28,4.0,1379.0,6.0,3.0,2.0,2.0,medium
stu_06282,class_035,87.44,81.12,81.68,87.51,78.27,42.59,18.16,0.0,1759.0,8.0,4.0,0.0,1.0,low
stu_06283,class_039,100.0,85.41,73.95,69.86,83.57,89.27,26.12,15.0,2062.0,9.0,5.0,12.0,0.0,low
stu_06284,class_039,59.58,9.84,31.17,27.83,37.37,27.05,118.5,1.0,165.0,1.0,0.0,2.0,2.0,high
stu_06285,class_003,84.31,74.91,80.48,92.32,83.29,80.16,16.92,16.0,1940.0,8.0,5.0,16.0,0.0,low
stu_06286,class_027,37.37,64.12,30.83,44.77,44.45,,22.99,1.0,1054.0,5.0,1.0,0.0,4.0,high
stu_06287,class_019,88.21,84.36,82.59,79.24,80.82,80.7,16.78,9.0,1665.0,7.0,4.0,17.0,0.0,low
stu_06288,class_003,29.15,32.88,87.36,82.94,39.94,23.55,58.78,0.0,938.0,4.0,2.0,0.0,1.0,high
stu_06289,class_040,89.69,70.4,99.78,100.0,76.74,34.65,18.25,0.0,1628.0,7.0,4.0,0.0,1.0,low
stu_06290,class_002,0.0,21.06,43.37,46.57,21.72,18.68,89.55,3.0,299.0,2.0,1.0,2.0,5.0,high
stu_06291,class_013,84.96,72.37,73.94,81.86,77.24,69.41,34.83,14.0,1565.0,7.0,3.0,17.0,0.0,low
stu_06292,class_012,97.37,88.01,95.47,88.08,91.61,80.91,23.5,6.0,1856.0,8.0,4.0,7.0,0.0,low
stu_06293,class_001,79.01,85.22,99.97,99.44,85.69,59.83,50.06,16.0,1748.0,7.0,3.0,15.0,0.0,low
stu_06294,class_018,35.37,39.44,58.75,67.7,42.91,35.18,28.2,3.0,871.0,4.0,2.0,3.0,1.0,medium
stu_06295,class_018,90.18,78.7,83.83,84.74,84.29,82.62,32.69,14.0,1733.0,7.0,4.0,14.0,0.0,low
stu_06296,class_001,91.27,85.86,84.34,81.77,83.48,66.7,30.77,13.0,1805.0,8.0,4.0,8.0,1.0,low
stu_06297,class_030,70.92,35.69,26.39,26.0,47.78,69.4,36.3,2.0,758.0,4.0,2.0,7.0,2.0,medium
stu_06298,class_026,63.62,53.54,33.64,33.43,53.24,45.38,21.3,6.0,1248.0,5.0,1.0,9.0,0.0,medium
stu_06299,class_006,72.09,69.16,68.13,66.82,65.52,65.0,40.89,3.0,1396.0,6.0,3.0,2.0,1.0,medium
stu_06300,class_011,58.07,19.75,13.08,12.32,29.74,17.88,84.69,3.0,381.0,2.0,1.0,5.0,5.0,high
stu_06301,class_020,86.7,83.34,16.29,18.16,63.46,88.81,20.99,5.0,1466.0,6.0,4.0,5.0,6.0,low
stu_06302,class_039,48.52,32.73,20.73,29.29,34.82,47.72,68.67,3.0,792.0,4.0,1.0,3.0,0.0,high
stu_06303,class_040,94.93,100.0,83.8,80.45,92.4,67.8,22.39,12.0,2222.0,9.0,5.0,9.0,0.0,low
stu_06304,class_012,60.64,51.18,69.24,66.64,53.38,64.57,47.99,1.0,928.0,4.0,,4.0,0.0,medium
stu_06305,class_017,19.41,28.85,65.18,69.39,34.97,11.06,93.6,3.0,359.0,2.0,1.0,2.0,5.0,high
stu_06306,class_039,38.52,37.47,73.21,99.84,54.59,36.23,34.18,10.0,1008.0,5.0,2.0,16.0,0.0,medium
stu_06307,class_028,82.91,77.82,92.74,93.44,84.24,72.49,45.98,6.0,1462.0,6.0,4.0,7.0,0.0,low
stu_06308,class_002,38.59,24.4,41.63,31.36,35.33,26.62,11.94,2.0,446.0,2.0,0.0,5.0,1.0,high
stu_06309,class_003,58.04,14.75,65.11,72.65,47.71,29.52,23.57,8.0,477.0,2.0,1.0,14.0,3.0,medium
stu_06310,class_027,53.26,17.81,18.67,15.01,38.03,45.65,81.49,4.0,558.0,3.0,0.0,1.0,6.0,high
stu_06311,class_027,87.12,80.1,84.59,87.1,82.28,69.17,16.47,7.0,1568.0,7.0,4.0,12.0,1.0,low
stu_06312,class_006,99.23,81.48,94.09,86.95,83.87,75.96,30.89,5.0,1712.0,7.0,4.0,4.0,1.0,low
stu_06313,class_026,53.43,39.3,61.66,49.51,49.77,34.33,54.8,10.0,991.0,4.0,1.0,16.0,1.0,medium
stu_06314,class_015,79.92,24.73,69.97,61.99,59.6,43.37,40.94,10.0,801.0,4.0,1.0,14.0,0.0,medium
stu_06315,class_013,32.56,10.0,15.0,3.58,25.84,49.74,27.1,6.0,585.0,3.0,0.0,6.0,3.0,medium
stu_06316,class_005,86.77,78.78,84.65,100.0,78.95,65.88,18.01,11.0,1871.0,8.0,4.0,16.0,0.0,low
stu_06317,class_010,86.42,86.94,78.56,76.99,85.72,79.43,30.77,12.0,2139.0,9.0,4.0,8.0,0.0,low
stu_06318,class_011,19.47,44.95,25.03,27.78,25.83,15.16,33.77,5.0,800.0,4.0,1.0,10.0,4.0,high
stu_06319,class_005,82.99,70.91,91.33,97.28,81.42,74.25,28.39,15.0,1654.0,7.0,4.0,15.0,0.0,low
stu_06320,class_026,77.03,66.07,58.96,58.13,71.7,55.95,44.21,5.0,1357.0,6.0,2.0,6.0,0.0,medium
stu_06321,class_009,90.81,42.0,39.44,35.69,61.09,83.87,31.72,5.0,614.0,3.0,1.0,5.0,3.0,medium
stu_06322,class_006,97.64,75.88,84.44,78.5,81.29,36.92,34.13,0.0,1522.0,7.0,5.0,0.0,1.0,low
stu_06323,class_016,50.61,71.31,26.91,19.35,53.44,74.16,23.08,7.0,1455.0,6.0,3.0,9.0,0.0,medium
stu_06324,class_022,97.35,78.39,84.49,99.39,79.87,56.84,23.38,0.0,1695.0,7.0,4.0,0.0,0.0,low
stu_06325,class_015,48.86,53.39,61.14,62.96,52.59,63.56,40.96,2.0,1288.0,6.0,2.0,4.0,2.0,medium
stu_06326,class_005,72.56,68.48,28.48,42.39,55.63,76.49,83.07,1.0,1180.0,5.0,1.0,,1.0,medium
stu_06327,class_020,43.3,85.1,57.75,57.24,57.25,41.98,70.64,3.0,1767.0,8.0,2.0,2.0,2.0,medium
stu_06328,class_031,100.0,72.09,48.36,36.76,72.41,54.21,45.42,4.0,1342.0,6.0,4.0,4.0,2.0,medium
stu_06329,class_008,64.21,38.4,59.02,60.94,56.03,83.79,50.65,1.0,771.0,4.0,2.0,3.0,1.0,medium
stu_06330,class_003,76.33,,93.31,100.0,83.41,81.45,16.36,10.0,1859.0,8.0,3.0,11.0,1.0,low
stu_06331,class_028,85.57,77.29,91.59,78.11,80.5,81.95,22.37,5.0,1676.0,7.0,5.0,5.0,0.0,low
stu_06332,class_015,40.84,62.12,70.53,65.84,54.49,43.1,60.64,10.0,1431.0,6.0,3.0,16.0,3.0,medium
stu_06333,class_029,89.17,73.56,87.2,89.58,74.12,35.29,35.58,0.0,,7.0,4.0,0.0,0.0,low
stu_06334,class_008,37.7,36.4,88.48,67.97,61.39,90.38,38.9,5.0,1641.0,7.0,4.0,5.0,0.0,low
stu_06335,class_006,45.13,57.5,81.78,75.94,64.91,100.0,27.42,15.0,2171.0,9.0,5.0,15.0,0.0,low
stu_06336,class_009,58.48,35.06,32.8,39.63,43.57,21.71,69.77,5.0,695.0,3.0,1.0,0.0,3.0,high
stu_06337,class_012,100.0,75.31,80.85,86.52,87.54,64.69,18.95,14.0,,8.0,4.0,16.0,0.0,low
stu_06338,class_026,86.33,64.08,79.37,77.17,78.74,82.83,17.35,13.0,1373.0,6.0,3.0,10.0,0.0,low
stu_06339,class_011,45.66,96.32,60.13,43.16,63.22,65.53,44.07,4.0,1934.0,8.0,3.0,6.0,3.0,medium
stu_06340,class_037,63.65,62.22,85.64,81.08,67.1,40.89,40.58,7.0,1373.0,6.0,3.0,9.0,0.0,medium
stu_06341,class_001,73.04,43.8,37.74,38.49,53.8,67.35,47.74,10.0,1227.0,5.0,2.0,8.0,1.0,medium
stu_06342,class_009,83.6,90.79,81.41,84.26,82.91,100.0,52.37,6.0,1897.0,8.0,5.0,10.0,1.0,low
stu_06343,class_007,72.15,84.97,88.09,85.47,78.72,81.97,37.1,9.0,1865.0,8.0,3.0,12.0,0.0,low
stu_06344,class_030,35.24,58.97,37.72,48.93,37.68,38.33,68.68,4.0,1416.0,6.0,3.0,4.0,7.0,high
stu_06345,class_040,71.43,82.82,15.0,14.26,57.36,60.06,25.83,9.0,1738.0,7.0,,15.0,3.0,medium
stu_06346,class_010,57.06,56.88,89.2,72.45,67.29,63.16,32.69,3.0,1315.0,6.0,3.0,2.0,5.0,medium
stu_06347,class_016,51.37,32.68,63.09,50.31,44.9,21.91,42.73,5.0,684.0,3.0,1.0,,1.0,medium
stu_06348,class_026,32.97,57.4,53.78,62.28,45.94,27.54,43.3,1.0,1235.0,5.0,2.0,5.0,0.0,high
stu_06349,class_029,88.19,89.74,75.6,83.72,87.64,95.75,19.48,12.0,1951.0,8.0,5.0,9.0,0.0,low
stu_06350,class_022,79.06,69.44,100.0,99.58,80.58,65.18,16.12,12.0,1324.0,6.0,3.0,9.0,0.0,low
stu_06351,class_024,31.26,57.62,64.47,58.71,51.56,76.1,19.92,3.0,1079.0,5.0,1.0,4.0,0.0,medium
stu_06352,class_026,92.03,47.36,47.36,60.07,55.22,17.69,61.04,0.0,883.0,4.0,2.0,0.0,1.0,medium
stu_06353,class_014,63.26,34.24,26.57,27.61,41.93,55.37,37.42,2.0,614.0,3.0,0.0,1.0,1.0,medium
stu_06354,class_017,70.0,52.22,42.33,49.92,56.84,39.39,41.72,5.0,350.0,2.0,0.0,4.0,3.0,high
stu_06355,class_035,62.35,36.57,64.84,67.09,56.01,26.78,32.64,5.0,1017.0,5.0,1.0,5.0,5.0,high
stu_06356,class_029,96.47,86.03,94.43,98.84,98.14,81.15,18.84,14.0,1901.0,8.0,4.0,16.0,0.0,low
stu_06357,class_007,32.04,22.3,23.9,37.18,25.19,28.24,56.2,0.0,539.0,3.0,0.0,0.0,3.0,high
stu_06358,class_014,6.71,,61.42,64.03,29.47,30.45,22.06,0.0,538.0,3.0,0.0,0.0,4.0,high
stu_06359,class_011,51.29,46.41,77.1,80.2,61.3,63.17,56.59,10.0,1107.0,5.0,1.0,19.0,2.0,medium
stu_06360,class_019,72.03,34.85,63.17,41.27,51.7,21.2,38.43,5.0,5605.0,22.0,12.0,24.0,5.0,medium
stu_06361,class_013,75.41,77.73,78.27,79.88,80.32,85.73,24.75,10.0,1736.0,7.0,2.0,18.0,0.0,low
stu_06362,class_003,44.23,51.55,53.89,47.58,53.03,88.39,67.42,3.0,1023.0,5.0,2.0,5.0,1.0,medium
stu_06363,class_005,76.22,84.98,99.34,92.46,80.67,68.02,31.12,5.0,1583.0,7.0,3.0,9.0,0.0,low
stu_06364,class_013,74.4,85.63,85.91,87.79,87.66,79.07,23.53,8.0,1729.0,7.0,3.0,14.0,1.0,low
stu_06365,class_007,67.82,50.2,66.7,,68.41,70.4,57.91,7.0,1158.0,5.0,1.0,12.0,0.0,medium
stu_06366,class_038,48.5,46.37,77.24,72.54,58.19,79.15,41.18,7.0,894.0,4.0,1.0,11.0,2.0,medium
stu_06367,class_016,40.7,50.79,83.34,90.85,54.57,65.75,36.78,2.0,1117.0,5.0,1.0,3.0,2.0,medium
stu_06368,class_005,59.33,31.88,18.38,1.33,35.26,18.27,61.66,0.0,857.0,4.0,1.0,0.0,2.0,high
stu_06369,class_035,65.49,73.38,63.98,62.28,60.35,49.57,36.03,1.0,1117.0,5.0,1.0,6.0,0.0,medium
stu_06370,class_008,68.56,75.19,50.94,53.61,64.46,59.24,42.54,10.0,1472.0,6.0,2.0,9.0,2.0,medium
stu_06371,class_031,97.92,58.63,79.59,74.02,81.35,89.36,17.32,9.0,1314.0,6.0,3.0,9.0,1.0,low
stu_06372,class_021,96.84,100.0,92.58,86.48,89.43,43.6,11.73,0.0,1885.0,8.0,4.0,0.0,0.0,low
stu_06373,class_022,86.7,79.68,94.45,100.0,85.75,78.3,16.98,8.0,1468.0,6.0,5.0,9.0,0.0,low
stu_06374,class_035,89.71,89.54,85.99,89.16,81.73,88.22,14.61,7.0,1691.0,7.0,4.0,8.0,0.0,low
stu_06375,class_004,49.27,94.21,48.46,59.08,55.55,40.48,29.39,1.0,1521.0,7.0,3.0,0.0,4.0,medium
stu_06376,class_015,82.02,98.68,82.75,80.92,84.6,64.65,31.59,8.0,1965.0,8.0,5.0,9.0,0.0,low
stu_06377,class_032,72.97,80.34,49.67,41.58,64.96,70.23,36.9,2.0,1490.0,6.0,2.0,0.0,3.0,medium
stu_06378,class_038,25.32,27.09,50.65,54.52,35.16,37.17,41.66,5.0,448.0,2.0,0.0,7.0,5.0,high
stu_06379,class_027,88.31,86.48,90.67,100.0,90.74,,23.33,13.0,,9.0,6.0,13.0,0.0,low
stu_06380,class_016,31.42,31.99,71.39,68.36,34.78,42.84,74.89,1.0,526.0,3.0,0.0,1.0,4.0,high
stu_06381,class_008,95.74,78.25,76.19,85.61,90.77,89.61,21.94,10.0,1620.0,7.0,4.0,11.0,0.0,low
stu_06382,class_040,95.09,57.34,25.92,24.01,63.98,52.69,30.99,10.0,1295.0,6.0,2.0,9.0,4.0,medium
stu_06383,class_013,17.63,63.51,67.11,68.63,40.33,29.61,84.53,5.0,1450.0,6.0,2.0,2.0,2.0,high
stu_06384,class_031,69.79,68.95,62.46,55.55,70.1,87.12,27.41,11.0,1427.0,6.0,2.0,22.0,0.0,low
stu_06385,class_011,60.09,55.47,67.81,72.87,57.54,14.57,30.55,3.0,1143.0,5.0,1.0,3.0,4.0,medium
stu_06386,class_011,65.46,73.62,46.75,41.06,57.23,32.96,40.22,2.0,1311.0,6.0,3.0,2.0,4.0,medium
stu_06387,class_026,86.03,29.4,35.33,28.89,49.0,55.48,41.03,6.0,717.0,3.0,3.0,6.0,1.0,medium
stu_06388,class_039,87.77,78.65,45.1,40.59,65.85,14.86,77.8,7.0,1586.0,7.0,4.0,11.0,4.0,medium
stu_06389,class_019,88.82,100.0,86.16,83.69,86.91,83.99,22.96,6.0,1969.0,8.0,5.0,3.0,0.0,low
stu_06390,class_020,60.44,54.41,56.18,66.9,58.02,31.66,28.85,7.0,1180.0,5.0,2.0,3.0,1.0,medium
stu_06391,class_003,33.08,9.87,27.91,27.29,22.69,51.04,53.87,1.0,199.0,1.0,0.0,0.0,6.0,high
stu_06392,class_002,78.91,82.51,79.7,87.39,77.74,68.91,20.83,7.0,1672.0,7.0,2.0,5.0,0.0,low
stu_06393,class_008,44.71,70.93,23.93,11.63,53.18,61.0,65.98,10.0,1691.0,7.0,2.0,17.0,3.0,medium
stu_06394,class_003,51.8,63.37,77.35,83.76,58.24,60.69,45.24,8.0,1420.0,6.0,2.0,11.0,0.0,medium
stu_06395,class_015,93.62,88.28,85.7,90.6,90.7,96.23,28.41,5.0,1710.0,7.0,4.0,9.0,1.0,low
stu_06396,class_022,63.1,27.94,63.87,62.37,55.24,72.06,34.37,5.0,545.0,3.0,1.0,6.0,0.0,medium
stu_06397,class_006,86.2,77.66,89.63,87.22,90.89,93.87,23.76,14.0,1575.0,7.0,4.0,10.0,1.0,low
stu_06398,class_032,30.49,39.08,9.94,26.19,25.51,30.68,102.43,3.0,646.0,3.0,0.0,4.0,3.0,high
stu_06399,class_026,88.74,76.16,78.46,76.05,81.56,88.04,19.73,8.0,1660.0,7.0,3.0,17.0,0.0,low
stu_06400,class_034,93.77,88.89,95.33,100.0,93.22,99.87,15.22,18.0,2010.0,9.0,5.0,30.0,0.0,low
stu_06401,class_020,43.88,37.0,31.12,32.15,39.47,34.11,22.49,4.0,701.0,3.0,1.0,8.0,2.0,high
stu_06402,class_006,98.98,76.96,93.14,91.91,87.16,82.53,20.21,15.0,1838.0,8.0,4.0,9.0,0.0,low
stu_06403,class_025,89.84,88.04,81.85,87.03,87.99,82.8,26.25,10.0,1928.0,8.0,4.0,14.0,1.0,low
stu_06404,class_027,49.07,40.64,57.2,54.37,55.72,69.78,48.53,10.0,988.0,4.0,2.0,10.0,1.0,medium
stu_06405,class_017,10.3,24.94,49.64,44.43,28.19,26.85,101.15,4.0,485.0,2.0,0.0,8.0,2.0,high
stu_06406,class_026,100.0,76.65,99.39,100.0,90.22,89.03,20.18,6.0,1599.0,7.0,5.0,8.0,0.0,low
stu_06407,class_024,100.0,62.12,59.83,54.97,74.41,33.51,27.15,10.0,1385.0,6.0,4.0,8.0,0.0,medium
stu_06408,class_036,87.47,100.0,78.71,89.47,86.24,79.74,35.01,14.0,2251.0,10.0,4.0,12.0,1.0,low
stu_06409,class_010,28.01,25.78,27.54,36.43,22.77,24.25,22.79,2.0,479.0,2.0,1.0,8.0,2.0,high
stu_06410,class_003,93.58,100.0,83.78,67.98,91.23,73.54,19.09,18.0,2361.0,10.0,6.0,23.0,1.0,low
stu_06411,class_024,36.33,47.67,80.32,73.47,52.79,67.72,43.01,4.0,1281.0,6.0,2.0,3.0,2.0,medium
stu_06412,class_027,31.87,45.17,83.68,92.08,56.22,57.96,62.39,8.0,1627.0,7.0,3.0,12.0,0.0,medium
stu_06413,class_018,81.66,86.02,77.85,74.36,82.89,89.22,32.15,13.0,1795.0,8.0,3.0,12.0,0.0,low
stu_06414,class_018,80.16,83.58,92.4,100.0,82.15,65.74,26.06,5.0,1673.0,7.0,4.0,9.0,0.0,low
stu_06415,class_022,59.41,65.93,52.4,58.91,62.29,94.89,25.38,9.0,1450.0,6.0,2.0,11.0,0.0,medium
stu_06416,class_033,88.18,75.4,83.2,82.77,80.97,63.63,28.1,13.0,2011.0,9.0,5.0,24.0,1.0,low
stu_06417,class_002,41.57,32.82,72.2,87.8,52.08,71.62,22.26,7.0,2088.0,9.0,5.0,10.0,2.0,low
stu_06418,class_029,85.73,69.68,69.24,75.7,80.51,79.54,21.0,13.0,1682.0,7.0,3.0,13.0,0.0,low
stu_06419,class_037,78.99,63.83,61.22,82.9,72.89,71.74,28.1,8.0,1366.0,6.0,2.0,14.0,0.0,medium
stu_06420,class_001,100.0,83.15,92.38,86.93,91.32,72.71,22.16,10.0,,8.0,4.0,12.0,0.0,low
stu_06421,class_033,85.16,73.68,93.09,78.67,85.16,87.22,21.48,15.0,1916.0,8.0,4.0,14.0,0.0,low
stu_06422,class_040,69.94,86.95,88.52,91.44,80.05,79.45,34.83,10.0,1841.0,8.0,3.0,13.0,1.0,low
stu_06423,class_010,68.17,63.63,58.36,55.69,66.58,75.24,,5.0,1263.0,6.0,1.0,7.0,0.0,medium
stu_06424,class_028,37.41,37.97,33.78,34.51,35.47,51.87,33.18,1.0,530.0,3.0,1.0,1.0,2.0,medium
stu_06425,class_015,30.31,58.4,0.0,0.0,30.96,41.01,85.29,3.0,1313.0,6.0,3.0,6.0,1.0,high
stu_06426,class_032,0.24,16.82,62.06,62.72,23.05,2.87,15.91,3.0,443.0,2.0,0.0,5.0,5.0,high
stu_06427,class_034,92.6,78.83,90.73,83.66,85.03,57.88,17.08,6.0,1744.0,7.0,5.0,13.0,0.0,low
stu_06428,class_040,91.79,78.61,87.06,84.98,84.6,86.07,19.75,8.0,1708.0,7.0,4.0,14.0,2.0,low
stu_06429,class_021,72.95,44.55,62.36,64.46,58.46,40.23,43.97,1.0,750.0,4.0,1.0,0.0,3.0,medium
stu_06430,class_027,56.02,82.62,48.08,37.75,53.9,33.86,40.6,0.0,1485.0,6.0,3.0,0.0,0.0,medium
stu_06431,class_023,55.4,100.0,73.78,69.08,73.6,44.01,45.28,8.0,1907.0,8.0,2.0,15.0,2.0,medium
stu_06432,class_013,81.75,90.93,86.28,80.38,79.77,70.75,52.11,17.0,2067.0,9.0,6.0,30.0,0.0,low
stu_06433,class_014,60.05,30.23,41.28,84.35,46.06,56.33,25.27,9.0,6030.0,24.0,13.0,,3.0,medium
stu_06434,class_001,91.62,64.72,76.06,71.29,76.32,67.1,14.66,15.0,1717.0,7.0,4.0,18.0,1.0,low
stu_06435,class_015,100.0,77.72,82.26,80.56,85.47,86.08,40.29,10.0,1792.0,8.0,,17.0,1.0,low
stu_06436,class_018,77.39,80.7,48.8,49.9,62.93,28.73,92.56,3.0,629.0,3.0,0.0,4.0,6.0,high
stu_06437,class_023,38.87,37.26,15.67,4.03,30.77,9.99,78.69,3.0,723.0,3.0,1.0,3.0,2.0,high
stu_06438,class_037,96.98,93.07,91.22,87.26,94.89,79.34,28.56,12.0,1868.0,8.0,5.0,12.0,0.0,low
stu_06439,class_037,80.51,75.7,45.39,42.52,65.7,41.2,44.55,5.0,1465.0,6.0,3.0,3.0,1.0,medium
stu_06440,class_037,72.97,58.0,32.65,38.77,60.31,84.03,23.26,15.0,2137.0,9.0,5.0,12.0,4.0,low
stu_06441,class_026,79.7,89.19,82.61,91.68,85.71,100.0,20.55,6.0,1663.0,7.0,,8.0,0.0,low
stu_06442,class_020,56.35,0.26,13.14,6.04,29.9,48.95,19.09,4.0,65.0,1.0,1.0,4.0,4.0,high
stu_06443,class_014,72.72,65.88,74.61,78.37,65.19,24.6,41.65,6.0,1346.0,6.0,2.0,12.0,2.0,medium
stu_06444,class_011,85.21,85.96,77.7,77.25,79.96,85.53,22.68,12.0,2061.0,9.0,4.0,11.0,0.0,low
stu_06445,class_013,91.96,70.33,79.85,61.73,79.2,55.99,127.96,10.0,1554.0,7.0,3.0,14.0,3.0,medium
stu_06446,class_013,55.12,40.11,35.49,47.57,42.99,4.73,49.21,3.0,516.0,3.0,0.0,1.0,4.0,high
stu_06447,class_008,72.51,91.52,87.07,93.12,83.35,100.0,36.74,9.0,1915.0,8.0,3.0,12.0,0.0,low
stu_06448,class_006,84.12,92.03,56.37,66.33,71.32,39.74,43.88,0.0,1950.0,8.0,4.0,0.0,4.0,medium
stu_06449,class_029,24.97,50.34,34.85,43.68,27.76,17.16,77.52,0.0,990.0,4.0,1.0,0.0,4.0,high
stu_06450,class_029,7.74,32.08,47.5,54.08,22.55,16.47,156.81,0.0,582.0,3.0,0.0,0.0,2.0,high
stu_06451,class_021,46.98,18.16,55.47,62.89,49.91,100.0,30.6,7.0,718.0,3.0,1.0,13.0,2.0,medium
stu_06452,class_012,6.39,43.49,49.88,46.43,30.08,58.33,22.11,3.0,661.0,3.0,1.0,2.0,3.0,high
stu_06453,class_015,53.01,32.54,68.21,63.52,51.69,39.71,28.3,4.0,717.0,3.0,1.0,7.0,3.0,medium
stu_06454,class_029,34.02,43.08,77.93,84.89,52.15,68.67,22.31,5.0,1160.0,5.0,2.0,6.0,0.0,low
stu_06455,class_039,33.1,15.22,75.26,84.65,40.61,41.63,47.16,2.0,192.0,1.0,0.0,0.0,5.0,high
stu_06456,class_021,86.56,91.51,63.02,61.28,85.47,100.0,15.96,14.0,2032.0,9.0,4.0,28.0,1.0,low
stu_06457,class_012,80.19,84.13,96.17,97.96,84.2,76.01,23.0,5.0,1555.0,7.0,5.0,7.0,0.0,low
stu_06458,class_017,9.73,37.34,53.33,55.92,25.3,12.9,67.26,2.0,805.0,4.0,1.0,1.0,4.0,high
stu_06459,class_038,47.31,53.13,88.57,84.11,65.32,73.49,52.0,10.0,1359.0,6.0,3.0,11.0,2.0,medium
stu_06460,class_034,70.56,76.17,72.58,66.76,73.94,87.5,22.32,8.0,1457.0,6.0,2.0,13.0,0.0,low
stu_06461,class_038,73.38,67.25,79.88,75.37,78.45,80.2,13.01,18.0,1875.0,8.0,2.0,17.0,0.0,low
stu_06462,class_022,53.27,74.24,75.76,72.95,65.18,59.19,26.42,5.0,1478.0,6.0,3.0,5.0,3.0,medium
stu_06463,class_009,55.7,38.97,31.85,35.94,52.68,71.44,20.24,6.0,983.0,4.0,2.0,10.0,1.0,medium
stu_06464,class_028,52.27,79.5,43.29,51.2,55.65,38.94,33.18,1.0,1555.0,7.0,2.0,4.0,0.0,medium
stu_06465,class_033,79.41,61.97,77.34,85.57,76.43,75.57,28.9,17.0,1596.0,7.0,2.0,17.0,1.0,low
stu_06466,class_004,54.21,89.08,67.43,62.84,68.39,63.5,49.63,10.0,1865.0,8.0,2.0,9.0,4.0,medium
stu_06467,class_026,69.73,0.83,37.85,37.46,38.5,39.26,23.56,0.0,0.0,1.0,0.0,0.0,4.0,high
stu_06468,class_039,63.82,41.99,38.68,34.74,43.75,36.16,38.96,0.0,685.0,3.0,1.0,0.0,3.0,medium
stu_06469,class_038,69.37,27.59,51.08,47.66,52.87,83.47,40.24,5.0,630.0,3.0,0.0,4.0,2.0,medium
stu_06470,class_001,74.78,64.97,52.36,35.78,68.2,26.17,29.28,6.0,1373.0,6.0,2.0,4.0,2.0,medium
stu_06471,class_001,90.1,74.68,79.08,74.97,78.1,64.6,16.69,11.0,1720.0,7.0,3.0,17.0,0.0,low
stu_06472,class_036,85.83,74.64,37.46,35.68,71.71,78.01,42.62,8.0,1021.0,5.0,1.0,4.0,5.0,medium
stu_06473,class_038,67.4,70.24,57.09,60.6,57.57,16.97,15.44,0.0,1552.0,7.0,2.0,0.0,1.0,medium
stu_06474,class_017,89.8,78.09,83.67,76.5,85.27,84.91,21.28,11.0,1626.0,7.0,4.0,14.0,0.0,low
stu_06475,class_035,42.6,0.0,59.94,68.16,32.37,19.57,72.81,3.0,0.0,1.0,0.0,10.0,4.0,high
stu_06476,class_035,58.09,56.64,100.0,93.13,68.04,29.61,36.36,9.0,1250.0,6.0,2.0,14.0,1.0,medium
stu_06477,class_021,65.34,47.59,35.61,35.37,51.76,66.5,25.53,10.0,1050.0,5.0,1.0,18.0,1.0,medium
stu_06478,class_040,89.4,94.37,81.34,87.05,79.96,52.29,38.72,0.0,2022.0,9.0,5.0,0.0,0.0,low
stu_06479,class_008,66.02,86.07,79.47,87.41,70.48,43.46,32.92,3.0,1699.0,7.0,2.0,1.0,2.0,medium
stu_06480,class_039,82.47,82.28,93.65,98.2,80.16,38.34,20.77,0.0,2056.0,9.0,6.0,0.0,0.0,low
stu_06481,class_035,87.27,90.07,86.94,88.71,83.72,76.24,11.95,7.0,1742.0,7.0,4.0,12.0,0.0,low
stu_06482,class_024,94.23,70.79,92.25,99.52,89.54,89.25,25.73,0.0,1502.0,7.0,4.0,13.0,0.0,low
stu_06483,class_007,31.65,69.84,68.35,78.93,55.0,65.48,20.11,9.0,1909.0,8.0,2.0,16.0,4.0,medium
stu_06484,class_025,35.51,28.0,51.58,50.66,35.74,22.0,77.44,0.0,813.0,4.0,1.0,0.0,4.0,high
stu_06485,class_038,100.0,93.4,75.84,78.24,88.6,68.94,30.41,9.0,1777.0,8.0,3.0,6.0,0.0,low
stu_06486,class_021,85.45,55.09,20.93,27.08,57.16,57.29,24.13,4.0,677.0,3.0,1.0,5.0,3.0,medium
stu_06487,class_022,22.9,55.61,23.65,,31.1,3.73,50.8,4.0,1346.0,6.0,2.0,1.0,3.0,high
stu_06488,class_013,87.39,75.93,98.59,100.0,83.85,93.68,15.55,5.0,,6.0,5.0,5.0,1.0,low
stu_06489,class_029,79.9,86.64,88.11,97.43,90.83,83.75,30.47,10.0,1766.0,8.0,4.0,12.0,1.0,low
stu_06490,class_029,84.94,78.74,54.0,61.0,71.26,60.87,23.97,8.0,1744.0,7.0,3.0,11.0,0.0,medium
stu_06491,class_013,81.25,45.33,31.17,39.47,59.45,45.68,39.51,8.0,1059.0,5.0,2.0,6.0,2.0,medium
stu_06492,class_017,89.91,89.5,83.58,93.68,78.65,,29.28,0.0,2012.0,9.0,5.0,0.0,2.0,low
stu_06493,class_015,21.88,31.62,95.62,77.56,42.87,70.77,59.15,5.0,1304.0,6.0,2.0,7.0,1.0,medium
stu_06494,class_035,22.32,49.04,28.45,32.09,28.11,41.03,41.51,3.0,875.0,4.0,2.0,0.0,3.0,high
stu_06495,class_010,68.19,78.16,70.6,81.95,74.09,93.47,32.9,13.0,1887.0,8.0,2.0,10.0,0.0,low
stu_06496,class_006,73.37,83.47,93.63,87.31,87.39,80.8,30.88,12.0,1970.0,8.0,4.0,9.0,0.0,low
stu_06497,class_032,92.63,63.82,74.42,60.37,75.73,38.69,53.17,7.0,1193.0,5.0,3.0,10.0,0.0,medium
stu_06498,class_029,97.24,79.59,84.88,75.28,87.47,70.35,28.71,9.0,1807.0,8.0,,15.0,0.0,low
stu_06499,class_009,93.86,71.44,100.0,100.0,92.65,80.47,27.98,18.0,1770.0,8.0,,18.0,0.0,low
stu_06500,class_022,24.47,32.46,37.01,34.64,26.56,23.4,43.72,5.0,499.0,2.0,0.0,3.0,2.0,high
stu_06501,class_017,75.3,82.07,98.94,100.0,84.43,87.4,32.95,9.0,1423.0,6.0,4.0,11.0,0.0,low
stu_06502,class_035,78.16,70.68,57.85,53.69,70.97,68.97,78.94,0.0,1396.0,6.0,2.0,3.0,0.0,medium
stu_06503,class_016,95.95,70.27,84.43,84.91,81.36,67.94,,15.0,1651.0,7.0,5.0,16.0,0.0,low
stu_06504,class_032,27.44,48.3,30.27,39.08,29.74,17.3,57.4,0.0,1047.0,5.0,1.0,0.0,4.0,high
stu_06505,class_036,74.5,92.2,87.43,90.89,85.34,74.03,22.43,13.0,2039.0,9.0,5.0,18.0,1.0,low
stu_06506,class_039,22.59,7.37,77.33,84.61,48.0,100.0,12.31,13.0,1534.0,7.0,4.0,14.0,2.0,low
stu_06507,class_016,34.44,19.33,83.46,79.22,52.06,69.18,17.75,10.0,2091.0,9.0,0.0,9.0,2.0,low
stu_06508,class_004,84.96,82.61,95.2,81.26,81.99,65.96,31.64,9.0,1698.0,7.0,4.0,15.0,0.0,low
stu_06509,class_030,55.57,54.76,78.79,78.15,62.03,73.53,57.07,6.0,868.0,4.0,1.0,13.0,2.0,medium
stu_06510,class_023,95.24,78.67,72.05,78.22,84.05,84.11,14.94,5.0,1582.0,7.0,4.0,4.0,0.0,low
stu_06511,class_004,95.33,76.63,83.9,86.16,88.21,100.0,13.74,7.0,1397.0,6.0,5.0,12.0,0.0,low
stu_06512,class_015,79.03,96.99,88.98,100.0,88.21,96.94,23.62,11.0,2169.0,9.0,5.0,20.0,0.0,low
stu_06513,class_001,,4.72,39.01,32.44,23.53,23.96,59.81,0.0,18.0,1.0,0.0,0.0,2.0,high
stu_06514,class_023,52.09,31.29,43.7,46.41,36.59,4.11,274.13,0.0,494.0,2.0,0.0,0.0,6.0,high
stu_06515,class_013,72.09,85.77,69.57,82.15,78.27,69.97,33.03,7.0,1784.0,8.0,3.0,9.0,1.0,low
stu_06516,class_040,79.61,100.0,80.78,74.8,84.59,89.47,25.85,6.0,1754.0,8.0,3.0,6.0,0.0,low
stu_06517,class_020,77.92,62.91,18.12,17.63,56.07,69.17,28.96,7.0,1488.0,6.0,3.0,14.0,0.0,medium
stu_06518,class_005,91.52,60.08,88.34,97.12,84.94,92.79,24.84,14.0,1380.0,6.0,4.0,13.0,0.0,low
stu_06519,class_008,83.26,73.8,93.0,91.72,76.09,65.0,30.3,0.0,1747.0,7.0,4.0,0.0,0.0,low
stu_06520,class_034,58.33,7.97,61.55,45.5,39.5,20.65,31.59,0.0,175.0,1.0,1.0,0.0,2.0,high
stu_06521,class_021,100.0,64.13,83.94,70.19,78.16,43.84,36.82,3.0,1250.0,6.0,3.0,4.0,0.0,medium
stu_06522,class_026,83.46,91.11,77.79,82.14,87.7,86.26,18.03,15.0,2003.0,9.0,5.0,11.0,1.0,low
stu_06523,class_037,41.54,45.01,45.06,59.0,38.9,37.27,42.78,5.0,907.0,4.0,1.0,7.0,2.0,high
stu_06524,class_027,100.0,74.88,90.48,92.52,91.13,79.84,24.88,10.0,1554.0,7.0,4.0,9.0,0.0,low
stu_06525,class_009,100.0,57.12,75.45,68.66,76.93,52.61,24.02,0.0,1217.0,5.0,2.0,0.0,0.0,low
stu_06526,class_007,80.4,88.32,93.72,87.12,85.4,85.42,21.41,16.0,2090.0,9.0,5.0,14.0,0.0,low
stu_06527,class_035,31.03,55.67,8.55,16.65,28.88,33.71,73.96,2.0,897.0,4.0,1.0,0.0,4.0,high
stu_06528,class_032,85.77,76.37,82.97,80.47,77.88,64.13,23.09,8.0,1553.0,7.0,5.0,11.0,0.0,low
stu_06529,class_003,65.83,51.51,68.21,70.49,62.4,72.61,78.12,3.0,992.0,4.0,1.0,2.0,1.0,medium
stu_06530,class_037,72.17,76.06,84.04,93.6,77.23,92.52,14.92,5.0,1389.0,6.0,3.0,8.0,0.0,low
stu_06531,class_007,82.37,77.18,35.03,20.89,65.3,96.38,56.61,2.0,1516.0,7.0,3.0,4.0,0.0,medium
stu_06532,class_002,50.12,66.89,83.64,87.22,70.13,81.03,,8.0,1509.0,7.0,3.0,12.0,4.0,medium
stu_06533,class_018,74.61,77.79,51.1,57.67,68.1,71.61,22.75,7.0,1433.0,6.0,3.0,6.0,0.0,medium
stu_06534,class_022,30.68,34.88,53.6,52.93,34.08,,99.62,0.0,358.0,2.0,1.0,0.0,3.0,high
stu_06535,class_013,83.03,54.25,41.83,46.09,67.13,76.92,23.16,12.0,1203.0,5.0,4.0,17.0,6.0,low
stu_06536,class_032,90.01,55.32,54.38,49.16,69.85,67.61,51.51,2.0,1164.0,5.0,3.0,0.0,2.0,medium
stu_06537,class_001,90.59,52.61,73.8,76.8,78.54,100.0,15.32,7.0,922.0,4.0,2.0,8.0,0.0,low
stu_06538,class_022,47.99,23.28,44.54,42.13,44.13,52.98,60.02,4.0,411.0,2.0,0.0,2.0,6.0,high
stu_06539,class_011,77.24,75.72,91.44,100.0,77.82,72.51,19.02,12.0,1823.0,8.0,4.0,12.0,0.0,low
stu_06540,class_019,73.46,47.06,54.46,50.99,54.42,47.24,57.97,0.0,781.0,4.0,2.0,0.0,2.0,medium
stu_06541,class_017,69.94,31.61,86.2,69.24,58.43,63.86,33.41,5.0,834.0,4.0,3.0,8.0,1.0,medium
stu_06542,class_036,77.9,82.58,68.93,60.99,78.28,81.01,32.12,9.0,1866.0,8.0,2.0,9.0,1.0,low
stu_06543,class_039,82.68,71.77,84.73,73.45,74.33,59.64,15.02,7.0,1311.0,6.0,5.0,16.0,,low
stu_06544,class_036,83.76,71.53,88.02,83.91,81.62,92.09,25.16,16.0,1685.0,7.0,4.0,23.0,2.0,low
stu_06545,class_026,32.0,67.65,94.1,,61.7,90.91,31.61,14.0,1607.0,7.0,3.0,12.0,1.0,low
stu_06546,class_027,68.95,65.22,44.61,44.3,60.45,49.44,65.75,3.0,1359.0,6.0,2.0,1.0,1.0,medium
stu_06547,class_018,95.86,87.93,96.48,97.67,92.95,78.51,37.65,12.0,1891.0,8.0,4.0,21.0,0.0,low
stu_06548,class_038,73.66,74.56,84.16,96.17,79.09,89.85,18.62,18.0,1849.0,8.0,4.0,23.0,0.0,low
stu_06549,class_003,86.39,80.06,87.2,89.23,85.72,70.47,14.98,10.0,1748.0,7.0,4.0,21.0,0.0,low
stu_06550,class_019,60.65,86.94,92.82,93.45,69.29,50.35,44.92,1.0,1463.0,6.0,3.0,2.0,3.0,medium
stu_06551,class_018,75.24,72.68,88.7,88.12,76.24,42.71,43.46,8.0,1577.0,7.0,4.0,8.0,1.0,medium
stu_06552,class_032,69.05,65.47,68.12,66.79,71.54,71.54,22.27,3.0,1333.0,6.0,3.0,6.0,3.0,medium
stu_06553,class_022,56.61,66.64,59.41,69.15,61.5,57.94,39.71,6.0,1302.0,6.0,2.0,8.0,2.0,medium
stu_06554,class_025,49.41,25.26,37.12,28.21,36.6,39.24,86.76,3.0,634.0,3.0,0.0,2.0,4.0,high
stu_06555,class_033,79.93,98.12,76.66,,87.32,96.18,31.91,13.0,2073.0,9.0,4.0,16.0,1.0,low
stu_06556,class_034,77.25,91.5,82.89,76.16,84.83,80.44,19.44,11.0,2058.0,9.0,4.0,11.0,0.0,low
stu_06557,class_023,78.53,57.75,81.75,81.34,75.12,94.89,21.4,14.0,1280.0,6.0,3.0,10.0,0.0,low
stu_06558,class_014,52.94,40.3,79.7,93.0,56.03,42.86,115.27,5.0,1045.0,5.0,1.0,3.0,2.0,high
stu_06559,class_028,72.71,70.58,86.48,100.0,76.53,77.61,17.03,9.0,1713.0,7.0,3.0,7.0,1.0,low
stu_06560,class_039,48.01,63.46,76.91,88.31,65.0,69.4,40.74,7.0,1609.0,7.0,3.0,3.0,1.0,low
stu_06561,class_029,77.83,89.53,87.59,90.81,77.38,64.55,16.22,5.0,1701.0,7.0,4.0,0.0,0.0,low
stu_06562,class_016,87.28,56.76,43.03,43.11,66.95,85.3,15.41,7.0,1522.0,7.0,4.0,11.0,4.0,low
stu_06563,class_018,45.4,42.1,56.08,50.69,54.38,72.0,26.88,10.0,1135.0,5.0,1.0,19.0,1.0,medium
stu_06564,class_018,20.63,33.68,40.65,28.69,30.83,52.87,15.43,4.0,772.0,4.0,1.0,1.0,5.0,high
stu_06565,class_006,49.15,12.29,43.43,39.36,30.5,4.29,57.53,5.0,351.0,2.0,0.0,8.0,4.0,high
stu_06566,class_022,84.55,77.65,79.35,86.39,82.84,64.59,19.65,18.0,2056.0,9.0,4.0,33.0,0.0,low
stu_06567,class_032,98.06,99.43,92.11,92.37,95.38,72.32,36.87,0.0,2156.0,9.0,5.0,16.0,0.0,low
stu_06568,class_036,69.47,41.76,62.83,57.12,57.37,38.01,88.18,5.0,820.0,4.0,1.0,7.0,2.0,medium
stu_06569,class_003,51.23,87.02,54.29,55.68,63.67,71.56,32.04,7.0,1536.0,7.0,2.0,9.0,0.0,medium
stu_06570,class_017,46.79,25.97,52.18,53.48,42.83,16.75,55.06,1.0,522.0,3.0,1.0,3.0,6.0,high
stu_06571,class_021,61.28,45.33,63.1,42.24,58.69,68.81,21.18,7.0,1095.0,5.0,1.0,9.0,1.0,medium
stu_06572,class_004,100.0,81.66,93.25,93.63,94.31,85.92,17.91,16.0,1919.0,8.0,4.0,27.0,0.0,low
stu_06573,class_039,59.48,59.97,57.05,46.25,59.19,77.49,32.17,4.0,1337.0,6.0,2.0,4.0,2.0,medium
stu_06574,class_026,77.7,86.63,96.42,97.86,92.98,100.0,16.31,17.0,1968.0,8.0,5.0,25.0,,low
stu_06575,class_038,62.7,97.18,54.62,41.0,68.6,35.38,18.31,3.0,1761.0,8.0,2.0,6.0,0.0,medium
stu_06576,class_026,83.84,86.66,84.21,90.7,85.04,70.56,50.62,16.0,,9.0,5.0,12.0,0.0,low
stu_06577,class_003,86.27,69.43,100.0,99.51,87.95,77.54,38.84,12.0,1391.0,6.0,5.0,20.0,0.0,low
stu_06578,class_024,96.1,88.64,99.38,96.32,93.21,83.68,20.93,6.0,1920.0,8.0,4.0,9.0,1.0,low
stu_06579,class_040,68.07,91.28,83.39,71.28,81.87,94.62,16.45,5.0,1766.0,8.0,3.0,3.0,1.0,low
stu_06580,class_028,53.2,57.41,85.3,77.29,63.67,53.13,32.98,1.0,1036.0,5.0,2.0,0.0,3.0,medium
stu_06581,class_024,88.96,63.83,38.93,35.47,76.29,89.14,14.1,16.0,1759.0,8.0,,16.0,7.0,low
stu_06582,class_004,21.1,11.86,56.7,71.27,28.88,29.0,63.7,0.0,254.0,2.0,1.0,0.0,3.0,high
stu_06583,class_009,87.22,65.35,86.43,93.37,80.68,98.59,20.43,6.0,1303.0,6.0,5.0,9.0,0.0,low
stu_06584,class_006,100.0,98.34,85.07,96.94,93.96,79.18,20.83,16.0,2188.0,9.0,5.0,26.0,0.0,low
stu_06585,class_008,28.87,51.15,18.39,26.43,26.39,18.81,81.52,0.0,1080.0,5.0,1.0,0.0,1.0,high
stu_06586,class_016,92.7,100.0,78.1,75.34,90.16,74.2,16.85,18.0,2584.0,11.0,4.0,25.0,1.0,low
stu_06587,class_010,44.61,57.17,39.07,64.45,49.11,89.59,18.23,3.0,5375.0,21.0,10.0,22.0,2.0,medium
stu_06588,class_029,85.55,55.37,56.8,59.0,70.82,,54.01,9.0,1277.0,6.0,2.0,9.0,2.0,medium
stu_06589,class_038,99.45,92.03,98.87,100.0,94.0,82.73,48.27,13.0,2051.0,9.0,5.0,19.0,2.0,low
stu_06590,class_028,88.23,76.37,56.82,49.63,69.51,60.87,43.56,2.0,1507.0,7.0,3.0,3.0,3.0,medium
stu_06591,class_014,36.82,80.16,31.5,44.42,43.06,49.67,31.61,7.0,1622.0,7.0,2.0,9.0,2.0,medium
stu_06592,class_013,58.54,47.39,50.57,42.66,54.49,80.19,33.76,3.0,761.0,4.0,1.0,2.0,2.0,medium
stu_06593,class_013,84.92,78.21,88.67,90.01,89.35,90.4,17.6,12.0,1780.0,8.0,5.0,13.0,2.0,low
stu_06594,class_005,80.01,53.24,49.63,43.94,61.53,77.91,43.94,4.0,1137.0,5.0,2.0,3.0,0.0,medium
stu_06595,class_024,76.9,83.14,90.87,76.78,81.77,89.87,21.99,6.0,1559.0,7.0,3.0,6.0,0.0,low
stu_06596,class_017,54.36,93.97,41.52,31.73,59.39,71.71,40.99,8.0,2036.0,9.0,3.0,10.0,0.0,medium
stu_06597,class_015,48.53,62.8,48.05,46.38,58.18,72.8,68.23,1.0,1232.0,5.0,2.0,0.0,0.0,medium
stu_06598,class_023,82.43,77.98,77.54,69.28,78.12,84.71,17.61,6.0,1721.0,7.0,3.0,8.0,0.0,low
stu_06599,class_015,61.02,61.16,58.1,60.84,62.6,54.65,21.17,8.0,1242.0,5.0,1.0,8.0,2.0,medium
stu_06600,class_023,86.05,83.68,79.09,80.98,82.89,61.55,19.05,8.0,1695.0,7.0,3.0,14.0,0.0,low
stu_06601,class_031,80.62,91.97,83.46,86.53,82.37,85.88,20.77,8.0,1919.0,8.0,4.0,12.0,0.0,low
stu_06602,class_005,71.65,72.07,96.14,92.3,77.27,68.66,15.24,13.0,1531.0,7.0,4.0,21.0,1.0,low
stu_06603,class_027,84.93,68.25,93.18,93.21,77.04,57.82,22.68,12.0,1667.0,7.0,4.0,23.0,1.0,low
stu_06604,class_035,81.4,82.21,59.06,61.19,63.79,39.56,29.48,9.0,1973.0,8.0,4.0,7.0,0.0,medium
stu_06605,class_005,90.58,84.82,95.42,100.0,85.6,72.06,12.42,9.0,1725.0,7.0,4.0,7.0,0.0,low
stu_06606,class_011,26.99,14.45,20.33,22.65,29.54,40.43,207.42,5.0,456.0,2.0,0.0,6.0,5.0,high
stu_06607,class_031,29.21,38.78,10.69,0.0,24.98,22.67,63.72,1.0,830.0,4.0,2.0,0.0,1.0,high
stu_06608,class_015,85.18,97.7,80.01,90.57,89.27,80.07,19.74,9.0,1880.0,8.0,5.0,7.0,0.0,low
stu_06609,class_034,60.22,70.05,62.99,74.06,61.79,46.47,30.4,2.0,1185.0,5.0,2.0,0.0,0.0,medium
stu_06610,class_028,57.99,56.97,92.38,85.81,65.83,66.5,17.68,1.0,1114.0,5.0,3.0,0.0,1.0,medium
stu_06611,class_040,39.85,48.4,93.79,86.73,58.43,48.09,36.3,7.0,1050.0,5.0,2.0,6.0,1.0,medium
stu_06612,class_034,95.37,36.12,62.23,65.78,71.03,63.08,18.98,8.0,950.0,4.0,2.0,11.0,1.0,medium
stu_06613,class_023,35.07,30.66,45.95,42.63,32.29,2.91,31.87,3.0,524.0,3.0,0.0,2.0,1.0,high
stu_06614,class_008,77.38,91.83,81.73,83.75,80.1,70.18,23.88,14.0,2111.0,9.0,4.0,23.0,0.0,low
stu_06615,class_020,16.98,30.11,7.55,11.54,21.55,27.29,62.06,0.0,531.0,3.0,0.0,0.0,1.0,high
stu_06616,class_002,44.48,35.0,83.7,85.32,58.41,61.95,24.81,11.0,1883.0,8.0,5.0,15.0,0.0,low
stu_06617,class_024,42.11,29.95,28.93,30.29,30.57,23.92,55.84,2.0,560.0,3.0,0.0,1.0,5.0,high
stu_06618,class_004,83.32,85.75,78.5,79.73,70.74,16.75,30.29,0.0,1483.0,6.0,3.0,0.0,0.0,low
stu_06619,class_032,45.84,24.25,17.02,14.46,24.89,0.0,106.19,0.0,309.0,2.0,1.0,0.0,3.0,high
stu_06620,class_032,96.85,25.93,55.62,54.47,62.77,48.34,37.03,8.0,795.0,4.0,2.0,15.0,4.0,medium
stu_06621,class_025,64.95,74.14,100.0,100.0,77.06,94.6,15.17,11.0,1912.0,8.0,3.0,12.0,1.0,low
stu_06622,class_014,87.53,54.09,39.94,54.54,59.03,51.16,28.23,2.0,1091.0,5.0,3.0,0.0,2.0,medium
stu_06623,class_004,86.5,71.67,98.26,100.0,86.47,85.83,27.02,9.0,1672.0,7.0,5.0,12.0,0.0,low
stu_06624,class_022,57.69,6.97,0.0,1.2,21.66,11.26,99.71,1.0,112.0,1.0,0.0,3.0,2.0,high
stu_06625,class_039,52.61,49.47,88.76,75.91,59.34,60.11,29.54,5.0,1058.0,5.0,2.0,2.0,4.0,medium
stu_06626,class_036,52.33,80.67,57.29,54.5,61.72,74.76,25.27,2.0,0.0,7.0,2.0,1.0,2.0,medium
stu_06627,class_019,84.7,76.74,76.58,63.83,78.35,69.53,15.59,8.0,1825.0,8.0,3.0,11.0,0.0,low
stu_06628,class_039,66.34,60.77,36.01,29.8,54.68,64.95,53.95,1.0,1215.0,5.0,2.0,0.0,0.0,medium
stu_06629,class_026,89.45,92.67,86.76,100.0,86.94,82.12,21.35,7.0,1906.0,8.0,4.0,10.0,0.0,low
stu_06630,class_027,36.93,13.06,55.57,59.39,40.97,50.45,35.25,5.0,493.0,2.0,1.0,8.0,2.0,high
stu_06631,class_036,83.28,79.25,80.17,70.75,71.0,27.73,21.72,0.0,1897.0,8.0,5.0,0.0,0.0,low
stu_06632,class_019,60.13,35.2,38.52,43.63,45.67,56.38,32.15,0.0,898.0,4.0,1.0,0.0,4.0,medium
stu_06633,class_034,89.99,88.31,73.31,72.49,86.43,91.85,10.7,18.0,2048.0,9.0,5.0,15.0,0.0,low
stu_06634,class_010,59.8,81.99,44.79,38.64,54.62,20.97,50.19,2.0,1701.0,7.0,3.0,,2.0,medium
stu_06635,class_025,87.42,86.93,74.05,66.38,84.41,72.91,41.51,6.0,1631.0,7.0,4.0,9.0,0.0,low
stu_06636,class_018,94.36,79.11,76.75,75.43,84.04,89.86,20.79,9.0,1723.0,7.0,3.0,12.0,0.0,low
stu_06637,class_006,97.43,82.2,78.96,75.79,92.1,92.98,25.77,15.0,1892.0,8.0,3.0,12.0,0.0,low
stu_06638,class_011,61.39,63.53,53.11,48.27,66.31,57.0,34.34,8.0,1339.0,6.0,2.0,13.0,4.0,medium
stu_06639,class_008,65.54,57.95,48.2,45.56,64.32,86.05,29.63,10.0,1409.0,6.0,2.0,20.0,1.0,medium
stu_06640,class_018,38.84,64.95,75.14,70.06,57.33,89.99,24.01,9.0,1455.0,6.0,3.0,6.0,,low
stu_06641,class_011,78.37,79.03,76.99,78.54,79.08,96.68,23.13,16.0,1883.0,8.0,,23.0,1.0,low
stu_06642,class_030,77.44,39.46,50.74,51.52,59.64,47.48,29.92,7.0,783.0,4.0,2.0,3.0,2.0,medium
stu_06643,class_022,91.49,76.91,85.36,81.98,84.8,81.45,31.63,6.0,1414.0,,4.0,1.0,0.0,low
stu_06644,class_018,84.96,100.0,74.05,74.83,89.42,92.82,32.95,11.0,2240.0,9.0,5.0,13.0,0.0,low
stu_06645,class_015,67.28,74.55,85.36,74.34,70.64,60.38,17.58,6.0,1485.0,6.0,3.0,3.0,2.0,medium
stu_06646,class_036,54.58,63.21,40.81,34.35,54.08,27.56,81.31,3.0,1197.0,5.0,2.0,0.0,3.0,high
stu_06647,class_019,,73.07,52.74,70.0,78.23,100.0,25.66,11.0,1606.0,7.0,2.0,16.0,4.0,low
stu_06648,class_030,74.99,72.5,52.34,51.03,68.34,70.99,23.98,7.0,1627.0,7.0,2.0,9.0,1.0,medium
stu_06649,class_019,96.41,78.41,75.7,70.58,71.4,55.8,26.34,0.0,1785.0,8.0,3.0,0.0,0.0,low
stu_06650,class_027,94.0,89.7,99.09,100.0,100.0,100.0,29.2,10.0,2118.0,9.0,5.0,20.0,0.0,low
stu_06651,class_032,88.26,95.9,79.27,71.02,79.82,29.95,25.53,0.0,2263.0,10.0,4.0,0.0,1.0,low
stu_06652,class_030,28.52,32.86,29.06,39.55,25.73,23.32,24.06,2.0,646.0,3.0,0.0,5.0,4.0,high
stu_06653,class_030,95.59,86.86,94.98,96.57,94.46,84.03,16.73,9.0,1766.0,8.0,4.0,18.0,0.0,low
stu_06654,class_028,4.11,57.61,41.47,42.17,30.74,60.73,64.91,1.0,1102.0,5.0,2.0,1.0,6.0,high
stu_06655,class_029,98.62,88.87,84.16,71.81,94.55,100.0,25.97,8.0,1823.0,8.0,4.0,10.0,1.0,low
stu_06656,class_028,14.78,48.8,34.4,26.8,26.24,38.58,26.85,5.0,945.0,4.0,1.0,8.0,3.0,high
stu_06657,class_033,67.37,74.04,77.8,84.13,77.1,74.29,15.1,13.0,1604.0,7.0,2.0,18.0,1.0,low
stu_06658,class_040,69.73,54.39,42.91,31.02,60.71,27.74,26.36,10.0,1278.0,6.0,1.0,19.0,1.0,medium
stu_06659,class_023,14.59,14.62,,65.71,30.23,30.86,46.74,4.0,331.0,2.0,0.0,0.0,2.0,high
stu_06660,class_012,77.62,85.17,91.58,72.38,80.26,71.6,28.98,6.0,1766.0,8.0,4.0,5.0,0.0,low
stu_06661,class_034,43.0,42.54,47.16,52.36,52.19,75.49,45.07,8.0,1043.0,5.0,2.0,4.0,1.0,medium
stu_06662,class_004,50.91,31.25,48.6,48.81,50.8,67.62,26.74,6.0,763.0,4.0,1.0,8.0,1.0,medium
stu_06663,class_005,64.22,27.42,29.76,38.24,41.81,41.82,147.86,1.0,635.0,3.0,1.0,0.0,1.0,medium
stu_06664,class_030,96.25,67.97,94.86,82.19,90.47,81.98,19.05,14.0,1536.0,7.0,4.0,27.0,1.0,low
stu_06665,class_012,79.12,78.16,83.88,73.19,78.9,83.21,12.78,8.0,1420.0,6.0,3.0,5.0,0.0,low
stu_06666,class_020,33.17,37.07,39.32,45.72,40.79,36.73,29.55,3.0,718.0,3.0,2.0,2.0,5.0,high
stu_06667,class_002,48.07,73.62,45.79,45.62,60.44,62.01,33.47,10.0,1506.0,7.0,3.0,17.0,0.0,medium
stu_06668,class_014,62.57,61.22,74.57,76.11,66.88,65.36,28.4,8.0,1267.0,6.0,1.0,14.0,2.0,medium
stu_06669,class_034,81.57,74.81,72.75,79.99,77.72,78.86,38.23,14.0,1752.0,8.0,4.0,18.0,0.0,low
stu_06670,class_025,66.54,43.55,70.56,52.27,59.68,55.61,36.0,1.0,723.0,3.0,1.0,1.0,1.0,medium
stu_06671,class_016,53.75,37.32,63.61,75.23,54.73,66.13,62.29,10.0,1014.0,5.0,1.0,14.0,0.0,medium
stu_06672,class_029,41.2,56.3,51.12,49.18,45.9,47.0,32.03,4.0,1077.0,5.0,1.0,5.0,0.0,medium
stu_06673,class_009,63.17,27.15,64.61,63.96,46.51,18.12,78.62,6.0,727.0,3.0,1.0,10.0,4.0,medium
stu_06674,class_015,68.28,77.99,75.27,80.16,74.49,64.54,66.67,18.0,1816.0,8.0,3.0,29.0,0.0,low
stu_06675,class_013,21.16,78.12,90.55,83.26,59.19,82.15,31.91,17.0,1805.0,8.0,4.0,11.0,0.0,low
stu_06676,class_027,65.61,39.61,41.77,50.38,52.94,45.95,40.99,9.0,1143.0,5.0,0.0,16.0,1.0,medium
stu_06677,class_040,59.47,58.51,87.39,89.93,68.42,79.98,54.73,3.0,1365.0,6.0,4.0,3.0,2.0,medium
stu_06678,class_024,49.89,87.66,55.31,71.39,63.61,73.28,30.28,5.0,1831.0,8.0,2.0,12.0,2.0,medium
stu_06679,class_034,88.79,66.5,75.22,82.05,75.43,59.01,9.35,5.0,1014.0,5.0,3.0,7.0,0.0,low
stu_06680,class_038,27.96,42.67,88.87,91.6,51.67,70.42,26.74,7.0,1558.0,7.0,3.0,5.0,2.0,low
stu_06681,class_023,87.17,100.0,87.91,99.76,77.29,36.37,20.77,0.0,2203.0,9.0,5.0,0.0,1.0,low
stu_06682,class_039,95.15,81.69,80.3,78.45,88.34,76.05,20.43,7.0,1663.0,7.0,4.0,3.0,0.0,low
stu_06683,class_007,72.16,65.53,100.0,100.0,68.0,5.0,68.21,0.0,1385.0,6.0,4.0,0.0,0.0,medium
stu_06684,class_002,83.4,79.84,83.54,78.74,79.24,70.69,16.17,18.0,1926.0,8.0,5.0,28.0,0.0,low
stu_06685,class_017,26.94,20.08,16.99,10.37,23.1,23.34,53.69,0.0,436.0,2.0,1.0,0.0,5.0,high
stu_06686,class_020,61.38,49.89,77.13,61.46,63.51,55.78,31.6,7.0,1138.0,5.0,2.0,11.0,2.0,medium
stu_06687,class_024,64.65,63.97,54.33,61.2,60.0,67.28,22.02,4.0,1213.0,5.0,2.0,8.0,1.0,medium
stu_06688,class_021,44.69,47.27,44.54,50.05,50.07,79.02,39.48,9.0,1135.0,5.0,2.0,16.0,3.0,medium
stu_06689,class_008,40.7,41.56,76.86,68.07,46.43,47.92,73.79,1.0,652.0,3.0,2.0,2.0,1.0,high
stu_06690,class_040,90.47,97.73,80.02,72.47,85.8,78.25,19.96,11.0,1881.0,8.0,4.0,11.0,1.0,low
stu_06691,class_031,80.38,81.01,70.59,79.72,83.59,90.68,16.72,17.0,1937.0,8.0,3.0,20.0,0.0,low
stu_06692,class_013,31.64,26.34,41.0,48.02,31.88,22.95,20.33,2.0,603.0,3.0,1.0,1.0,5.0,high
stu_06693,class_015,42.04,6.43,58.13,69.5,36.23,32.29,92.42,2.0,373.0,2.0,0.0,2.0,2.0,high
stu_06694,class_019,83.71,69.09,81.9,76.84,77.51,84.66,18.9,16.0,1531.0,7.0,5.0,25.0,1.0,low
stu_06695,class_028,85.27,58.9,49.82,46.22,60.59,56.18,15.79,5.0,1151.0,5.0,3.0,6.0,1.0,medium
stu_06696,class_024,64.7,47.52,80.83,90.59,62.59,74.32,48.64,4.0,986.0,4.0,3.0,0.0,2.0,medium
stu_06697,class_029,97.08,76.42,79.49,85.84,81.36,74.74,19.48,10.0,1589.0,7.0,4.0,13.0,0.0,low
stu_06698,class_008,81.44,81.87,61.3,71.02,74.04,51.18,36.55,2.0,1493.0,6.0,3.0,4.0,0.0,medium
stu_06699,class_026,85.39,80.66,99.9,97.75,77.58,17.72,15.32,0.0,1598.0,7.0,4.0,0.0,0.0,low
stu_06700,class_005,80.22,90.14,84.24,73.05,82.39,79.32,25.41,14.0,2120.0,9.0,5.0,25.0,1.0,low
stu_06701,class_007,41.24,72.73,55.32,48.22,55.45,70.02,38.78,10.0,1582.0,7.0,3.0,9.0,4.0,medium
stu_06702,class_026,61.87,89.99,65.87,65.87,73.12,65.82,17.31,5.0,1841.0,8.0,2.0,4.0,2.0,medium
stu_06703,class_003,75.87,64.02,81.09,84.68,78.39,75.0,33.32,13.0,1789.0,8.0,4.0,19.0,0.0,low
stu_06704,class_019,62.8,67.73,47.67,54.15,58.51,39.17,34.36,6.0,5610.0,22.0,13.0,14.0,2.0,medium
stu_06705,class_035,33.55,38.56,80.58,92.53,49.45,75.91,40.26,7.0,1822.0,8.0,2.0,7.0,2.0,medium
stu_06706,class_012,78.67,84.63,100.0,88.57,86.6,80.04,24.55,14.0,1938.0,8.0,4.0,25.0,0.0,low
stu_06707,class_019,66.35,84.93,58.47,70.8,69.22,66.61,39.53,1.0,1695.0,7.0,2.0,1.0,3.0,medium
stu_06708,class_039,73.55,68.4,56.46,59.59,63.5,55.93,89.72,2.0,0.0,6.0,3.0,2.0,3.0,medium
stu_06709,class_030,94.02,78.96,89.53,76.2,82.54,41.24,26.51,0.0,2024.0,9.0,6.0,0.0,0.0,low
stu_06710,class_026,48.89,14.37,50.57,33.92,38.77,37.72,33.29,1.0,316.0,,1.0,2.0,5.0,high
stu_06711,class_023,59.9,50.41,71.23,72.03,53.87,43.51,33.72,4.0,926.0,4.0,1.0,3.0,3.0,medium
stu_06712,class_009,53.46,67.83,43.84,49.76,54.4,31.97,19.48,7.0,1241.0,5.0,1.0,13.0,2.0,medium
stu_06713,class_004,69.01,15.62,41.79,45.56,45.66,35.25,33.9,8.0,510.0,3.0,1.0,11.0,2.0,medium
stu_06714,class_033,78.77,71.06,93.02,94.05,83.91,76.81,24.98,18.0,1937.0,8.0,3.0,15.0,0.0,low
stu_06715,class_015,67.24,43.77,51.45,39.99,59.87,78.84,98.33,9.0,1161.0,5.0,1.0,9.0,0.0,medium
stu_06716,class_024,94.11,76.87,86.0,79.55,86.64,73.2,16.46,17.0,2144.0,9.0,6.0,11.0,0.0,low
stu_06717,class_003,21.67,33.46,29.01,29.81,31.37,60.49,51.51,2.0,552.0,3.0,0.0,0.0,2.0,high
stu_06718,class_036,100.0,91.98,100.0,90.82,92.01,75.93,46.7,9.0,1831.0,8.0,4.0,11.0,0.0,low
stu_06719,class_001,71.79,86.58,98.96,100.0,81.24,82.36,21.07,11.0,1820.0,8.0,3.0,7.0,0.0,low
stu_06720,class_016,84.49,65.91,76.6,73.31,77.94,72.53,26.95,11.0,1440.0,6.0,3.0,12.0,0.0,low
stu_06721,class_012,88.56,57.16,88.6,90.73,78.52,92.67,23.78,11.0,1407.0,6.0,4.0,10.0,0.0,low
stu_06722,class_016,33.09,33.3,41.47,38.38,37.88,25.03,73.45,2.0,561.0,3.0,0.0,3.0,4.0,high
stu_06723,class_020,83.28,92.9,86.19,75.23,86.08,81.83,17.53,18.0,2039.0,9.0,6.0,24.0,0.0,low
stu_06724,class_021,93.75,75.83,45.5,48.9,70.32,63.25,16.06,4.0,1431.0,6.0,4.0,5.0,2.0,medium
stu_06725,class_028,84.88,81.98,18.64,5.66,58.81,42.03,75.23,1.0,1465.0,6.0,4.0,2.0,2.0,medium
stu_06726,class_013,100.0,80.09,75.37,87.94,80.56,60.88,21.91,16.0,1995.0,8.0,4.0,19.0,1.0,low
stu_06727,class_037,,88.76,53.56,48.26,66.83,38.54,25.41,3.0,1564.0,7.0,2.0,3.0,2.0,medium
stu_06728,class_027,83.74,75.69,57.2,62.81,66.93,27.77,50.36,4.0,1396.0,6.0,3.0,6.0,0.0,medium
stu_06729,class_034,78.1,96.45,88.59,86.17,86.33,75.02,15.03,13.0,2195.0,9.0,4.0,10.0,0.0,low
stu_06730,class_037,88.05,98.6,79.55,77.86,87.34,78.36,18.62,6.0,1913.0,8.0,4.0,3.0,0.0,low
stu_06731,class_032,98.59,85.55,82.63,83.46,95.22,86.94,18.7,15.0,1932.0,8.0,4.0,19.0,0.0,low
stu_06732,class_022,55.8,60.72,73.89,64.77,65.52,76.7,24.87,7.0,1502.0,7.0,2.0,12.0,2.0,medium
stu_06733,class_021,57.56,39.21,,66.72,49.8,8.57,25.32,2.0,626.0,3.0,0.0,3.0,4.0,high
stu_06734,class_016,64.66,77.43,89.08,90.85,77.74,65.75,32.92,13.0,1729.0,7.0,4.0,11.0,0.0,low
stu_06735,class_029,66.18,85.03,39.01,47.04,60.51,50.96,58.16,4.0,1472.0,6.0,2.0,8.0,2.0,medium
stu_06736,class_036,42.0,68.22,46.05,43.03,51.13,31.2,37.9,7.0,3242.0,12.0,11.0,12.0,5.0,medium
stu_06737,class_031,63.41,15.6,30.67,32.4,36.21,0.0,61.35,0.0,0.0,,1.0,0.0,3.0,high
stu_06738,class_002,50.67,18.93,27.98,20.89,36.68,39.74,35.82,4.0,404.0,2.0,0.0,7.0,2.0,medium
stu_06739,class_035,48.51,44.92,69.49,79.2,52.71,57.99,47.3,6.0,964.0,4.0,1.0,11.0,1.0,medium
stu_06740,class_030,74.68,74.38,78.86,77.33,78.09,94.78,47.53,2.0,1402.0,6.0,2.0,2.0,1.0,medium
stu_06741,class_038,33.9,22.87,39.46,22.94,35.9,17.33,36.26,1.0,632.0,3.0,0.0,0.0,5.0,high
stu_06742,class_004,93.89,32.02,54.15,47.97,63.54,51.49,20.39,7.0,740.0,3.0,3.0,9.0,3.0,medium
stu_06743,class_029,78.37,91.24,94.27,92.71,85.55,82.19,43.8,13.0,1971.0,8.0,4.0,12.0,0.0,low
stu_06744,class_018,38.98,62.49,34.05,38.51,39.82,18.43,57.12,1.0,1166.0,5.0,2.0,2.0,2.0,high
stu_06745,class_008,87.11,93.77,84.32,83.95,86.23,72.76,21.28,14.0,2246.0,9.0,5.0,19.0,0.0,low
stu_06746,class_020,85.8,84.63,82.04,90.63,82.62,62.18,13.23,14.0,1949.0,8.0,5.0,26.0,0.0,low
stu_06747,class_031,88.8,75.72,83.54,97.47,82.59,88.69,10.78,15.0,1553.0,7.0,4.0,12.0,1.0,low
stu_06748,class_038,48.1,34.79,18.39,8.2,28.4,17.08,56.77,2.0,513.0,,0.0,2.0,4.0,high
stu_06749,class_033,61.71,77.4,70.49,76.88,58.48,40.51,17.59,3.0,1560.0,7.0,2.0,2.0,1.0,medium
stu_06750,class_008,22.59,45.8,58.67,50.76,43.9,39.2,46.01,3.0,944.0,4.0,1.0,3.0,5.0,high
stu_06751,class_001,32.18,42.56,88.26,83.02,53.73,58.09,22.54,8.0,1706.0,7.0,4.0,10.0,0.0,low
stu_06752,class_001,68.88,100.0,66.85,59.86,69.64,23.39,22.87,0.0,2085.0,9.0,3.0,0.0,1.0,low
stu_06753,class_013,78.51,79.91,100.0,100.0,73.36,13.34,23.49,0.0,1843.0,8.0,4.0,,0.0,low
stu_06754,class_037,80.26,70.87,69.92,61.16,78.49,73.87,22.57,7.0,1661.0,7.0,3.0,7.0,0.0,low
stu_06755,class_026,8.65,33.9,41.6,43.37,28.08,31.87,82.06,5.0,694.0,3.0,1.0,5.0,3.0,high
stu_06756,class_030,92.23,74.36,84.08,78.41,84.78,71.84,31.62,12.0,1670.0,,5.0,16.0,0.0,low
stu_06757,class_001,64.62,46.94,46.19,29.44,48.55,43.34,22.19,0.0,889.0,4.0,2.0,0.0,1.0,medium
stu_06758,class_015,38.14,4.63,3.28,7.34,17.01,15.96,34.29,2.0,158.0,1.0,0.0,1.0,2.0,high
stu_06759,class_004,53.03,48.82,65.62,73.92,55.59,12.6,46.43,8.0,1090.0,5.0,1.0,14.0,4.0,medium
stu_06760,class_034,79.64,49.8,81.99,91.25,66.78,44.2,50.26,9.0,1304.0,6.0,4.0,9.0,2.0,medium
stu_06761,class_007,88.43,62.54,87.27,75.38,80.57,82.38,28.66,17.0,1651.0,7.0,4.0,28.0,0.0,low
stu_06762,class_007,24.01,66.33,73.46,100.0,49.26,49.16,18.42,2.0,1098.0,5.0,2.0,4.0,2.0,medium
stu_06763,class_030,15.24,36.65,37.61,37.51,21.52,1.58,33.57,3.0,636.0,3.0,1.0,1.0,2.0,high
stu_06764,class_001,54.15,63.64,60.41,66.64,55.62,23.81,25.34,6.0,1535.0,7.0,2.0,11.0,3.0,medium
stu_06765,class_031,99.43,85.52,86.77,78.19,96.99,81.87,16.8,10.0,1587.0,7.0,4.0,12.0,1.0,low
stu_06766,class_014,92.04,81.72,46.42,43.06,67.6,7.75,81.81,0.0,633.0,3.0,0.0,1.0,5.0,high
stu_06767,class_039,9.88,32.87,59.58,62.62,32.01,36.35,52.93,4.0,633.0,3.0,0.0,2.0,3.0,high
stu_06768,class_030,34.3,27.49,53.04,56.16,38.37,32.26,64.28,0.0,919.0,4.0,1.0,0.0,5.0,high
stu_06769,class_022,45.35,49.09,15.0,19.67,38.62,47.67,41.4,1.0,920.0,,2.0,1.0,0.0,medium
stu_06770,class_008,92.15,66.92,50.76,49.4,70.65,56.58,68.17,6.0,1360.0,6.0,3.0,8.0,0.0,medium
stu_06771,class_002,94.31,,76.66,80.63,88.53,80.94,29.45,16.0,2085.0,9.0,4.0,24.0,0.0,low
stu_06772,class_024,83.47,84.28,86.16,87.53,88.43,88.81,19.64,15.0,2009.0,9.0,5.0,25.0,0.0,low
stu_06773,class_008,93.93,95.17,80.77,75.39,86.59,73.19,11.11,6.0,1767.0,8.0,4.0,8.0,0.0,low
stu_06774,class_015,25.42,68.62,62.64,74.05,53.17,75.46,58.06,8.0,1149.0,5.0,2.0,0.0,1.0,medium
stu_06775,class_012,75.79,91.45,81.64,73.57,79.64,93.13,15.02,12.0,1875.0,8.0,3.0,24.0,1.0,low
stu_06776,class_009,100.0,,92.28,91.95,92.4,94.81,21.46,6.0,1404.0,6.0,4.0,10.0,0.0,low
stu_06777,class_021,37.99,23.22,45.72,43.48,34.9,34.13,64.35,1.0,359.0,2.0,0.0,4.0,6.0,high
stu_06778,class_028,81.73,88.85,83.39,88.69,87.24,85.92,21.97,9.0,1777.0,8.0,4.0,12.0,1.0,low
stu_06779,class_029,81.0,70.95,83.57,95.78,80.34,91.82,9.7,6.0,1517.0,7.0,5.0,13.0,0.0,low
stu_06780,class_031,83.82,91.54,83.3,83.34,88.09,88.32,17.67,5.0,1941.0,8.0,4.0,7.0,1.0,low
stu_06781,class_022,90.64,63.69,71.47,72.7,81.56,69.3,20.83,7.0,1521.0,7.0,3.0,11.0,0.0,low
stu_06782,class_004,62.1,28.14,11.01,13.3,31.84,16.52,149.29,0.0,463.0,2.0,1.0,0.0,1.0,high
stu_06783,class_017,16.84,49.09,90.46,88.86,48.6,39.28,11.36,2.0,1019.0,5.0,2.0,0.0,1.0,medium
stu_06784,class_006,89.35,82.92,93.68,99.22,89.96,96.39,18.26,14.0,1762.0,8.0,4.0,9.0,0.0,low
stu_06785,class_004,41.99,41.89,47.39,51.28,44.93,58.37,48.44,2.0,991.0,4.0,2.0,1.0,3.0,medium
stu_06786,class_021,35.77,25.63,97.28,93.91,51.8,49.28,45.11,2.0,326.0,2.0,1.0,3.0,2.0,medium
stu_06787,class_025,85.07,96.45,90.72,100.0,100.0,84.03,23.07,,2148.0,9.0,5.0,5.0,0.0,low
stu_06788,class_022,58.23,38.05,67.49,76.29,54.98,86.85,62.42,1.0,733.0,3.0,2.0,1.0,0.0,medium
stu_06789,class_020,67.24,56.66,76.27,59.24,62.4,25.21,23.19,9.0,1239.0,5.0,1.0,7.0,2.0,medium
stu_06790,class_027,67.85,56.39,68.19,62.5,58.43,43.83,30.49,3.0,1097.0,5.0,2.0,3.0,0.0,medium
stu_06791,class_018,49.23,42.71,46.1,47.7,47.37,51.61,34.51,6.0,815.0,4.0,1.0,7.0,3.0,medium
stu_06792,class_001,100.0,88.1,76.88,68.57,92.67,79.98,16.58,16.0,2228.0,9.0,5.0,23.0,1.0,low
stu_06793,class_031,82.75,49.61,45.31,50.31,56.58,55.76,16.5,3.0,927.0,4.0,0.0,4.0,6.0,medium
stu_06794,class_040,38.41,66.96,39.51,,46.55,75.25,59.43,5.0,1167.0,5.0,1.0,6.0,4.0,medium
stu_06795,class_003,91.94,87.53,72.12,81.94,87.23,89.98,15.08,6.0,1776.0,8.0,3.0,8.0,0.0,low
stu_06796,class_016,80.32,95.81,85.91,79.63,89.22,92.18,22.59,13.0,2158.0,9.0,6.0,23.0,0.0,low
stu_06797,class_034,85.79,75.77,86.08,91.48,86.04,89.15,10.25,10.0,1832.0,8.0,5.0,13.0,0.0,low
stu_06798,class_004,58.17,14.67,36.24,37.51,39.8,46.89,14.89,0.0,364.0,2.0,0.0,3.0,2.0,medium
stu_06799,class_027,78.55,99.28,73.88,78.0,81.41,68.63,20.82,10.0,2048.0,9.0,4.0,17.0,0.0,low
stu_06800,class_001,99.43,73.93,38.56,42.38,76.18,51.84,44.52,10.0,1682.0,7.0,4.0,19.0,2.0,medium
stu_06801,class_005,88.25,86.3,86.14,93.37,90.96,80.51,19.96,13.0,2096.0,9.0,6.0,23.0,0.0,low
stu_06802,class_035,71.61,65.97,30.3,,54.87,46.95,38.59,1.0,977.0,4.0,1.0,4.0,2.0,medium
stu_06803,class_027,82.34,83.18,65.94,48.5,74.47,55.09,25.53,0.0,1857.0,8.0,4.0,0.0,0.0,low
stu_06804,class_005,100.0,39.86,73.33,74.92,74.23,60.64,87.83,9.0,705.0,3.0,3.0,6.0,2.0,medium
stu_06805,class_019,92.38,66.27,84.27,87.51,84.57,82.93,13.27,12.0,1460.0,6.0,4.0,16.0,0.0,low
stu_06806,class_020,,82.59,90.14,82.15,84.41,73.44,20.18,5.0,1451.0,6.0,4.0,3.0,1.0,low
stu_06807,class_019,72.84,44.99,74.71,76.72,68.22,57.2,38.73,7.0,719.0,3.0,1.0,13.0,2.0,medium
stu_06808,class_016,87.44,91.25,66.46,73.72,86.79,88.03,12.92,13.0,1929.0,8.0,3.0,23.0,0.0,low
stu_06809,class_036,71.62,90.94,94.33,96.85,84.23,88.52,28.24,7.0,1610.0,7.0,3.0,10.0,1.0,low
stu_06810,class_018,94.85,71.51,100.0,100.0,86.57,100.0,21.08,14.0,1494.0,6.0,5.0,19.0,0.0,low
stu_06811,class_006,82.54,87.38,77.92,81.19,86.03,91.8,25.06,15.0,1830.0,8.0,3.0,11.0,0.0,low
stu_06812,class_002,88.51,99.39,82.47,80.13,88.3,70.2,19.43,15.0,2365.0,10.0,5.0,27.0,1.0,low
stu_06813,class_039,0.22,30.28,54.09,43.11,25.73,0.0,50.0,1.0,437.0,2.0,1.0,1.0,4.0,high
stu_06814,class_019,0.0,35.44,59.5,71.59,27.07,43.75,86.76,2.0,822.0,4.0,1.0,2.0,1.0,high
stu_06815,class_009,48.32,69.08,43.5,40.45,51.53,44.42,30.93,2.0,1418.0,6.0,2.0,3.0,0.0,medium
stu_06816,class_002,69.29,46.63,73.76,66.5,59.51,70.65,77.25,1.0,914.0,4.0,1.0,1.0,2.0,medium
stu_06817,class_015,80.35,76.3,68.47,72.3,73.58,63.17,13.75,8.0,,7.0,4.0,10.0,0.0,low
stu_06818,class_017,66.0,37.96,65.71,63.68,58.28,51.17,32.06,10.0,942.0,4.0,2.0,16.0,1.0,medium
stu_06819,class_005,89.44,80.0,85.16,80.99,81.46,75.46,48.2,6.0,1752.0,8.0,4.0,6.0,0.0,low
stu_06820,class_013,31.54,63.41,,35.01,39.08,66.25,61.54,1.0,1230.0,5.0,1.0,2.0,1.0,medium
stu_06821,class_005,51.19,8.13,38.5,51.84,36.55,32.67,82.08,4.0,268.0,2.0,0.0,1.0,3.0,high
stu_06822,class_029,53.34,33.51,88.34,99.05,54.85,23.64,33.24,9.0,1027.0,5.0,2.0,9.0,2.0,medium
stu_06823,class_013,15.53,50.05,85.51,77.93,43.81,41.37,72.45,2.0,991.0,4.0,2.0,3.0,3.0,high
stu_06824,class_011,92.29,89.39,100.0,100.0,94.69,99.77,38.65,18.0,2100.0,9.0,5.0,28.0,0.0,low
stu_06825,class_032,95.45,75.39,87.59,100.0,87.21,79.33,,13.0,1610.0,7.0,5.0,17.0,1.0,low
stu_06826,class_010,90.19,62.77,76.06,84.75,74.34,78.27,21.94,12.0,1603.0,,3.0,17.0,0.0,low
stu_06827,class_014,43.94,80.04,61.08,61.64,53.12,49.18,26.16,6.0,1500.0,7.0,2.0,10.0,1.0,medium
stu_06828,class_035,85.71,87.57,91.09,92.76,84.12,46.53,10.29,12.0,1920.0,8.0,4.0,16.0,1.0,low
stu_06829,class_002,31.33,29.92,67.42,60.15,44.49,52.22,21.73,4.0,691.0,3.0,2.0,5.0,7.0,high
stu_06830,class_036,95.06,91.36,89.9,90.17,87.38,84.16,23.58,5.0,1774.0,8.0,4.0,8.0,0.0,low
stu_06831,class_025,28.62,12.86,44.36,44.45,26.27,32.27,76.22,3.0,225.0,1.0,0.0,4.0,3.0,high
stu_06832,class_025,87.98,93.15,70.95,69.77,87.45,86.8,29.94,10.0,2045.0,9.0,5.0,14.0,0.0,low
stu_06833,class_005,88.0,75.48,74.07,78.38,84.04,88.27,33.88,8.0,,6.0,3.0,7.0,0.0,low
stu_06834,class_039,74.26,86.31,54.83,52.02,61.9,36.68,44.37,4.0,1639.0,7.0,3.0,11.0,3.0,medium
stu_06835,class_007,100.0,49.81,66.12,69.94,72.39,91.32,30.15,3.0,879.0,4.0,2.0,3.0,3.0,medium
stu_06836,class_040,67.82,79.46,83.44,94.78,76.19,100.0,24.19,5.0,1390.0,6.0,3.0,2.0,0.0,low
stu_06837,class_007,86.92,79.54,80.18,68.73,78.94,69.5,16.86,17.0,2098.0,9.0,5.0,15.0,0.0,low
stu_06838,class_003,87.97,100.0,86.84,100.0,91.03,90.53,18.36,15.0,2116.0,9.0,6.0,20.0,0.0,low
stu_06839,class_033,,72.91,68.95,66.52,74.86,57.77,73.43,1.0,1546.0,7.0,3.0,4.0,0.0,medium
stu_06840,class_038,76.08,63.14,61.89,57.97,69.16,59.36,36.31,8.0,1324.0,6.0,2.0,11.0,1.0,medium
stu_06841,class_009,68.04,48.07,59.75,57.77,56.64,32.12,54.15,2.0,1077.0,5.0,1.0,4.0,1.0,medium
stu_06842,class_030,39.14,6.06,82.88,74.58,51.46,100.0,28.19,11.0,1767.0,8.0,3.0,16.0,1.0,low
stu_06843,class_017,89.08,66.77,27.91,34.06,57.29,48.02,19.9,5.0,637.0,3.0,1.0,9.0,6.0,medium
stu_06844,class_027,69.95,79.38,100.0,100.0,83.92,92.91,24.02,5.0,1697.0,7.0,3.0,0.0,2.0,low
stu_06845,class_028,72.1,58.78,46.43,47.11,51.79,21.55,61.38,0.0,972.0,4.0,1.0,0.0,2.0,medium
stu_06846,class_001,25.62,39.94,51.25,47.54,36.73,29.31,36.34,4.0,916.0,4.0,2.0,5.0,4.0,high
stu_06847,class_039,100.0,93.74,77.68,82.36,89.66,97.7,23.33,5.0,1823.0,8.0,3.0,4.0,0.0,low
stu_06848,class_012,39.13,52.88,28.89,27.42,34.06,13.64,54.68,1.0,1120.0,5.0,1.0,2.0,5.0,high
stu_06849,class_025,43.83,75.55,45.04,27.92,49.24,37.9,75.5,1.0,1592.0,7.0,2.0,2.0,2.0,medium
stu_06850,class_033,71.52,96.21,89.87,96.39,84.65,80.28,26.17,16.0,2264.0,10.0,4.0,14.0,1.0,low
stu_06851,class_034,63.95,28.23,24.16,27.74,38.78,33.39,112.12,0.0,531.0,3.0,1.0,0.0,4.0,high
stu_06852,class_033,81.43,38.96,34.58,55.04,48.77,24.36,38.95,6.0,3441.0,13.0,13.0,27.0,3.0,medium
stu_06853,class_004,80.68,91.23,75.36,81.93,84.82,72.81,31.99,17.0,2226.0,9.0,5.0,31.0,0.0,low
stu_06854,class_007,94.55,79.31,72.01,83.65,82.7,100.0,23.74,9.0,1649.0,7.0,4.0,15.0,0.0,low
stu_06855,class_015,87.55,79.48,90.82,100.0,85.34,74.66,31.5,17.0,1984.0,8.0,5.0,16.0,1.0,low
stu_06856,class_012,76.13,49.65,30.53,29.94,49.2,43.99,61.54,3.0,1049.0,5.0,2.0,1.0,1.0,medium
stu_06857,class_007,32.14,47.63,76.27,78.21,49.69,91.62,17.36,7.0,1849.0,8.0,4.0,12.0,1.0,low
stu_06858,class_006,60.69,82.9,56.77,65.83,64.92,23.46,28.48,7.0,1776.0,8.0,3.0,8.0,2.0,medium
stu_06859,class_031,64.5,80.55,79.36,92.17,66.12,52.84,14.66,2.0,1752.0,8.0,,4.0,0.0,medium
stu_06860,class_002,23.79,48.86,28.46,40.83,26.02,25.13,75.92,2.0,907.0,4.0,,1.0,4.0,high
stu_06861,class_015,78.31,79.57,37.18,48.16,66.82,69.01,26.94,5.0,1756.0,8.0,2.0,4.0,2.0,medium
stu_06862,class_039,27.18,21.16,37.69,56.19,28.52,27.88,127.84,0.0,463.0,2.0,0.0,0.0,2.0,high
stu_06863,class_016,95.87,88.55,89.11,83.21,84.4,69.37,24.01,7.0,1854.0,8.0,4.0,2.0,1.0,low
stu_06864,class_018,86.85,77.53,85.45,89.24,85.11,89.42,14.19,9.0,1854.0,8.0,4.0,7.0,0.0,low
stu_06865,class_020,88.13,52.06,21.03,22.99,55.85,37.77,67.54,6.0,1021.0,5.0,0.0,7.0,1.0,medium
stu_06866,class_016,58.45,42.27,69.42,69.09,55.48,31.18,39.33,8.0,1114.0,5.0,1.0,7.0,2.0,medium
stu_06867,class_003,89.17,80.42,28.63,29.92,75.79,86.54,19.19,16.0,1801.0,8.0,4.0,26.0,5.0,low
stu_06868,class_001,82.25,100.0,82.09,96.68,87.92,88.11,33.18,14.0,2306.0,10.0,5.0,24.0,1.0,low
stu_06869,class_021,95.98,93.69,81.69,87.37,87.18,74.19,31.4,11.0,2046.0,9.0,5.0,10.0,0.0,low
stu_06870,class_019,85.29,76.56,56.73,38.98,67.21,59.38,32.89,0.0,1455.0,6.0,3.0,0.0,1.0,medium
stu_06871,class_034,85.57,73.21,24.73,14.92,67.42,77.39,29.96,18.0,2180.0,9.0,5.0,30.0,3.0,low
stu_06872,class_005,71.76,61.2,56.93,44.04,62.7,72.91,72.48,1.0,1083.0,5.0,2.0,3.0,3.0,medium
stu_06873,class_004,67.48,39.34,66.1,75.23,52.59,67.6,66.05,3.0,969.0,4.0,1.0,0.0,0.0,medium
stu_06874,class_010,70.92,73.85,86.05,84.87,79.59,65.82,23.94,18.0,1979.0,8.0,5.0,18.0,0.0,low
stu_06875,class_020,84.23,86.94,89.95,94.95,84.93,97.43,30.58,9.0,1804.0,8.0,4.0,12.0,1.0,low
stu_06876,class_036,77.87,82.31,87.82,89.37,80.93,67.88,32.86,18.0,2099.0,9.0,4.0,11.0,2.0,low
stu_06877,class_020,47.67,83.5,86.55,85.02,73.82,57.97,39.22,1.0,1467.0,6.0,3.0,5.0,3.0,medium
stu_06878,class_015,96.28,77.04,88.56,81.97,89.11,89.77,13.68,14.0,1648.0,7.0,4.0,18.0,1.0,low
stu_06879,class_001,59.86,41.21,56.63,52.52,49.74,59.95,53.81,4.0,785.0,4.0,1.0,5.0,1.0,medium
stu_06880,class_038,97.2,86.61,89.19,86.15,91.07,80.37,27.55,9.0,1965.0,8.0,5.0,8.0,1.0,low
stu_06881,class_019,75.83,49.18,69.58,63.5,62.44,50.08,66.27,3.0,1110.0,5.0,2.0,2.0,0.0,medium
stu_06882,class_005,86.84,83.48,100.0,83.75,88.42,78.72,25.42,14.0,1971.0,8.0,5.0,18.0,0.0,low
stu_06883,class_014,90.23,84.28,87.98,81.39,89.47,78.11,18.45,17.0,1969.0,8.0,6.0,29.0,0.0,low
stu_06884,class_024,92.1,89.4,83.36,78.19,86.1,75.08,18.52,11.0,2039.0,9.0,5.0,19.0,1.0,low
stu_06885,class_001,96.32,77.63,84.11,95.91,87.76,84.56,33.42,17.0,1974.0,8.0,5.0,24.0,1.0,low
stu_06886,class_022,34.17,35.22,18.85,10.39,29.53,13.1,58.47,5.0,987.0,4.0,1.0,7.0,4.0,high
stu_06887,class_010,89.17,57.28,70.08,47.63,72.82,60.55,37.48,4.0,787.0,4.0,3.0,3.0,3.0,medium
stu_06888,class_001,57.95,75.37,41.55,75.12,56.46,44.41,35.71,3.0,3627.0,14.0,6.0,19.0,4.0,medium
stu_06889,class_030,88.24,100.0,85.96,78.1,84.25,73.17,23.48,5.0,1994.0,8.0,5.0,9.0,1.0,low
stu_06890,class_014,99.02,88.12,79.05,88.56,89.51,76.51,34.13,18.0,2169.0,9.0,4.0,21.0,0.0,low
stu_06891,class_001,78.41,93.23,91.56,80.02,89.68,86.7,26.42,13.0,1891.0,8.0,4.0,21.0,0.0,low
stu_06892,class_026,82.31,100.0,86.39,89.46,86.1,72.74,16.21,6.0,1964.0,8.0,5.0,3.0,0.0,low
stu_06893,class_019,100.0,72.23,70.74,72.77,80.01,71.6,26.41,9.0,1724.0,7.0,3.0,12.0,0.0,low
stu_06894,class_016,32.73,36.23,24.4,24.55,28.25,13.34,123.48,1.0,791.0,4.0,2.0,0.0,2.0,high
stu_06895,class_015,77.1,71.11,91.13,100.0,78.07,96.44,24.51,6.0,1241.0,5.0,3.0,12.0,0.0,low
stu_06896,class_019,80.48,75.47,78.04,81.94,79.16,74.93,20.08,12.0,1701.0,7.0,3.0,23.0,0.0,low
stu_06897,class_024,31.76,13.89,66.46,64.63,36.73,38.41,79.27,3.0,417.0,2.0,0.0,0.0,1.0,high
stu_06898,class_011,88.64,81.68,75.34,73.91,80.31,90.43,18.63,12.0,1906.0,8.0,3.0,15.0,0.0,low
stu_06899,class_019,85.69,61.73,71.31,61.64,69.71,33.17,35.24,9.0,5614.0,22.0,9.0,27.0,4.0,medium
stu_06900,class_020,95.11,69.69,84.67,82.24,84.86,74.28,39.89,9.0,1609.0,7.0,4.0,17.0,2.0,medium
stu_06901,class_016,46.52,22.16,55.08,63.45,44.2,58.3,59.85,9.0,623.0,3.0,0.0,11.0,0.0,medium
stu_06902,class_010,20.16,35.07,95.3,86.58,46.02,53.46,61.2,4.0,1792.0,8.0,2.0,4.0,1.0,medium
stu_06903,class_003,95.35,82.39,85.56,86.15,81.63,27.31,34.63,9.0,1803.0,8.0,5.0,12.0,2.0,medium
stu_06904,class_029,84.76,64.85,92.71,91.17,82.75,82.65,31.54,12.0,1678.0,7.0,5.0,15.0,0.0,low
stu_06905,class_005,100.0,76.81,67.1,74.05,84.13,72.08,12.74,12.0,1863.0,8.0,0.0,25.0,0.0,low
stu_06906,class_018,47.63,9.89,79.68,82.7,54.58,85.16,39.64,18.0,1661.0,7.0,3.0,17.0,1.0,low
stu_06907,class_026,46.82,36.39,71.23,46.95,54.41,72.38,36.65,10.0,2900.0,11.0,10.0,9.0,5.0,medium
stu_06908,class_012,0.0,32.31,55.07,41.11,28.32,40.69,35.5,0.0,609.0,3.0,1.0,0.0,1.0,high
stu_06909,class_002,72.62,54.22,53.33,51.95,72.32,100.0,50.82,7.0,1026.0,5.0,1.0,13.0,2.0,medium
stu_06910,class_015,59.13,67.47,93.86,83.9,68.04,60.95,77.21,1.0,1245.0,5.0,2.0,2.0,3.0,medium
stu_06911,class_016,35.89,49.18,79.12,82.6,44.03,18.3,60.13,4.0,1094.0,5.0,2.0,7.0,4.0,high
stu_06912,class_018,66.03,57.26,56.31,51.03,62.05,74.76,26.46,1.0,1131.0,5.0,1.0,0.0,4.0,medium
stu_06913,class_034,68.69,34.9,34.99,20.39,53.95,43.48,23.29,10.0,814.0,4.0,1.0,13.0,1.0,medium
stu_06914,class_019,22.7,68.25,24.08,34.97,36.28,32.38,75.13,0.0,1487.0,6.0,3.0,0.0,2.0,high
stu_06915,class_001,71.87,80.83,100.0,97.12,85.34,69.86,37.88,12.0,1772.0,8.0,3.0,17.0,0.0,low
stu_06916,class_025,87.83,80.86,68.41,66.38,76.91,87.7,21.22,12.0,1716.0,7.0,4.0,18.0,1.0,low
stu_06917,class_029,80.13,100.0,52.12,58.75,77.15,61.33,75.57,10.0,2080.0,9.0,4.0,12.0,0.0,medium
stu_06918,class_039,90.0,43.42,46.4,50.1,56.2,0.0,80.02,1.0,818.0,4.0,2.0,0.0,5.0,high
stu_06919,class_011,77.21,63.17,95.72,86.9,78.51,65.89,23.72,15.0,1426.0,6.0,4.0,6.0,0.0,low
stu_06920,class_006,68.21,82.07,76.09,79.3,74.68,71.87,31.56,14.0,1928.0,8.0,2.0,15.0,0.0,low
stu_06921,class_005,75.27,39.94,76.76,83.99,59.56,47.32,44.57,7.0,794.0,4.0,1.0,9.0,2.0,medium
stu_06922,class_036,89.94,83.47,70.53,64.68,82.95,77.51,26.67,14.0,1838.0,8.0,4.0,22.0,0.0,low
stu_06923,class_025,61.22,65.34,57.16,70.8,54.72,33.75,29.44,0.0,1215.0,5.0,2.0,0.0,2.0,medium
stu_06924,class_035,89.19,70.8,82.04,96.29,83.71,84.5,40.17,12.0,1774.0,8.0,4.0,16.0,0.0,low
stu_06925,class_025,61.77,20.55,56.25,51.63,48.96,57.28,104.76,2.0,318.0,2.0,1.0,0.0,1.0,medium
stu_06926,class_022,24.33,37.26,32.84,20.12,28.32,13.36,66.71,1.0,756.0,4.0,1.0,0.0,4.0,high
stu_06927,class_008,64.25,25.9,62.85,65.58,59.38,86.25,37.96,6.0,697.0,3.0,1.0,2.0,1.0,medium
stu_06928,class_002,90.36,60.67,40.75,50.78,59.0,31.96,36.57,10.0,1367.0,6.0,3.0,14.0,1.0,medium
stu_06929,class_039,29.69,49.97,62.76,65.99,46.62,37.31,33.54,9.0,1306.0,6.0,2.0,17.0,0.0,medium
stu_06930,class_013,63.3,46.33,58.87,62.29,54.94,36.97,27.3,6.0,936.0,4.0,2.0,5.0,3.0,medium
stu_06931,class_031,85.13,71.68,67.43,47.64,75.89,65.31,52.83,10.0,1538.0,7.0,3.0,10.0,0.0,medium
stu_06932,class_039,84.44,76.74,82.69,83.38,82.72,72.96,18.27,13.0,1736.0,,4.0,11.0,0.0,low
stu_06933,class_039,76.83,81.88,94.95,80.7,80.78,61.52,21.63,8.0,1544.0,7.0,4.0,15.0,0.0,low
stu_06934,class_009,81.86,34.71,95.52,91.93,70.73,75.03,72.37,5.0,750.0,4.0,3.0,5.0,1.0,medium
stu_06935,class_006,47.24,64.72,58.66,55.87,58.99,67.41,18.63,8.0,1591.0,7.0,3.0,7.0,2.0,medium
stu_06936,class_032,36.55,42.45,12.3,19.88,29.76,25.01,55.54,3.0,697.0,3.0,1.0,5.0,2.0,high
stu_06937,class_030,50.95,74.55,43.21,47.84,59.63,67.16,53.38,5.0,1456.0,6.0,3.0,6.0,0.0,medium
stu_06938,class_018,86.37,87.57,73.91,91.86,79.53,47.33,37.07,0.0,1958.0,8.0,5.0,0.0,1.0,low
stu_06939,class_040,83.88,85.41,82.57,72.2,90.41,79.88,24.02,13.0,1790.0,8.0,4.0,9.0,0.0,low
stu_06940,class_011,78.96,46.88,55.32,71.46,58.14,59.76,32.13,1.0,674.0,3.0,1.0,0.0,1.0,medium
stu_06941,class_006,21.84,12.33,42.27,42.9,23.82,50.11,192.47,2.0,181.0,1.0,0.0,6.0,5.0,high
stu_06942,class_028,77.38,76.46,81.62,77.24,77.34,80.32,17.23,6.0,1827.0,8.0,4.0,10.0,0.0,low
stu_06943,class_001,67.84,71.66,48.87,60.0,61.41,52.1,28.98,10.0,1636.0,7.0,2.0,,2.0,medium
stu_06944,class_006,61.18,45.59,39.87,46.35,57.19,49.93,34.76,7.0,1089.0,5.0,1.0,12.0,4.0,medium
stu_06945,class_030,55.7,55.33,42.83,38.16,47.12,38.92,51.53,0.0,968.0,4.0,1.0,0.0,2.0,medium
stu_06946,class_011,45.77,43.36,77.2,88.01,57.43,65.03,22.55,9.0,856.0,4.0,1.0,12.0,2.0,medium
stu_06947,class_035,90.76,74.24,94.61,100.0,89.15,93.04,31.42,10.0,1568.0,7.0,4.0,10.0,1.0,low
stu_06948,class_017,14.78,63.3,79.12,82.25,50.01,78.19,12.8,8.0,1342.0,6.0,3.0,10.0,0.0,low
stu_06949,class_001,100.0,52.09,86.05,89.8,83.12,85.62,31.41,18.0,1537.0,7.0,5.0,16.0,0.0,low
stu_06950,class_003,62.42,,42.97,48.11,52.47,58.58,37.69,1.0,722.0,3.0,1.0,0.0,1.0,medium
stu_06951,class_033,20.51,54.96,40.16,36.5,40.01,44.96,40.57,4.0,1155.0,5.0,1.0,2.0,7.0,high
stu_06952,class_023,24.53,47.17,69.56,66.6,45.03,24.13,51.14,3.0,896.0,4.0,1.0,0.0,5.0,high
stu_06953,class_025,24.42,70.84,63.51,65.65,55.64,59.39,36.18,10.0,1480.0,6.0,2.0,8.0,2.0,medium
stu_06954,class_001,56.08,22.06,39.89,42.06,47.67,47.45,40.95,7.0,555.0,3.0,0.0,0.0,3.0,medium
stu_06955,class_010,85.68,84.42,78.05,85.21,85.8,84.18,18.71,13.0,1784.0,8.0,3.0,9.0,1.0,low
stu_06956,class_033,67.8,62.37,80.86,80.58,66.87,73.37,27.06,8.0,1188.0,5.0,2.0,13.0,1.0,medium
stu_06957,class_037,77.87,7.18,0.0,10.06,27.81,2.11,189.18,4.0,331.0,2.0,1.0,3.0,5.0,high
stu_06958,class_019,63.58,45.85,62.24,61.01,47.06,38.16,102.48,3.0,837.0,4.0,2.0,0.0,5.0,high
stu_06959,class_006,93.72,53.01,88.23,80.14,76.87,92.2,24.49,6.0,1286.0,6.0,3.0,6.0,0.0,low
stu_06960,class_021,39.96,42.14,12.54,5.54,30.54,31.18,125.68,2.0,683.0,3.0,1.0,0.0,4.0,high
stu_06961,class_039,80.32,88.76,96.11,100.0,88.31,89.3,37.08,18.0,2001.0,9.0,5.0,31.0,0.0,low
stu_06962,class_018,56.56,21.89,58.98,47.81,45.33,47.24,40.75,10.0,757.0,4.0,1.0,14.0,1.0,medium
stu_06963,class_008,85.35,84.47,80.26,77.8,89.55,70.69,19.68,16.0,1908.0,8.0,5.0,21.0,0.0,low
stu_06964,class_020,39.5,18.99,23.59,30.64,38.1,76.89,65.05,0.0,678.0,3.0,1.0,6.0,2.0,medium
stu_06965,class_003,91.81,71.49,93.95,84.3,87.52,61.19,24.66,10.0,1769.0,8.0,4.0,16.0,0.0,low
stu_06966,class_035,33.44,55.2,10.31,8.25,36.58,19.84,44.93,5.0,1174.0,5.0,1.0,2.0,4.0,high
stu_06967,class_008,91.86,100.0,91.02,100.0,94.28,80.92,28.11,,2026.0,9.0,6.0,12.0,0.0,low
stu_06968,class_014,28.44,25.17,36.75,33.78,27.84,34.99,47.38,1.0,491.0,2.0,0.0,1.0,3.0,high
stu_06969,class_011,20.42,0.0,53.01,62.54,23.38,27.97,35.14,0.0,83.0,1.0,0.0,0.0,6.0,high
stu_06970,class_038,73.19,76.67,58.41,64.17,63.42,55.03,28.75,7.0,1667.0,7.0,3.0,8.0,3.0,medium
stu_06971,class_040,56.73,30.68,49.66,51.49,48.05,72.56,54.06,6.0,558.0,3.0,1.0,6.0,2.0,medium
stu_06972,class_018,76.98,76.74,79.2,74.58,78.26,74.34,33.56,17.0,1923.0,8.0,3.0,21.0,1.0,low
stu_06973,class_012,81.22,54.41,46.29,61.55,63.51,68.92,48.09,9.0,4586.0,18.0,14.0,10.0,5.0,medium
stu_06974,class_038,82.87,79.45,32.69,77.77,68.24,60.2,35.4,6.0,2577.0,10.0,8.0,29.0,2.0,medium
stu_06975,class_010,68.45,43.41,41.62,39.28,54.91,61.9,43.81,6.0,619.0,3.0,1.0,6.0,1.0,medium
stu_06976,class_036,34.31,31.6,42.95,36.85,30.05,6.44,30.27,0.0,677.0,3.0,2.0,0.0,1.0,high
stu_06977,class_033,83.78,71.72,79.29,67.76,75.18,64.48,29.98,7.0,1408.0,6.0,3.0,5.0,0.0,low
stu_06978,class_014,60.82,45.22,59.75,50.59,49.09,55.59,18.17,3.0,955.0,4.0,1.0,3.0,2.0,medium
stu_06979,class_003,22.74,22.11,0.0,0.0,23.98,74.09,18.14,5.0,439.0,2.0,0.0,8.0,1.0,high
stu_06980,class_012,84.2,82.92,68.26,57.32,81.69,81.37,25.69,8.0,1902.0,8.0,4.0,7.0,0.0,low
stu_06981,class_030,66.1,80.45,51.41,68.48,63.57,13.34,69.25,9.0,5981.0,23.0,12.0,10.0,3.0,medium
stu_06982,class_002,85.32,89.66,90.28,97.4,79.72,36.76,57.07,0.0,1785.0,8.0,4.0,0.0,0.0,low
stu_06983,class_016,87.08,81.17,92.16,80.19,83.71,72.57,23.94,17.0,2062.0,9.0,5.0,24.0,0.0,low
stu_06984,class_003,38.55,18.96,35.71,50.0,36.16,11.65,129.13,1.0,199.0,1.0,0.0,0.0,4.0,high
stu_06985,class_012,30.68,45.81,77.41,75.3,48.36,69.06,30.75,9.0,1603.0,7.0,4.0,18.0,2.0,low
stu_06986,class_002,28.8,76.51,58.44,62.75,52.48,68.83,22.1,2.0,1531.0,7.0,3.0,0.0,0.0,medium
stu_06987,class_036,89.36,73.1,78.91,75.32,70.19,11.92,24.77,0.0,1595.0,7.0,3.0,0.0,0.0,low
stu_06988,class_028,52.72,58.55,24.45,36.25,43.26,28.32,45.64,4.0,1119.0,5.0,1.0,4.0,3.0,high
stu_06989,class_031,60.66,79.68,45.44,32.67,56.86,54.15,40.22,3.0,1659.0,7.0,2.0,5.0,4.0,medium
stu_06990,class_003,75.2,45.01,48.62,53.98,49.13,25.44,36.79,0.0,1082.0,5.0,1.0,0.0,2.0,medium
stu_06991,class_015,92.96,74.96,89.17,87.8,89.05,88.21,22.58,18.0,2058.0,9.0,5.0,21.0,0.0,low
stu_06992,class_009,3.43,40.09,45.15,44.66,28.73,33.55,11.24,5.0,844.0,4.0,2.0,4.0,8.0,high
stu_06993,class_032,69.81,47.51,41.28,47.85,62.76,48.96,32.2,9.0,889.0,4.0,1.0,9.0,,medium
stu_06994,class_021,67.09,83.81,87.37,86.89,75.39,80.57,40.24,18.0,1988.0,8.0,5.0,24.0,0.0,low
stu_06995,class_011,11.17,42.28,50.19,52.78,28.16,19.32,44.56,2.0,834.0,4.0,2.0,3.0,1.0,high
stu_06996,class_004,35.79,28.81,34.14,38.97,31.98,36.33,93.59,0.0,384.0,2.0,0.0,6.0,6.0,high
stu_06997,class_018,83.47,100.0,84.5,93.84,85.26,91.57,17.78,18.0,2418.0,,5.0,14.0,0.0,low
stu_06998,class_027,100.0,84.41,83.23,97.34,89.33,100.0,24.56,14.0,1906.0,8.0,5.0,12.0,1.0,low
stu_06999,class_022,30.25,56.52,53.03,55.61,51.38,56.05,64.34,8.0,1218.0,5.0,1.0,10.0,2.0,medium
stu_07000,class_003,90.06,11.57,31.79,32.08,48.6,47.1,37.76,1.0,237.0,1.0,1.0,0.0,0.0,medium
stu_07001,class_014,8.11,3.26,62.44,57.66,25.29,30.74,63.87,5.0,339.0,2.0,1.0,5.0,5.0,high
stu_07002,class_003,94.56,73.33,,82.14,86.45,100.0,19.31,5.0,1428.0,6.0,4.0,6.0,0.0,low
stu_07003,class_030,85.37,95.98,100.0,100.0,89.58,69.86,18.84,9.0,1835.0,8.0,4.0,14.0,0.0,low
stu_07004,class_009,76.64,75.86,80.49,87.85,81.99,90.67,25.33,16.0,1844.0,8.0,3.0,29.0,0.0,low
stu_07005,class_001,74.02,72.22,62.44,74.07,67.85,71.72,83.17,9.0,1818.0,8.0,3.0,7.0,3.0,medium
stu_07006,class_033,35.27,30.62,93.79,88.37,55.95,90.18,20.69,10.0,698.0,3.0,3.0,12.0,2.0,medium
stu_07007,class_017,50.88,27.3,41.92,33.21,43.54,8.59,20.6,5.0,790.0,4.0,2.0,5.0,3.0,high
stu_07008,class_005,51.08,41.46,70.28,67.32,51.19,48.68,35.03,3.0,818.0,4.0,1.0,6.0,0.0,medium
stu_07009,class_019,58.19,99.74,26.82,27.03,58.93,55.2,37.88,3.0,1969.0,8.0,3.0,3.0,1.0,medium
stu_07010,class_004,48.01,55.39,76.33,72.06,52.95,37.64,48.18,9.0,1282.0,6.0,1.0,16.0,2.0,medium
stu_07011,class_020,83.81,86.15,99.13,100.0,90.74,97.43,19.89,10.0,1969.0,8.0,6.0,9.0,0.0,low
stu_07012,class_018,1.09,36.66,6.53,4.88,12.29,10.32,42.31,3.0,642.0,3.0,0.0,,3.0,high
stu_07013,class_023,70.75,48.35,86.63,71.67,73.23,88.05,27.59,7.0,1062.0,5.0,2.0,4.0,4.0,medium
stu_07014,class_026,85.46,91.1,95.62,98.39,90.28,76.59,20.49,10.0,1859.0,8.0,5.0,18.0,0.0,low
stu_07015,class_022,26.26,62.2,8.71,3.99,31.91,40.2,50.4,3.0,1201.0,5.0,1.0,6.0,5.0,high
stu_07016,class_017,61.65,69.6,67.01,61.45,63.03,77.36,37.3,4.0,0.0,6.0,2.0,3.0,0.0,medium
stu_07017,class_001,,96.39,88.62,84.7,88.95,84.07,27.21,14.0,2188.0,9.0,5.0,18.0,0.0,low
stu_07018,class_013,68.63,46.59,54.5,53.42,52.1,74.49,48.84,1.0,1030.0,5.0,1.0,0.0,1.0,medium
stu_07019,class_007,6.22,22.67,36.13,28.21,17.3,6.93,46.32,2.0,592.0,3.0,0.0,3.0,4.0,high
stu_07020,class_031,82.02,35.16,33.05,30.93,57.15,68.66,30.82,7.0,691.0,3.0,3.0,3.0,2.0,medium
stu_07021,class_011,55.07,46.5,47.17,44.35,51.18,88.29,26.52,5.0,940.0,4.0,1.0,5.0,4.0,medium
stu_07022,class_012,81.47,73.36,96.04,100.0,89.29,95.46,19.4,11.0,1421.0,6.0,4.0,9.0,0.0,low
stu_07023,class_006,52.62,73.4,61.55,68.91,56.85,22.64,44.37,1.0,1234.0,5.0,1.0,0.0,1.0,medium
stu_07024,class_039,77.92,61.49,78.51,67.83,73.33,91.52,72.17,9.0,1589.0,7.0,2.0,10.0,1.0,medium
stu_07025,class_029,28.43,54.39,64.78,64.54,44.32,74.13,10.69,3.0,1043.0,5.0,2.0,0.0,2.0,medium
stu_07026,class_014,90.9,44.12,34.05,25.08,58.91,40.76,35.62,9.0,928.0,4.0,3.0,9.0,4.0,medium
stu_07027,class_035,5.06,60.55,10.14,7.97,24.85,12.48,99.49,5.0,1337.0,6.0,2.0,12.0,4.0,high
stu_07028,class_025,77.63,91.58,93.63,94.13,92.67,90.73,17.82,15.0,2081.0,9.0,5.0,24.0,0.0,low
stu_07029,class_005,100.0,69.78,76.24,,82.36,80.39,25.9,14.0,1794.0,8.0,3.0,24.0,1.0,low
stu_07030,class_015,83.24,67.98,82.75,71.36,75.47,72.96,17.51,9.0,1615.0,7.0,4.0,6.0,0.0,low
stu_07031,class_014,22.52,12.49,29.79,38.35,19.38,29.02,17.8,3.0,351.0,2.0,0.0,2.0,3.0,high
stu_07032,class_006,62.76,76.88,85.79,82.04,70.04,40.7,29.22,10.0,1529.0,7.0,3.0,13.0,2.0,medium
stu_07033,class_011,47.42,18.13,48.62,46.94,39.4,43.6,22.15,2.0,241.0,1.0,0.0,3.0,4.0,high
stu_07034,class_027,37.6,63.01,69.22,81.44,54.32,45.67,40.05,10.0,1265.0,6.0,2.0,9.0,3.0,medium
stu_07035,class_034,83.99,82.71,97.98,88.49,89.19,84.35,20.09,8.0,1570.0,7.0,5.0,14.0,0.0,low
stu_07036,class_030,12.31,0.0,63.23,53.41,25.15,39.34,171.2,5.0,220.0,1.0,1.0,10.0,3.0,high
stu_07037,class_021,20.59,50.51,84.54,79.14,45.58,58.18,41.65,8.0,1429.0,6.0,2.0,11.0,2.0,medium
stu_07038,class_026,85.8,65.33,93.37,99.48,70.54,14.03,19.85,0.0,1485.0,6.0,4.0,0.0,0.0,low
stu_07039,class_013,61.03,50.65,47.53,52.63,53.31,41.74,37.08,4.0,1080.0,5.0,2.0,7.0,3.0,medium
stu_07040,class_002,93.26,61.18,29.96,35.2,59.15,28.1,100.6,1.0,386.0,2.0,0.0,1.0,5.0,high
stu_07041,class_013,58.09,0.0,30.78,44.24,40.66,51.28,162.21,2.0,42.0,1.0,0.0,3.0,1.0,high
stu_07042,class_015,85.77,82.45,78.2,83.58,84.16,93.15,43.27,9.0,1748.0,7.0,3.0,12.0,0.0,low
stu_07043,class_014,61.31,82.2,58.12,46.52,61.78,80.61,83.12,3.0,1539.0,7.0,2.0,6.0,,medium
stu_07044,class_022,47.85,62.5,69.46,66.17,51.99,12.09,36.21,4.0,1253.0,6.0,2.0,2.0,2.0,medium
stu_07045,class_037,0.0,69.19,37.75,29.78,27.85,10.44,45.53,0.0,1345.0,6.0,3.0,0.0,3.0,high
stu_07046,class_003,0.53,15.67,38.42,40.13,18.96,9.6,99.93,3.0,289.0,2.0,1.0,5.0,5.0,high
stu_07047,class_022,87.29,96.08,35.98,27.55,70.66,46.49,27.86,4.0,1209.0,5.0,2.0,0.0,3.0,medium
stu_07048,class_030,72.16,90.93,75.93,83.71,79.35,76.66,14.84,10.0,1935.0,8.0,2.0,14.0,1.0,low
stu_07049,class_033,84.77,92.65,90.37,84.83,88.92,64.25,17.19,10.0,1983.0,8.0,5.0,10.0,1.0,low
stu_07050,class_013,73.68,82.75,84.47,95.54,70.5,18.11,19.71,0.0,1620.0,7.0,3.0,0.0,0.0,low
stu_07051,class_037,58.19,72.14,57.33,63.03,57.07,24.21,91.18,8.0,1617.0,7.0,3.0,11.0,1.0,medium
stu_07052,class_026,43.34,45.64,78.25,83.38,49.56,32.72,33.8,2.0,986.0,4.0,1.0,3.0,3.0,medium
stu_07053,class_021,47.29,43.97,64.12,56.05,53.65,78.13,40.32,10.0,1078.0,5.0,2.0,9.0,1.0,medium
stu_07054,class_018,34.22,59.6,5.42,3.67,36.24,57.39,18.46,3.0,1079.0,5.0,1.0,1.0,2.0,high
stu_07055,class_033,88.92,58.23,54.23,54.07,72.84,71.35,21.38,16.0,1559.0,7.0,3.0,24.0,,low
stu_07056,class_032,88.73,95.45,95.87,87.61,88.36,71.37,26.43,10.0,1986.0,8.0,5.0,11.0,0.0,low
stu_07057,class_039,27.61,71.99,90.59,77.44,62.18,83.38,21.94,5.0,0.0,6.0,4.0,8.0,1.0,low
stu_07058,class_035,63.73,69.01,83.51,82.03,72.24,72.09,45.14,,1637.0,7.0,3.0,12.0,0.0,low
stu_07059,class_033,93.45,82.05,84.23,78.87,83.42,78.99,24.77,15.0,1839.0,8.0,5.0,25.0,2.0,low
stu_07060,class_009,60.27,77.46,44.78,51.57,52.14,37.76,57.58,1.0,1583.0,7.0,2.0,2.0,0.0,medium
stu_07061,class_023,82.58,100.0,95.32,96.02,94.2,74.13,29.53,11.0,2000.0,9.0,5.0,12.0,0.0,low
stu_07062,class_007,79.09,95.17,79.56,87.9,86.45,98.99,22.7,7.0,1716.0,7.0,2.0,7.0,0.0,low
stu_07063,class_003,93.67,76.95,87.6,96.01,83.64,80.7,18.89,6.0,1577.0,7.0,4.0,6.0,0.0,low
stu_07064,class_017,88.51,76.66,84.72,73.49,85.56,76.91,17.97,11.0,1647.0,7.0,4.0,12.0,1.0,low
stu_07065,class_023,33.24,61.1,74.14,79.83,46.69,4.89,87.34,3.0,832.0,4.0,1.0,0.0,2.0,high
stu_07066,class_007,36.56,15.4,13.41,3.23,22.03,35.23,30.23,2.0,374.0,2.0,0.0,6.0,0.0,high
stu_07067,class_022,78.63,77.63,46.67,48.56,68.37,35.49,42.79,6.0,1340.0,6.0,2.0,10.0,3.0,medium
stu_07068,class_035,71.17,44.28,70.4,69.29,57.67,46.09,27.87,4.0,,,2.0,8.0,3.0,medium
stu_07069,class_025,25.25,32.86,36.42,37.33,31.71,64.96,72.42,2.0,783.0,4.0,1.0,0.0,5.0,high
stu_07070,class_035,89.72,95.16,92.75,83.18,92.51,72.1,23.92,6.0,1883.0,8.0,5.0,13.0,0.0,low
stu_07071,class_009,30.66,,53.73,64.77,44.7,36.81,33.07,7.0,972.0,4.0,1.0,8.0,3.0,medium
stu_07072,class_013,81.75,88.7,38.62,48.94,66.1,19.24,22.1,3.0,265.0,2.0,0.0,6.0,4.0,high
stu_07073,class_020,40.35,60.03,29.41,35.93,38.9,32.1,82.21,0.0,1017.0,5.0,1.0,0.0,1.0,high
stu_07074,class_017,86.95,57.84,63.0,63.89,62.97,50.89,73.18,2.0,957.0,4.0,3.0,,2.0,medium
stu_07075,class_035,40.21,9.14,90.0,88.29,43.03,0.18,72.76,3.0,150.0,1.0,1.0,4.0,6.0,high
stu_07076,class_036,75.32,73.3,53.72,69.04,63.26,63.42,34.89,1.0,1324.0,6.0,2.0,0.0,0.0,medium
stu_07077,class_021,28.47,16.53,44.44,50.22,31.87,38.09,125.01,0.0,335.0,2.0,1.0,,3.0,high
stu_07078,class_040,72.71,93.27,,81.6,81.29,75.53,11.85,13.0,2322.0,10.0,3.0,23.0,0.0,low
stu_07079,class_037,87.41,92.94,79.6,75.34,82.63,75.09,26.63,10.0,1974.0,8.0,5.0,14.0,1.0,low
stu_07080,class_031,74.4,89.24,77.24,77.69,78.67,75.47,22.9,18.0,1937.0,8.0,3.0,28.0,0.0,low
stu_07081,class_025,2.58,44.05,37.36,45.36,24.38,18.75,60.97,2.0,1105.0,5.0,1.0,0.0,3.0,high
stu_07082,class_025,81.32,,67.02,78.07,79.89,65.37,73.43,8.0,1532.0,7.0,3.0,8.0,3.0,medium
stu_07083,class_020,93.6,73.01,76.06,78.32,75.59,57.18,17.07,5.0,1334.0,6.0,4.0,7.0,0.0,low
stu_07084,class_017,40.51,48.29,64.23,63.26,53.6,65.23,29.93,5.0,1065.0,5.0,1.0,5.0,1.0,medium
stu_07085,class_027,64.72,66.25,63.93,79.62,61.07,57.61,36.22,8.0,1414.0,6.0,3.0,16.0,0.0,medium
stu_07086,class_034,67.41,52.09,31.74,78.64,55.59,45.01,64.87,3.0,5719.0,22.0,6.0,22.0,2.0,medium
stu_07087,class_034,77.3,81.73,75.58,75.83,80.77,88.0,19.1,15.0,2025.0,9.0,4.0,12.0,,low
stu_07088,class_040,46.61,55.13,62.01,65.06,59.21,42.15,39.14,10.0,1187.0,5.0,1.0,13.0,2.0,medium
stu_07089,class_007,90.22,80.41,100.0,100.0,84.71,63.24,33.36,7.0,1599.0,7.0,4.0,4.0,0.0,low
stu_07090,class_012,85.75,63.58,36.06,46.03,67.37,66.83,20.56,7.0,1662.0,7.0,4.0,12.0,3.0,low
stu_07091,class_037,91.56,90.99,82.87,82.46,85.3,75.46,33.35,8.0,1690.0,7.0,5.0,12.0,0.0,low
stu_07092,class_038,93.08,100.0,91.08,91.11,87.19,60.28,34.14,0.0,2195.0,9.0,6.0,0.0,1.0,low
stu_07093,class_036,53.99,41.16,51.37,46.13,45.31,29.66,52.71,1.0,875.0,4.0,2.0,3.0,2.0,high
stu_07094,class_038,69.14,90.96,88.08,78.74,82.66,79.14,28.77,18.0,2050.0,9.0,4.0,25.0,1.0,low
stu_07095,class_031,70.54,77.01,56.93,62.78,60.35,25.02,79.92,0.0,1677.0,7.0,3.0,0.0,2.0,medium
stu_07096,class_014,90.0,15.07,36.44,47.97,44.32,40.75,82.87,0.0,274.0,2.0,1.0,0.0,5.0,high
stu_07097,class_008,100.0,96.03,96.2,85.8,97.32,70.28,27.67,9.0,1886.0,8.0,4.0,8.0,0.0,low
stu_07098,class_023,51.01,7.6,52.02,53.83,32.95,6.0,24.5,5.0,267.0,2.0,0.0,5.0,5.0,high
stu_07099,class_003,45.52,52.3,54.65,40.07,48.87,36.54,195.31,2.0,985.0,4.0,1.0,3.0,1.0,high
stu_07100,class_011,36.39,22.32,17.71,23.61,25.71,52.62,73.24,0.0,347.0,2.0,1.0,0.0,2.0,high
stu_07101,class_023,78.77,74.18,90.01,91.66,83.01,75.15,26.35,16.0,1887.0,8.0,3.0,31.0,0.0,low
stu_07102,class_006,60.16,79.03,72.99,79.15,76.66,90.11,16.96,14.0,1818.0,8.0,2.0,20.0,0.0,low
stu_07103,class_003,44.56,31.2,28.45,41.11,35.54,52.32,40.24,1.0,390.0,2.0,0.0,3.0,1.0,high
stu_07104,class_036,49.48,62.43,40.96,59.35,47.63,16.13,38.76,6.0,1290.0,6.0,2.0,5.0,2.0,medium
stu_07105,class_011,72.11,90.81,78.29,72.67,79.53,77.65,23.01,5.0,2029.0,9.0,3.0,7.0,0.0,low
stu_07106,class_017,70.53,75.84,75.92,73.49,74.72,71.33,19.1,5.0,1394.0,6.0,3.0,4.0,0.0,low
stu_07107,class_010,86.42,76.67,83.83,86.73,77.33,16.37,23.27,0.0,1531.0,7.0,5.0,0.0,0.0,low
stu_07108,class_002,96.57,80.36,33.54,32.38,68.51,68.97,23.39,3.0,1501.0,7.0,3.0,6.0,3.0,medium
stu_07109,class_033,79.42,94.0,78.24,64.43,83.66,90.33,15.2,18.0,2157.0,9.0,3.0,22.0,1.0,low
stu_07110,class_026,0.0,53.71,72.74,65.83,34.99,10.53,53.34,1.0,784.0,4.0,1.0,0.0,5.0,high
stu_07111,class_020,87.07,63.72,78.5,76.32,79.35,91.34,24.91,8.0,1351.0,6.0,3.0,4.0,0.0,low
stu_07112,class_006,12.6,35.35,,20.7,25.19,33.38,101.93,3.0,423.0,2.0,1.0,2.0,5.0,high
stu_07113,class_020,92.16,70.15,72.28,68.25,81.72,74.51,28.62,8.0,1619.0,7.0,3.0,10.0,0.0,low
stu_07114,class_031,99.77,23.54,57.91,58.9,57.81,44.45,17.05,1.0,501.0,3.0,2.0,3.0,4.0,medium
stu_07115,class_034,9.09,54.52,43.84,44.61,28.83,19.53,49.62,2.0,1053.0,5.0,1.0,0.0,1.0,high
stu_07116,class_038,65.28,83.36,48.0,43.87,63.08,80.12,43.94,2.0,1710.0,7.0,2.0,0.0,4.0,medium
stu_07117,class_018,22.93,38.59,19.04,15.53,26.34,49.29,17.21,2.0,843.0,4.0,1.0,6.0,1.0,high
stu_07118,class_013,51.87,59.85,41.22,33.07,51.35,66.13,46.52,8.0,1442.0,6.0,2.0,10.0,1.0,medium
stu_07119,class_006,85.73,77.53,85.9,71.52,84.1,76.4,16.82,9.0,1600.0,7.0,5.0,7.0,0.0,low
stu_07120,class_036,,73.11,86.94,80.07,86.54,84.73,11.2,12.0,1473.0,6.0,4.0,15.0,1.0,low
stu_07121,class_004,77.55,68.71,100.0,100.0,81.48,100.0,25.76,18.0,1726.0,7.0,4.0,35.0,0.0,low
stu_07122,class_036,33.38,15.8,87.16,96.68,41.0,29.32,50.77,2.0,293.0,2.0,1.0,0.0,3.0,high
stu_07123,class_006,13.13,54.55,52.48,52.5,40.38,46.78,31.9,5.0,1024.0,5.0,1.0,9.0,8.0,high
stu_07124,class_023,47.69,55.91,39.92,49.08,49.02,18.93,13.96,10.0,1137.0,5.0,1.0,4.0,4.0,medium
stu_07125,class_030,91.47,95.07,83.23,66.58,92.46,100.0,26.46,,2208.0,9.0,5.0,13.0,0.0,low
stu_07126,class_013,33.08,27.67,35.76,46.45,31.88,24.35,113.75,4.0,521.0,3.0,1.0,7.0,5.0,high
stu_07127,class_009,12.1,25.63,11.29,24.91,18.28,6.11,65.07,3.0,626.0,3.0,0.0,7.0,2.0,high
stu_07128,class_022,46.74,11.49,61.01,57.16,36.08,26.21,93.31,2.0,223.0,1.0,0.0,0.0,6.0,high
stu_07129,class_018,39.9,20.23,41.55,38.14,31.11,47.58,61.68,1.0,448.0,2.0,0.0,1.0,6.0,high
stu_07130,class_028,87.87,88.44,99.01,100.0,87.95,61.48,30.83,9.0,1769.0,8.0,4.0,11.0,0.0,low
stu_07131,class_035,89.13,66.88,55.74,48.22,75.9,66.28,26.25,8.0,1903.0,8.0,3.0,11.0,7.0,low
stu_07132,class_010,71.57,78.96,41.08,47.4,60.88,31.2,32.97,8.0,1621.0,7.0,2.0,15.0,2.0,medium
stu_07133,class_002,62.13,59.66,55.37,59.03,59.49,68.8,53.12,10.0,1211.0,5.0,1.0,6.0,3.0,medium
stu_07134,class_007,13.43,18.9,57.33,47.58,27.69,19.8,75.01,0.0,439.0,2.0,0.0,0.0,4.0,high
stu_07135,class_039,83.21,73.22,100.0,93.49,83.89,78.02,40.18,6.0,1499.0,6.0,4.0,10.0,0.0,low
stu_07136,class_039,87.29,56.18,80.23,87.39,73.83,65.55,20.24,9.0,1360.0,6.0,5.0,13.0,0.0,low
stu_07137,class_004,83.09,64.43,81.65,77.8,81.66,92.15,20.69,10.0,1382.0,6.0,4.0,11.0,1.0,low
stu_07138,class_012,21.69,27.95,,38.34,25.15,23.34,67.01,3.0,502.0,3.0,1.0,4.0,0.0,high
stu_07139,class_005,71.27,73.75,82.21,78.93,75.39,75.68,20.1,15.0,1813.0,8.0,4.0,26.0,0.0,low
stu_07140,class_034,51.32,23.03,52.0,45.42,39.4,1.65,113.16,1.0,456.0,2.0,0.0,0.0,2.0,high
stu_07141,class_018,91.85,95.67,75.61,64.75,83.77,86.0,17.06,7.0,2166.0,9.0,4.0,6.0,0.0,low
stu_07142,class_008,83.02,86.41,100.0,92.38,89.06,63.9,24.76,8.0,1775.0,8.0,5.0,8.0,1.0,low
stu_07143,class_022,88.64,18.03,92.59,89.6,67.81,74.5,39.86,5.0,279.0,2.0,,8.0,3.0,medium
stu_07144,class_011,100.0,76.32,76.63,84.83,86.78,82.99,28.79,11.0,1690.0,7.0,4.0,18.0,0.0,low
stu_07145,class_032,30.46,36.82,42.88,27.5,32.33,39.93,25.89,1.0,769.0,4.0,1.0,0.0,3.0,high
stu_07146,class_008,72.08,85.84,89.91,92.66,74.9,58.18,16.35,8.0,1796.0,8.0,3.0,12.0,0.0,low
stu_07147,class_010,100.0,80.44,87.06,90.78,90.93,82.42,15.18,9.0,1793.0,8.0,5.0,15.0,0.0,low
stu_07148,class_028,93.77,38.99,65.51,62.63,62.64,57.27,25.96,3.0,707.0,3.0,2.0,1.0,0.0,medium
stu_07149,class_003,66.11,59.36,71.28,74.05,65.17,50.98,30.59,8.0,1406.0,6.0,3.0,14.0,0.0,medium
stu_07150,class_009,69.21,55.01,66.9,65.8,60.63,41.65,28.43,10.0,1336.0,6.0,3.0,12.0,3.0,medium
stu_07151,class_013,56.36,26.32,60.37,63.45,50.45,50.05,46.69,3.0,548.0,3.0,0.0,1.0,1.0,medium
stu_07152,class_020,33.49,27.99,48.97,43.58,29.43,0.0,70.39,0.0,367.0,2.0,0.0,0.0,5.0,high
stu_07153,class_035,66.19,57.42,32.59,43.89,56.76,81.22,73.02,3.0,1191.0,5.0,2.0,5.0,2.0,medium
stu_07154,class_035,75.14,79.06,75.57,83.63,80.53,79.3,14.1,15.0,1562.0,7.0,2.0,10.0,0.0,low
stu_07155,class_037,92.11,66.22,94.11,85.92,87.72,69.6,42.75,14.0,1879.0,8.0,4.0,15.0,0.0,low
stu_07156,class_035,65.96,68.79,58.26,55.76,61.21,67.64,23.67,7.0,1549.0,7.0,2.0,7.0,1.0,medium
stu_07157,class_017,89.72,66.23,40.66,46.46,74.75,100.0,30.13,15.0,1983.0,8.0,4.0,22.0,6.0,low
stu_07158,class_028,88.77,79.6,100.0,100.0,83.24,99.59,29.9,6.0,1536.0,7.0,5.0,8.0,0.0,low
stu_07159,class_034,90.5,76.61,73.77,72.35,79.81,92.64,19.53,5.0,1285.0,6.0,2.0,6.0,1.0,low
stu_07160,class_021,88.33,94.23,75.62,66.76,85.74,71.91,31.21,18.0,2067.0,9.0,5.0,15.0,0.0,low
stu_07161,class_039,86.98,72.71,72.34,70.9,74.7,56.46,25.65,15.0,1566.0,7.0,4.0,10.0,1.0,low
stu_07162,class_007,50.23,49.05,34.03,36.41,48.58,64.88,24.3,6.0,1320.0,6.0,2.0,5.0,0.0,medium
stu_07163,class_012,28.25,47.32,52.54,51.14,38.92,45.72,84.45,5.0,815.0,4.0,2.0,6.0,3.0,high
stu_07164,class_039,84.78,61.42,80.23,79.34,80.5,84.37,15.43,7.0,1214.0,5.0,3.0,9.0,1.0,low
stu_07165,class_018,56.59,50.26,59.95,69.46,54.6,75.6,31.33,3.0,878.0,4.0,1.0,5.0,1.0,medium
stu_07166,class_036,62.52,69.24,60.42,56.75,62.55,53.66,16.46,7.0,1433.0,6.0,3.0,7.0,1.0,medium
stu_07167,class_019,32.65,3.75,30.42,37.05,24.47,26.45,58.24,5.0,213.0,1.0,1.0,5.0,4.0,high
stu_07168,class_031,100.0,89.63,34.46,30.54,75.82,59.56,39.14,4.0,1581.0,7.0,3.0,3.0,3.0,medium
stu_07169,class_032,90.7,57.24,20.87,14.49,60.93,62.17,103.84,3.0,1243.0,5.0,3.0,4.0,5.0,medium
stu_07170,class_027,85.24,81.0,71.23,54.59,76.92,64.6,23.72,2.0,1438.0,6.0,4.0,1.0,1.0,medium
stu_07171,class_019,98.76,64.47,77.72,88.48,82.45,96.65,13.61,6.0,1484.0,6.0,3.0,9.0,1.0,low
stu_07172,class_007,73.35,80.39,68.37,80.94,76.97,89.66,23.73,8.0,1514.0,7.0,2.0,17.0,1.0,low
stu_07173,class_033,44.07,47.65,68.6,84.29,54.97,60.12,49.38,9.0,2070.0,9.0,4.0,12.0,0.0,low
stu_07174,class_019,39.99,21.11,38.38,48.9,36.63,32.79,51.24,5.0,540.0,3.0,0.0,8.0,3.0,high
stu_07175,class_035,98.42,86.39,74.53,70.84,91.07,98.92,25.95,10.0,1860.0,8.0,3.0,7.0,2.0,low
stu_07176,class_008,65.09,62.79,88.75,85.61,66.29,54.09,41.45,2.0,1055.0,5.0,3.0,1.0,1.0,medium
stu_07177,class_004,44.78,60.03,31.36,30.24,52.76,63.96,51.93,7.0,1430.0,6.0,2.0,12.0,3.0,medium
stu_07178,class_004,57.68,78.52,51.42,40.76,60.89,44.72,46.41,8.0,1619.0,7.0,2.0,6.0,2.0,medium
stu_07179,class_016,87.63,99.01,67.79,73.18,84.73,64.64,30.32,5.0,2009.0,9.0,4.0,6.0,0.0,low
stu_07180,class_035,75.77,50.08,,53.59,62.38,67.9,26.55,8.0,1362.0,6.0,2.0,14.0,4.0,medium
stu_07181,class_021,12.84,56.81,74.55,84.53,37.54,21.47,52.5,3.0,1162.0,5.0,1.0,3.0,1.0,high
stu_07182,class_013,31.19,62.04,14.46,16.39,34.2,41.96,84.61,1.0,982.0,4.0,1.0,1.0,6.0,high
stu_07183,class_014,89.48,78.38,94.69,83.71,87.82,64.64,24.38,10.0,1515.0,7.0,4.0,17.0,1.0,low
stu_07184,class_023,26.88,10.4,36.98,35.41,29.86,46.59,72.87,4.0,418.0,2.0,0.0,6.0,4.0,high
stu_07185,class_001,72.97,49.83,49.78,50.49,56.57,70.3,95.05,1.0,883.0,4.0,2.0,2.0,1.0,medium
stu_07186,class_024,65.88,60.83,52.09,34.94,56.37,51.83,49.29,9.0,1530.0,7.0,3.0,12.0,3.0,medium
stu_07187,class_021,45.98,49.79,54.05,48.31,49.55,37.71,50.12,4.0,969.0,4.0,2.0,8.0,2.0,medium
stu_07188,class_012,81.46,84.53,58.01,44.13,72.15,48.92,27.76,5.0,1676.0,7.0,4.0,7.0,1.0,medium
stu_07189,class_021,,35.5,20.12,11.83,27.48,28.43,49.57,1.0,615.0,3.0,0.0,3.0,5.0,high
stu_07190,class_030,20.89,69.85,45.32,43.46,39.01,0.0,61.8,3.0,1311.0,6.0,3.0,1.0,2.0,high
stu_07191,class_019,30.74,13.56,38.07,49.75,27.77,62.11,62.78,0.0,240.0,1.0,0.0,1.0,2.0,high
stu_07192,class_033,37.16,14.4,40.74,43.62,29.86,10.18,15.43,2.0,318.0,2.0,0.0,2.0,4.0,high
stu_07193,class_023,71.25,81.55,85.89,97.44,82.05,88.63,17.29,18.0,1822.0,8.0,0.0,25.0,0.0,low
stu_07194,class_015,63.77,49.96,67.39,87.31,61.63,70.12,32.82,9.0,2802.0,11.0,0.0,24.0,3.0,medium
stu_07195,class_020,95.55,100.0,98.08,90.65,93.89,79.85,11.56,16.0,0.0,8.0,5.0,17.0,0.0,low
stu_07196,class_024,11.24,12.55,59.77,63.26,26.18,6.96,54.69,5.0,484.0,2.0,0.0,7.0,4.0,high
stu_07197,class_021,46.95,60.91,63.7,58.78,53.86,51.16,21.39,6.0,,5.0,2.0,8.0,2.0,medium
stu_07198,class_024,67.94,51.9,9.32,8.3,45.95,35.97,96.08,2.0,,4.0,1.0,5.0,6.0,high
stu_07199,class_005,71.15,98.61,79.45,81.57,81.57,100.0,18.7,18.0,2223.0,9.0,3.0,22.0,1.0,low
stu_07200,class_005,37.39,36.44,79.02,76.24,51.03,55.41,97.4,4.0,804.0,4.0,2.0,6.0,3.0,high
stu_07201,class_013,55.39,82.6,57.31,63.88,63.3,48.47,58.43,1.0,1423.0,6.0,2.0,0.0,2.0,medium
stu_07202,class_022,45.9,28.32,5.5,1.37,29.86,35.46,79.78,1.0,671.0,3.0,1.0,0.0,2.0,high
stu_07203,class_009,96.0,83.33,92.43,88.02,87.58,81.4,30.67,13.0,1937.0,8.0,5.0,14.0,0.0,low
stu_07204,class_004,86.77,76.1,83.75,82.42,84.13,94.49,20.33,8.0,1728.0,7.0,5.0,7.0,2.0,low
stu_07205,class_016,65.89,89.78,90.28,74.7,77.15,60.75,17.74,14.0,2076.0,9.0,5.0,18.0,0.0,low
stu_07206,class_038,42.63,47.66,44.98,40.78,42.26,37.45,14.23,1.0,903.0,4.0,1.0,0.0,1.0,medium
stu_07207,class_019,93.0,33.83,61.7,61.09,60.31,47.09,123.54,1.0,560.0,3.0,2.0,0.0,0.0,medium
stu_07208,class_011,50.64,51.62,47.2,31.16,50.34,68.24,37.77,1.0,971.0,,1.0,3.0,1.0,medium
stu_07209,class_009,83.73,81.95,76.68,87.59,83.27,69.43,20.5,18.0,2181.0,9.0,5.0,31.0,0.0,low
stu_07210,class_026,49.16,0.0,24.54,36.06,28.02,29.23,92.04,0.0,0.0,1.0,0.0,0.0,9.0,high
stu_07211,class_006,74.13,78.65,88.78,85.1,73.29,30.57,20.65,0.0,1635.0,7.0,4.0,0.0,0.0,low
stu_07212,class_031,72.59,28.37,25.99,21.89,46.41,,13.44,6.0,852.0,4.0,2.0,5.0,0.0,medium
stu_07213,class_029,27.5,28.37,94.15,93.92,42.8,9.65,102.4,1.0,238.0,1.0,0.0,0.0,0.0,high
stu_07214,class_028,73.22,60.54,64.48,72.78,65.55,75.41,59.26,3.0,1056.0,5.0,2.0,4.0,3.0,medium
stu_07215,class_030,86.53,60.98,62.73,64.7,66.14,74.24,35.91,9.0,1134.0,5.0,2.0,8.0,0.0,medium
stu_07216,class_015,45.7,53.92,50.69,45.68,45.01,27.69,39.66,5.0,1002.0,5.0,1.0,7.0,2.0,high
stu_07217,class_037,3.58,38.86,81.97,78.06,35.82,43.9,34.43,6.0,480.0,2.0,1.0,8.0,0.0,medium
stu_07218,class_027,37.06,31.74,62.59,60.75,47.53,75.05,40.79,3.0,634.0,3.0,1.0,6.0,1.0,medium
stu_07219,class_012,72.96,92.16,91.83,81.27,84.52,68.54,23.15,13.0,1951.0,8.0,5.0,25.0,1.0,low
stu_07220,class_023,47.37,6.85,42.41,47.02,28.83,14.04,83.56,0.0,104.0,1.0,0.0,1.0,4.0,high
stu_07221,class_010,83.49,67.5,92.52,89.07,81.86,79.33,19.23,18.0,1801.0,8.0,4.0,19.0,0.0,low
stu_07222,class_035,85.74,79.41,70.79,62.67,82.69,80.73,20.45,10.0,1919.0,8.0,3.0,19.0,1.0,low
stu_07223,class_032,42.92,14.83,13.24,,22.93,29.59,49.16,2.0,215.0,1.0,0.0,0.0,3.0,high
stu_07224,class_032,34.75,72.04,46.22,51.72,53.49,91.63,31.51,10.0,1665.0,7.0,2.0,6.0,2.0,medium
stu_07225,class_002,79.84,100.0,88.56,100.0,87.74,67.59,23.41,14.0,2224.0,9.0,4.0,25.0,0.0,low
stu_07226,class_024,93.58,82.84,21.78,29.08,66.25,48.87,25.44,3.0,1411.0,6.0,3.0,1.0,2.0,medium
stu_07227,class_019,79.15,67.69,82.34,84.05,78.63,60.97,27.22,18.0,1860.0,8.0,3.0,17.0,0.0,low
stu_07228,class_008,26.1,35.62,57.86,49.93,28.49,11.81,84.64,0.0,776.0,4.0,2.0,0.0,2.0,high
stu_07229,class_019,64.79,55.66,84.4,96.92,63.4,68.08,31.32,2.0,1352.0,6.0,3.0,4.0,1.0,medium
stu_07230,class_029,57.54,74.92,47.32,51.18,54.39,36.37,25.19,4.0,1492.0,6.0,2.0,8.0,2.0,medium
stu_07231,class_025,86.6,80.14,79.48,83.84,83.34,70.14,18.8,9.0,1722.0,7.0,4.0,12.0,0.0,low
stu_07232,class_022,73.47,77.51,75.04,74.32,67.86,40.63,25.18,0.0,1472.0,6.0,3.0,0.0,0.0,low
stu_07233,class_008,71.55,81.48,75.33,81.42,76.4,72.7,17.4,18.0,1860.0,8.0,2.0,26.0,0.0,low
stu_07234,class_021,27.8,40.69,46.77,41.02,34.26,37.9,63.32,0.0,816.0,4.0,1.0,0.0,3.0,high
stu_07235,class_016,74.06,59.56,62.28,66.18,64.23,,26.78,8.0,1215.0,5.0,1.0,11.0,1.0,medium
stu_07236,class_008,67.21,65.84,59.96,64.13,67.75,51.01,54.97,8.0,1558.0,7.0,2.0,12.0,5.0,medium
stu_07237,class_031,19.6,24.19,48.08,55.43,30.91,0.0,162.67,5.0,526.0,3.0,0.0,7.0,4.0,high
stu_07238,class_021,22.18,37.56,86.26,83.34,47.02,41.66,82.37,5.0,897.0,4.0,1.0,3.0,1.0,high
stu_07239,class_011,79.1,100.0,72.98,72.21,87.34,100.0,22.59,11.0,2146.0,9.0,4.0,13.0,0.0,low
stu_07240,class_029,56.88,73.12,53.64,44.28,58.12,58.55,29.94,1.0,1227.0,5.0,1.0,1.0,2.0,medium
stu_07241,class_013,53.16,67.24,70.34,57.01,61.1,72.31,48.29,7.0,1538.0,7.0,2.0,14.0,2.0,medium
stu_07242,class_034,,90.36,47.56,44.88,68.98,44.91,44.29,0.0,1722.0,7.0,3.0,0.0,1.0,medium
stu_07243,class_006,100.0,91.52,89.14,87.7,99.06,81.75,23.7,11.0,1705.0,7.0,4.0,11.0,0.0,low
stu_07244,class_029,70.36,75.29,100.0,99.72,82.27,73.43,30.82,12.0,1575.0,7.0,3.0,15.0,1.0,low
stu_07245,class_028,33.12,54.94,46.54,59.29,48.93,71.17,45.33,7.0,1233.0,5.0,1.0,14.0,2.0,medium
stu_07246,class_005,82.25,71.0,80.66,87.82,81.81,78.93,36.34,14.0,1581.0,7.0,4.0,19.0,1.0,low
stu_07247,class_004,47.13,55.85,50.77,35.79,53.56,58.77,40.68,5.0,1030.0,5.0,1.0,2.0,2.0,medium
stu_07248,class_024,91.53,69.16,80.28,74.29,80.17,70.21,30.34,6.0,1428.0,6.0,4.0,14.0,0.0,low
stu_07249,class_039,41.42,44.24,94.83,76.01,64.19,100.0,22.86,6.0,791.0,4.0,3.0,9.0,0.0,low
stu_07250,class_018,89.73,68.34,86.79,81.86,85.78,99.0,33.9,18.0,1827.0,8.0,4.0,13.0,0.0,low
stu_07251,class_024,0.0,32.18,28.53,27.53,15.65,41.97,20.27,1.0,801.0,4.0,1.0,0.0,3.0,high
stu_07252,class_040,71.6,84.41,74.84,68.02,72.07,67.65,42.31,5.0,1797.0,8.0,2.0,3.0,0.0,low
stu_07253,class_006,53.63,65.04,67.63,60.36,60.91,68.77,36.07,10.0,1283.0,6.0,1.0,10.0,3.0,medium
stu_07254,class_023,80.72,79.79,63.6,67.93,77.68,84.96,21.32,10.0,1758.0,8.0,3.0,0.0,0.0,low
stu_07255,class_001,76.99,60.55,84.98,90.13,69.26,50.58,28.95,0.0,1153.0,5.0,2.0,0.0,0.0,low
stu_07256,class_002,21.32,0.0,65.48,53.28,31.04,34.63,188.31,4.0,149.0,1.0,1.0,8.0,6.0,high
stu_07257,class_031,47.73,79.16,19.85,30.55,45.39,37.51,34.75,0.0,1389.0,6.0,2.0,0.0,4.0,high
stu_07258,class_013,88.99,75.17,79.7,95.15,79.0,71.41,18.83,6.0,1299.0,6.0,2.0,9.0,0.0,low
stu_07259,class_013,92.09,82.52,85.81,83.14,79.17,57.32,40.37,3.0,1782.0,8.0,5.0,5.0,1.0,medium
stu_07260,class_016,88.99,86.71,83.78,92.1,88.25,92.46,29.3,14.0,1992.0,8.0,6.0,12.0,0.0,low
stu_07261,class_002,46.42,66.67,58.43,52.82,55.13,17.89,61.26,2.0,1118.0,5.0,2.0,4.0,3.0,high
stu_07262,class_006,95.99,81.47,77.6,73.21,83.01,75.83,12.81,11.0,1663.0,7.0,3.0,21.0,0.0,low
stu_07263,class_025,40.56,82.31,51.53,57.92,57.89,40.1,56.52,,1719.0,7.0,2.0,11.0,1.0,medium
stu_07264,class_014,84.78,82.93,65.51,60.53,78.59,61.48,22.28,7.0,1772.0,8.0,3.0,9.0,2.0,low
stu_07265,class_006,81.77,96.34,92.12,88.19,79.42,42.99,27.55,0.0,2208.0,9.0,5.0,0.0,1.0,low
stu_07266,class_026,92.23,85.9,90.14,82.18,90.55,91.76,29.24,15.0,1685.0,7.0,5.0,15.0,2.0,low
stu_07267,class_032,84.03,53.41,66.07,71.4,69.73,42.03,36.82,8.0,1126.0,5.0,3.0,7.0,1.0,medium
stu_07268,class_028,27.11,45.46,51.27,53.04,39.16,37.81,95.6,4.0,985.0,4.0,1.0,5.0,4.0,high
stu_07269,class_023,46.83,61.15,24.53,28.8,49.22,59.76,59.55,8.0,1483.0,6.0,2.0,13.0,2.0,medium
stu_07270,class_028,40.18,73.95,43.61,40.93,49.99,38.47,119.42,2.0,1394.0,6.0,2.0,3.0,3.0,medium
stu_07271,class_009,58.45,55.42,48.45,45.64,48.03,67.52,25.79,4.0,1201.0,5.0,2.0,2.0,2.0,medium
stu_07272,class_027,55.42,26.31,46.69,56.31,41.17,20.3,103.45,0.0,516.0,3.0,0.0,0.0,,high
stu_07273,class_001,82.14,80.06,72.16,81.0,77.47,61.64,17.8,15.0,2040.0,9.0,4.0,16.0,1.0,low
stu_07274,class_010,83.64,73.52,78.6,74.14,84.6,91.39,28.46,18.0,1874.0,8.0,3.0,18.0,1.0,low
stu_07275,class_027,85.38,91.02,82.15,80.88,85.38,85.93,29.69,8.0,1820.0,8.0,5.0,17.0,0.0,low
stu_07276,class_029,86.25,97.75,84.53,94.65,88.26,87.58,13.65,11.0,1979.0,8.0,6.0,9.0,0.0,low
stu_07277,class_021,83.75,76.87,73.66,69.67,73.42,45.89,18.07,1.0,1364.0,6.0,3.0,3.0,2.0,medium
stu_07278,class_020,47.12,1.51,18.13,25.39,23.66,36.6,158.92,1.0,184.0,1.0,0.0,1.0,2.0,high
stu_07279,class_011,80.98,90.47,91.82,93.18,87.29,78.66,25.35,11.0,2014.0,9.0,5.0,17.0,1.0,low
stu_07280,class_003,94.74,87.02,91.53,93.48,91.58,89.81,31.29,17.0,1979.0,8.0,5.0,14.0,0.0,low
stu_07281,class_023,92.0,64.3,75.02,87.98,84.25,100.0,18.05,14.0,1249.0,5.0,2.0,15.0,1.0,low
stu_07282,class_034,37.97,71.67,33.27,26.83,46.46,52.43,25.55,6.0,1535.0,7.0,2.0,5.0,3.0,medium
stu_07283,class_015,96.86,74.97,90.59,68.48,91.6,88.98,28.36,17.0,1930.0,8.0,5.0,26.0,0.0,low
stu_07284,class_003,40.92,75.44,100.0,93.72,66.65,75.87,22.97,12.0,1781.0,8.0,3.0,15.0,0.0,low
stu_07285,class_010,84.28,21.13,73.84,70.0,57.18,47.5,47.03,7.0,586.0,3.0,2.0,7.0,2.0,medium
stu_07286,class_022,83.46,84.53,85.95,85.55,88.98,90.86,46.16,10.0,1707.0,7.0,5.0,15.0,1.0,low
stu_07287,class_035,52.53,53.53,5.61,11.58,39.42,43.66,32.4,4.0,1072.0,5.0,1.0,3.0,5.0,high
stu_07288,class_027,86.96,88.44,84.4,83.86,88.35,94.57,20.22,9.0,,8.0,5.0,8.0,1.0,low
stu_07289,class_009,92.67,55.53,,43.99,61.37,25.1,90.43,2.0,904.0,,2.0,3.0,5.0,high
stu_07290,class_004,52.77,81.0,34.09,36.71,50.18,28.35,44.11,8.0,1693.0,7.0,3.0,11.0,1.0,medium
stu_07291,class_020,68.42,53.66,57.14,51.85,57.33,54.94,19.71,10.0,1560.0,7.0,2.0,20.0,1.0,medium
stu_07292,class_018,30.79,0.0,48.73,48.79,31.1,36.68,47.3,1.0,0.0,1.0,0.0,0.0,5.0,high
stu_07293,class_027,90.8,89.12,85.81,95.48,87.82,84.52,19.91,15.0,2024.0,9.0,5.0,24.0,1.0,low
stu_07294,class_004,40.48,29.06,9.51,7.67,33.92,52.84,88.39,4.0,662.0,3.0,1.0,3.0,3.0,high
stu_07295,class_038,81.85,69.52,72.83,85.07,80.11,80.09,16.23,15.0,1613.0,7.0,3.0,11.0,0.0,low
stu_07296,class_033,84.63,81.06,74.26,67.71,78.15,94.88,22.36,11.0,1640.0,7.0,4.0,9.0,0.0,low
stu_07297,class_024,100.0,73.82,84.65,91.9,92.13,91.36,34.57,13.0,1671.0,7.0,4.0,,2.0,low
stu_07298,class_003,31.96,51.94,97.28,86.36,63.47,92.92,18.51,7.0,1663.0,7.0,5.0,7.0,0.0,low
stu_07299,class_012,36.99,54.66,83.11,80.81,60.04,88.56,18.59,13.0,1645.0,7.0,5.0,11.0,1.0,low
stu_07300,class_010,52.93,28.2,24.1,26.97,40.43,67.86,21.24,3.0,595.0,3.0,1.0,6.0,7.0,high
stu_07301,class_001,91.36,73.58,80.02,94.55,83.25,92.94,13.01,5.0,1569.0,7.0,5.0,0.0,0.0,low
stu_07302,class_033,85.91,97.42,52.14,40.15,80.27,74.91,29.6,5.0,1277.0,6.0,1.0,5.0,7.0,low
stu_07303,class_012,78.31,69.49,81.39,82.66,68.52,57.11,47.07,4.0,1678.0,7.0,3.0,8.0,3.0,medium
stu_07304,class_031,38.58,16.36,51.18,48.42,37.71,54.1,,0.0,172.0,1.0,1.0,0.0,3.0,high
stu_07305,class_004,58.2,65.7,66.64,66.03,58.91,42.73,33.36,5.0,1156.0,5.0,0.0,3.0,3.0,medium
stu_07306,class_040,93.11,60.37,84.5,78.08,78.58,76.27,22.11,5.0,1274.0,6.0,3.0,2.0,1.0,low
stu_07307,class_005,87.63,78.8,88.8,83.73,75.71,60.41,36.59,0.0,0.0,8.0,5.0,0.0,,low
stu_07308,class_010,26.9,19.72,52.72,65.37,36.26,56.37,128.85,2.0,341.0,2.0,0.0,2.0,6.0,high
stu_07309,class_020,90.58,82.24,,85.29,88.29,75.55,24.82,16.0,1793.0,8.0,5.0,23.0,0.0,low
stu_07310,class_022,65.52,77.47,35.45,34.78,58.66,32.42,14.89,3.0,1389.0,6.0,2.0,1.0,2.0,medium
stu_07311,class_005,47.01,62.1,53.07,50.93,44.28,36.22,28.81,1.0,1092.0,5.0,1.0,1.0,2.0,medium
stu_07312,class_023,74.55,,96.73,100.0,84.48,99.1,41.18,5.0,1671.0,7.0,3.0,7.0,,low
stu_07313,class_022,55.94,46.02,33.8,34.67,43.51,52.95,32.59,1.0,796.0,4.0,2.0,2.0,2.0,medium
stu_07314,class_026,41.55,39.09,64.05,67.19,48.0,57.31,110.3,4.0,957.0,4.0,1.0,6.0,4.0,high
stu_07315,class_018,99.35,88.7,84.87,83.57,89.6,82.48,23.2,6.0,1803.0,8.0,4.0,9.0,1.0,low
stu_07316,class_039,96.57,91.14,91.49,96.86,91.5,81.75,21.64,12.0,2117.0,9.0,0.0,13.0,1.0,low
stu_07317,class_031,92.81,74.67,91.99,96.02,82.13,62.69,37.42,6.0,1482.0,6.0,5.0,11.0,1.0,low
stu_07318,class_028,58.45,20.11,63.81,65.51,48.48,68.56,25.62,2.0,366.0,2.0,1.0,0.0,0.0,medium
stu_07319,class_015,87.84,75.6,32.97,24.96,72.0,72.69,15.47,,1954.0,8.0,5.0,26.0,7.0,low
stu_07320,class_039,9.12,33.68,59.01,53.16,27.88,28.22,138.9,1.0,821.0,4.0,1.0,1.0,3.0,high
stu_07321,class_027,79.51,79.68,84.49,81.5,82.46,98.47,20.84,13.0,1681.0,7.0,3.0,18.0,1.0,low
stu_07322,class_005,21.64,27.92,30.82,28.77,29.2,40.13,138.98,1.0,400.0,2.0,0.0,1.0,3.0,high
stu_07323,class_025,41.97,43.57,15.65,10.61,35.06,24.77,42.02,5.0,865.0,4.0,1.0,6.0,4.0,high
stu_07324,class_035,76.97,57.72,82.44,76.69,64.3,8.73,38.66,3.0,951.0,4.0,2.0,8.0,2.0,medium
stu_07325,class_017,41.8,17.09,5.9,3.86,26.85,52.12,54.46,4.0,310.0,2.0,1.0,0.0,4.0,high
stu_07326,class_009,80.77,59.48,,67.31,76.62,95.66,12.59,16.0,1537.0,7.0,4.0,28.0,0.0,low
stu_07327,class_020,37.04,11.9,56.1,56.88,30.53,32.86,35.56,3.0,555.0,3.0,0.0,4.0,4.0,high
stu_07328,class_018,20.08,38.07,57.53,52.54,35.03,16.47,35.86,1.0,,2.0,0.0,0.0,1.0,high
stu_07329,class_005,86.39,66.19,44.84,51.08,69.42,81.41,49.18,8.0,621.0,3.0,0.0,9.0,5.0,medium
stu_07330,class_012,85.19,78.94,96.71,98.15,84.29,61.0,24.13,0.0,1954.0,8.0,5.0,0.0,0.0,low
stu_07331,class_029,31.01,29.95,83.17,80.68,52.05,78.03,26.72,9.0,1857.0,8.0,4.0,6.0,1.0,low
stu_07332,class_025,94.73,70.12,100.0,100.0,90.32,89.21,21.28,9.0,1511.0,7.0,4.0,8.0,2.0,low
stu_07333,class_016,68.79,48.09,53.48,,61.51,74.33,52.35,10.0,1082.0,5.0,2.0,12.0,2.0,medium
stu_07334,class_006,45.89,80.58,36.92,56.98,55.13,63.75,97.28,8.0,1581.0,7.0,2.0,13.0,3.0,medium
stu_07335,class_030,4.32,32.5,20.27,23.38,21.75,14.06,44.23,0.0,575.0,3.0,1.0,4.0,6.0,high
stu_07336,class_029,25.82,50.1,58.32,65.64,45.87,56.75,45.48,2.0,923.0,4.0,1.0,2.0,2.0,high
stu_07337,class_026,19.14,46.17,64.67,61.29,36.91,38.2,33.22,1.0,952.0,4.0,1.0,4.0,4.0,high
stu_07338,class_008,37.27,51.25,78.39,97.8,54.74,62.66,90.64,2.0,1086.0,5.0,1.0,2.0,0.0,medium
stu_07339,class_009,88.97,77.7,97.0,95.65,83.34,78.41,29.29,10.0,1905.0,8.0,4.0,19.0,2.0,low
stu_07340,class_001,88.48,59.13,87.88,87.07,80.92,85.43,18.32,16.0,1495.0,6.0,4.0,14.0,0.0,low
stu_07341,class_003,100.0,50.27,59.87,60.04,65.17,16.02,,6.0,1108.0,5.0,2.0,12.0,0.0,medium
stu_07342,class_040,94.12,67.11,58.59,59.31,65.13,51.39,36.46,1.0,1018.0,5.0,2.0,3.0,2.0,medium
stu_07343,class_004,67.06,89.6,33.03,32.86,57.74,46.18,28.23,4.0,1714.0,7.0,2.0,4.0,2.0,medium
stu_07344,class_011,100.0,79.26,88.26,98.56,90.27,68.82,19.9,11.0,1743.0,7.0,4.0,7.0,1.0,low
stu_07345,class_017,96.67,84.17,86.77,85.8,88.43,77.55,23.54,9.0,1787.0,8.0,4.0,13.0,0.0,low
stu_07346,class_009,54.43,29.59,65.84,70.83,50.61,54.85,69.55,3.0,585.0,3.0,1.0,4.0,3.0,medium
stu_07347,class_029,81.32,70.73,74.98,71.67,80.33,79.54,34.15,10.0,1486.0,6.0,3.0,6.0,0.0,medium
stu_07348,class_028,33.63,0.0,60.31,58.36,30.29,23.16,55.89,3.0,15.0,1.0,0.0,4.0,6.0,high
stu_07349,class_027,88.94,91.07,84.5,77.24,90.18,85.04,15.26,15.0,2016.0,9.0,5.0,0.0,1.0,low
stu_07350,class_004,20.34,49.36,85.78,74.78,57.19,84.36,40.43,18.0,1899.0,8.0,5.0,19.0,1.0,low
stu_07351,class_032,87.64,70.41,81.82,82.1,79.82,88.43,29.51,8.0,1742.0,7.0,4.0,9.0,1.0,low
stu_07352,class_003,70.38,74.53,82.43,80.76,74.25,61.97,45.22,7.0,1456.0,6.0,4.0,11.0,0.0,low
stu_07353,class_019,79.58,60.47,75.52,79.84,74.62,100.0,14.63,12.0,1477.0,6.0,2.0,18.0,0.0,low
stu_07354,class_020,85.94,86.94,96.74,95.73,89.79,82.94,21.29,10.0,1905.0,8.0,5.0,17.0,0.0,low
stu_07355,class_007,72.74,19.33,31.25,40.09,44.82,65.8,45.64,7.0,534.0,3.0,0.0,4.0,0.0,medium
stu_07356,class_037,62.2,70.29,79.15,71.67,69.04,63.55,42.91,1.0,1184.0,5.0,1.0,1.0,0.0,medium
stu_07357,class_008,60.28,59.44,67.76,71.54,63.28,69.5,37.68,4.0,1242.0,5.0,1.0,7.0,3.0,medium
stu_07358,class_038,31.58,33.47,25.38,20.81,31.2,58.96,25.07,0.0,439.0,2.0,0.0,4.0,5.0,high
stu_07359,class_034,61.58,6.0,36.62,27.33,35.04,18.52,92.92,3.0,167.0,1.0,0.0,7.0,5.0,high
stu_07360,class_014,37.93,23.12,87.77,84.24,40.17,5.56,66.51,3.0,334.0,2.0,1.0,0.0,3.0,high
stu_07361,class_017,90.11,95.12,40.03,31.25,70.42,41.73,29.57,2.0,587.0,3.0,0.0,4.0,4.0,high
stu_07362,class_027,76.44,34.06,85.89,76.01,68.25,36.26,75.75,4.0,713.0,3.0,2.0,7.0,2.0,medium
stu_07363,class_008,90.8,,73.48,65.91,72.39,62.0,31.74,6.0,1282.0,6.0,2.0,8.0,0.0,low
stu_07364,class_005,,55.22,21.49,26.94,37.29,51.27,114.93,4.0,1165.0,5.0,1.0,3.0,5.0,high
stu_07365,class_029,50.14,10.0,67.12,68.31,42.31,43.5,43.44,2.0,145.0,1.0,1.0,3.0,2.0,medium
stu_07366,class_019,80.67,70.28,79.22,85.05,80.61,74.17,30.02,8.0,1401.0,6.0,3.0,9.0,0.0,low
stu_07367,class_010,80.49,95.81,60.92,54.81,79.31,80.88,28.52,8.0,1961.0,8.0,5.0,14.0,0.0,low
stu_07368,class_030,86.2,81.29,89.39,91.32,77.07,91.28,21.52,7.0,0.0,8.0,5.0,6.0,0.0,low
stu_07369,class_013,86.78,78.83,72.01,64.92,82.0,87.61,11.01,18.0,1914.0,8.0,3.0,26.0,0.0,low
stu_07370,class_002,96.51,71.95,78.4,85.69,84.5,68.47,33.97,15.0,1675.0,7.0,3.0,24.0,1.0,low
stu_07371,class_008,70.4,97.52,81.15,61.88,76.47,50.72,21.84,0.0,1908.0,8.0,4.0,0.0,0.0,low
stu_07372,class_035,73.67,37.17,79.42,79.93,60.66,21.18,43.96,0.0,1055.0,5.0,2.0,0.0,0.0,medium
stu_07373,class_009,87.75,70.2,60.34,74.29,73.43,80.62,38.41,7.0,1599.0,7.0,4.0,15.0,3.0,medium
stu_07374,class_002,44.43,36.85,37.49,37.18,42.41,66.53,47.55,4.0,835.0,4.0,1.0,6.0,3.0,high
stu_07375,class_033,47.12,26.25,64.86,76.27,47.69,59.81,57.74,5.0,427.0,2.0,0.0,4.0,0.0,medium
stu_07376,class_023,84.92,36.05,67.43,72.09,62.76,47.83,38.63,8.0,768.0,4.0,3.0,12.0,1.0,medium
stu_07377,class_024,80.57,95.0,70.7,63.76,80.8,67.1,21.9,17.0,2237.0,9.0,5.0,28.0,0.0,low
stu_07378,class_024,48.76,18.27,42.5,33.13,36.31,4.87,92.28,4.0,627.0,3.0,1.0,6.0,1.0,high
stu_07379,class_003,31.37,34.68,59.35,55.58,35.18,8.82,26.12,1.0,582.0,3.0,0.0,0.0,7.0,high
stu_07380,class_032,65.02,40.61,65.11,69.85,57.95,80.38,49.85,3.0,615.0,3.0,0.0,2.0,1.0,medium
stu_07381,class_009,97.52,76.02,100.0,100.0,88.61,56.69,15.87,9.0,1651.0,7.0,4.0,18.0,0.0,low
stu_07382,class_037,75.55,87.29,89.1,85.75,84.52,64.11,25.47,7.0,1645.0,7.0,3.0,12.0,0.0,low
stu_07383,class_008,31.24,51.71,61.48,66.95,43.21,67.82,17.73,3.0,792.0,4.0,1.0,2.0,1.0,medium
stu_07384,class_006,41.7,52.23,18.12,24.49,35.29,27.39,48.79,4.0,1166.0,5.0,1.0,11.0,4.0,high
stu_07385,class_035,87.16,82.86,100.0,97.16,88.68,65.41,45.9,11.0,1759.0,8.0,4.0,12.0,0.0,low
stu_07386,class_015,46.43,21.37,46.58,35.33,37.18,68.08,68.24,1.0,446.0,2.0,0.0,0.0,5.0,high
stu_07387,class_036,26.42,17.11,34.83,35.24,24.1,31.0,62.17,0.0,220.0,1.0,0.0,0.0,4.0,high
stu_07388,class_003,88.15,79.67,81.92,89.73,86.46,70.76,12.62,10.0,1835.0,8.0,4.0,12.0,0.0,low
stu_07389,class_007,89.55,79.11,84.8,84.08,82.58,88.14,25.19,12.0,1827.0,8.0,4.0,19.0,0.0,low
stu_07390,class_005,79.2,91.39,99.96,100.0,92.35,75.3,16.52,18.0,2106.0,9.0,5.0,14.0,0.0,low
stu_07391,class_033,66.35,55.81,65.69,73.59,58.08,51.78,57.23,1.0,1101.0,5.0,2.0,2.0,2.0,medium
stu_07392,class_002,52.22,,29.95,28.3,34.97,37.37,78.36,1.0,676.0,3.0,2.0,4.0,5.0,high
stu_07393,class_038,52.4,38.71,48.89,56.56,47.81,81.1,33.02,5.0,919.0,4.0,2.0,6.0,2.0,medium
stu_07394,class_035,63.69,18.81,34.56,37.4,42.29,51.66,25.39,7.0,557.0,3.0,0.0,13.0,3.0,medium
stu_07395,class_026,54.56,54.68,27.81,35.08,40.99,8.6,66.61,0.0,899.0,4.0,1.0,0.0,5.0,high
stu_07396,class_010,77.54,84.63,92.37,90.98,86.81,69.9,18.79,18.0,1977.0,8.0,4.0,0.0,0.0,low
stu_07397,class_037,54.19,43.51,69.13,65.47,55.26,61.77,18.05,7.0,962.0,4.0,1.0,10.0,1.0,medium
stu_07398,class_003,45.69,7.71,50.52,54.92,35.7,12.03,17.05,4.0,94.0,1.0,0.0,0.0,4.0,high
stu_07399,class_004,44.99,71.99,68.32,71.14,64.03,68.59,34.35,5.0,1356.0,6.0,2.0,8.0,3.0,medium
stu_07400,class_012,86.56,91.92,78.09,96.49,88.59,75.4,14.23,14.0,2047.0,9.0,5.0,23.0,0.0,low
stu_07401,class_010,43.95,14.82,42.64,57.31,31.96,33.06,40.27,2.0,166.0,1.0,0.0,3.0,5.0,high
stu_07402,class_004,71.69,59.92,68.29,76.01,70.96,53.86,44.09,10.0,1204.0,5.0,1.0,18.0,2.0,medium
stu_07403,class_028,42.51,45.41,40.0,36.94,47.49,64.17,84.51,1.0,965.0,4.0,1.0,0.0,3.0,high
stu_07404,class_010,58.56,56.78,22.32,26.55,49.98,60.8,79.66,3.0,1181.0,5.0,1.0,2.0,4.0,high
stu_07405,class_004,82.5,50.98,80.22,90.52,67.54,80.96,39.18,4.0,,4.0,3.0,2.0,3.0,medium
stu_07406,class_004,91.04,86.15,87.38,90.39,89.9,90.06,18.14,17.0,0.0,9.0,5.0,19.0,0.0,low
stu_07407,class_014,92.28,100.0,81.32,71.37,77.74,13.42,29.78,0.0,2040.0,9.0,5.0,0.0,0.0,low
stu_07408,class_038,19.35,15.58,40.07,30.61,27.36,21.95,178.47,5.0,605.0,3.0,0.0,4.0,5.0,high
stu_07409,class_017,96.03,92.02,86.14,97.1,82.93,23.8,15.81,0.0,1985.0,8.0,5.0,0.0,0.0,low
stu_07410,class_024,88.68,74.86,44.2,49.78,74.36,95.77,30.17,17.0,1829.0,8.0,5.0,28.0,5.0,low
stu_07411,class_011,24.17,84.73,73.62,72.16,53.28,27.25,28.9,8.0,1673.0,7.0,2.0,16.0,0.0,medium
stu_07412,class_013,83.61,90.13,91.24,93.31,85.8,84.06,16.29,0.0,1839.0,8.0,5.0,3.0,1.0,low
stu_07413,class_015,87.07,81.68,94.7,98.02,92.34,87.39,19.73,10.0,1852.0,8.0,4.0,13.0,1.0,low
stu_07414,class_003,98.53,75.7,69.54,71.95,84.63,85.72,19.83,5.0,1599.0,7.0,4.0,6.0,0.0,low
stu_07415,class_011,70.23,59.19,54.93,52.39,59.76,51.85,44.64,3.0,1179.0,5.0,1.0,5.0,2.0,medium
stu_07416,class_005,50.23,78.49,62.76,60.41,62.42,88.46,44.11,1.0,1389.0,6.0,3.0,1.0,,medium
stu_07417,class_025,47.68,24.14,41.2,41.21,39.16,25.34,65.85,,476.0,2.0,1.0,0.0,4.0,high
stu_07418,class_037,0.22,24.25,57.68,71.91,26.7,33.81,92.93,2.0,666.0,3.0,2.0,2.0,5.0,high
stu_07419,class_036,89.0,55.63,66.24,59.12,62.79,63.09,44.86,1.0,1060.0,5.0,2.0,3.0,2.0,medium
stu_07420,class_030,55.64,50.69,35.75,33.43,45.75,36.04,28.92,3.0,1008.0,5.0,2.0,3.0,2.0,medium
stu_07421,class_032,72.03,90.03,71.73,80.1,72.65,78.21,24.16,10.0,1840.0,8.0,2.0,15.0,0.0,low
stu_07422,class_005,90.4,100.0,68.99,68.24,85.62,81.03,14.18,12.0,2303.0,,5.0,10.0,0.0,low
stu_07423,class_034,67.24,74.58,79.11,77.75,71.84,33.47,42.13,10.0,1719.0,7.0,2.0,12.0,2.0,medium
stu_07424,class_013,33.57,62.91,71.73,78.67,61.09,81.35,52.08,16.0,1702.0,7.0,4.0,15.0,2.0,low
stu_07425,class_006,47.75,47.91,61.32,60.05,52.32,65.21,43.44,4.0,922.0,4.0,2.0,1.0,2.0,medium
stu_07426,class_008,100.0,33.54,75.32,88.67,72.41,82.8,27.0,3.0,598.0,3.0,0.0,,0.0,medium
stu_07427,class_027,59.56,64.57,70.05,68.76,63.04,55.43,19.69,8.0,1446.0,6.0,2.0,6.0,1.0,medium
stu_07428,class_035,72.01,87.29,88.27,70.62,84.6,88.68,20.97,11.0,1768.0,8.0,3.0,15.0,0.0,low
stu_07429,class_024,81.66,70.92,76.25,88.31,75.85,69.08,54.17,15.0,1813.0,8.0,,22.0,0.0,low
stu_07430,class_037,42.46,21.25,64.21,53.09,40.05,42.93,71.88,5.0,574.0,3.0,0.0,3.0,6.0,high
stu_07431,class_036,89.49,77.12,84.09,94.75,76.53,32.65,17.91,0.0,1691.0,7.0,4.0,0.0,0.0,low
stu_07432,class_018,63.54,42.05,54.73,59.47,55.14,56.81,54.89,8.0,865.0,4.0,2.0,0.0,2.0,medium
stu_07433,class_019,89.0,52.26,57.96,61.98,66.17,88.99,35.45,1.0,1038.0,5.0,2.0,0.0,3.0,medium
stu_07434,class_009,86.73,77.04,87.01,80.88,77.5,44.5,22.23,17.0,2049.0,9.0,5.0,28.0,0.0,low
stu_07435,class_021,4.81,39.2,35.8,33.36,26.8,51.87,45.87,1.0,714.0,3.0,1.0,1.0,5.0,high
stu_07436,class_023,74.69,95.54,87.07,93.4,80.22,69.61,24.17,13.0,1919.0,8.0,3.0,21.0,1.0,low
stu_07437,class_030,47.08,42.35,41.36,25.9,49.58,50.94,32.27,3.0,729.0,3.0,2.0,2.0,6.0,high
stu_07438,class_040,86.69,71.08,82.88,84.31,81.68,76.71,28.97,16.0,1676.0,7.0,4.0,23.0,0.0,low
stu_07439,class_031,80.58,81.32,50.57,52.05,74.54,72.45,68.13,8.0,1828.0,8.0,4.0,6.0,3.0,medium
stu_07440,class_020,94.0,88.44,56.98,70.0,76.86,57.06,51.68,6.0,1031.0,5.0,1.0,5.0,7.0,medium
stu_07441,class_017,62.97,72.69,74.51,78.03,66.97,50.62,22.65,2.0,1537.0,7.0,2.0,1.0,3.0,medium
stu_07442,class_027,90.1,56.61,38.04,41.37,73.04,85.26,28.53,17.0,1953.0,8.0,4.0,26.0,6.0,low
stu_07443,class_016,20.2,61.41,63.83,87.83,42.16,8.46,,3.0,611.0,3.0,0.0,3.0,1.0,high
stu_07444,class_025,19.33,21.13,29.65,32.65,26.42,39.68,35.43,4.0,447.0,2.0,0.0,5.0,1.0,high
stu_07445,class_004,96.64,83.51,85.7,83.52,88.77,72.72,14.64,13.0,2003.0,9.0,5.0,22.0,1.0,low
stu_07446,class_014,95.25,83.54,92.53,100.0,91.88,88.0,28.77,14.0,1840.0,8.0,4.0,16.0,0.0,low
stu_07447,class_004,83.51,62.89,94.41,100.0,76.51,65.07,15.53,13.0,1529.0,7.0,5.0,10.0,1.0,low
stu_07448,class_040,60.53,46.66,93.13,96.55,69.97,73.53,54.73,9.0,915.0,4.0,2.0,13.0,1.0,medium
stu_07449,class_006,49.04,41.21,35.8,27.26,40.26,26.83,39.91,1.0,629.0,3.0,1.0,0.0,6.0,high
stu_07450,class_007,74.45,90.34,77.12,79.7,81.32,66.41,29.81,9.0,1782.0,8.0,2.0,17.0,0.0,low
stu_07451,class_039,78.14,25.3,52.77,53.45,52.49,43.39,38.51,7.0,741.0,3.0,2.0,12.0,4.0,medium
stu_07452,class_025,29.3,33.23,83.26,72.07,48.63,86.16,50.26,9.0,1107.0,5.0,2.0,10.0,0.0,medium
stu_07453,class_021,87.59,87.42,97.45,92.84,79.7,14.38,11.86,0.0,2052.0,9.0,6.0,0.0,0.0,low
stu_07454,class_024,82.47,46.3,40.87,44.41,62.55,56.13,71.5,5.0,1077.0,5.0,2.0,7.0,4.0,medium
stu_07455,class_010,84.79,86.96,90.09,73.19,87.04,77.94,14.16,15.0,2049.0,9.0,5.0,23.0,0.0,low
stu_07456,class_001,65.09,65.22,49.17,63.21,61.5,67.29,74.21,5.0,1276.0,6.0,1.0,7.0,2.0,medium
stu_07457,class_015,56.42,56.1,73.8,66.91,61.33,53.03,42.32,3.0,1104.0,5.0,1.0,1.0,3.0,medium
stu_07458,class_027,35.8,55.78,14.65,13.74,31.48,23.39,45.77,4.0,1055.0,5.0,1.0,6.0,1.0,high
stu_07459,class_036,96.02,72.85,83.12,88.41,80.28,93.19,55.41,5.0,1517.0,7.0,5.0,5.0,0.0,low
stu_07460,class_001,70.51,83.98,59.07,60.75,71.76,82.24,28.01,7.0,1761.0,8.0,2.0,4.0,1.0,medium
stu_07461,class_009,30.77,40.96,75.7,77.8,54.56,88.56,16.16,10.0,1444.0,6.0,3.0,12.0,1.0,low
stu_07462,class_020,82.08,98.58,78.06,87.61,81.39,66.48,14.4,8.0,2065.0,9.0,4.0,4.0,0.0,low
stu_07463,class_033,96.3,81.01,66.94,73.69,81.72,84.09,30.84,9.0,1626.0,7.0,3.0,11.0,1.0,low
stu_07464,class_040,47.26,29.01,34.89,29.17,36.23,17.92,190.33,0.0,649.0,3.0,0.0,3.0,5.0,high
stu_07465,class_019,100.0,85.63,78.0,80.84,90.31,91.47,20.74,8.0,1747.0,7.0,4.0,7.0,1.0,low
stu_07466,class_036,80.51,77.57,79.64,73.42,80.2,81.54,20.02,11.0,1849.0,8.0,3.0,18.0,1.0,low
stu_07467,class_036,71.7,99.8,97.85,90.8,81.61,100.0,27.13,8.0,2000.0,9.0,5.0,11.0,1.0,low
stu_07468,class_015,92.75,72.21,82.32,94.44,90.3,93.67,21.7,18.0,1644.0,7.0,4.0,28.0,0.0,low
stu_07469,class_013,93.32,79.96,83.06,70.76,84.92,68.51,24.48,9.0,1789.0,8.0,4.0,16.0,0.0,low
stu_07470,class_029,,97.74,77.65,69.3,92.84,85.37,26.95,14.0,2305.0,10.0,5.0,12.0,0.0,low
stu_07471,class_016,39.28,64.54,62.71,47.68,51.96,43.89,11.29,8.0,1201.0,5.0,2.0,18.0,3.0,medium
stu_07472,class_012,34.44,30.82,80.83,91.98,49.4,65.47,20.08,17.0,2065.0,9.0,4.0,25.0,1.0,low
stu_07473,class_009,88.2,84.83,81.52,70.74,79.44,58.77,,16.0,1923.0,8.0,4.0,17.0,0.0,low
stu_07474,class_012,54.81,55.74,47.57,41.54,51.74,32.22,25.07,6.0,1151.0,5.0,2.0,6.0,3.0,medium
stu_07475,class_040,53.65,23.26,30.66,44.43,36.74,31.74,157.51,2.0,624.0,3.0,0.0,5.0,3.0,high
stu_07476,class_029,81.28,51.68,36.39,39.01,60.53,80.85,24.12,10.0,1120.0,5.0,3.0,15.0,0.0,medium
stu_07477,class_030,38.86,69.07,26.3,43.5,47.23,54.04,37.17,3.0,1235.0,5.0,2.0,3.0,2.0,medium
stu_07478,class_033,94.12,77.56,83.77,76.48,83.8,85.52,39.55,16.0,1877.0,8.0,4.0,21.0,0.0,low
stu_07479,class_020,100.0,83.32,83.25,87.78,93.69,83.05,33.23,15.0,2031.0,9.0,6.0,23.0,0.0,low
stu_07480,class_019,83.81,90.15,77.22,76.69,86.39,93.39,25.54,6.0,1919.0,8.0,4.0,10.0,0.0,low
stu_07481,class_019,81.58,74.93,54.47,56.08,71.23,73.28,37.13,5.0,1435.0,6.0,4.0,5.0,2.0,medium
stu_07482,class_029,88.63,71.36,79.72,88.67,82.94,67.2,21.54,12.0,1567.0,7.0,3.0,13.0,0.0,low
stu_07483,class_009,,67.56,57.6,51.61,55.83,49.96,69.37,1.0,1218.0,5.0,1.0,4.0,1.0,medium
stu_07484,class_010,71.41,50.66,61.28,60.5,56.38,,48.04,2.0,992.0,4.0,1.0,3.0,2.0,medium
stu_07485,class_022,38.41,27.34,79.55,86.84,46.05,47.94,21.39,3.0,1473.0,6.0,2.0,5.0,1.0,medium
stu_07486,class_007,31.65,83.51,53.37,44.65,54.69,67.76,41.26,5.0,1828.0,8.0,2.0,11.0,3.0,medium
stu_07487,class_023,17.25,11.45,5.74,1.05,11.87,25.7,61.18,5.0,518.0,3.0,0.0,3.0,3.0,high
stu_07488,class_010,36.49,12.02,19.5,13.61,21.18,29.69,38.31,0.0,0.0,1.0,1.0,0.0,6.0,high
stu_07489,class_023,9.63,38.77,38.32,37.04,28.43,45.83,,4.0,811.0,4.0,2.0,8.0,1.0,high
stu_07490,class_020,93.62,63.14,35.44,19.2,60.61,49.19,68.35,5.0,1048.0,,2.0,6.0,0.0,medium
stu_07491,class_032,94.56,68.09,89.71,92.77,84.92,86.19,44.94,9.0,1584.0,7.0,5.0,12.0,0.0,low
stu_07492,class_013,28.86,30.9,40.7,42.42,30.13,37.01,94.52,2.0,707.0,3.0,1.0,1.0,7.0,high
stu_07493,class_008,95.2,,79.57,78.4,83.54,65.0,36.89,0.0,1911.0,8.0,3.0,0.0,0.0,low
stu_07494,class_012,88.91,100.0,93.53,100.0,94.19,61.85,35.84,17.0,2280.0,10.0,5.0,18.0,0.0,low
stu_07495,class_021,87.77,81.5,88.33,78.15,87.34,77.82,20.99,14.0,1906.0,8.0,4.0,11.0,1.0,low
stu_07496,class_021,98.67,89.77,81.47,74.81,87.83,78.45,32.95,7.0,1803.0,8.0,4.0,7.0,0.0,low
stu_07497,class_003,54.06,55.26,60.36,56.05,53.11,49.73,34.49,1.0,1025.0,5.0,1.0,0.0,2.0,medium
stu_07498,class_028,89.93,85.62,91.35,85.91,83.56,71.22,20.51,9.0,1668.0,7.0,4.0,12.0,0.0,low
stu_07499,class_029,28.98,26.98,6.86,0.0,24.16,56.31,107.81,4.0,449.0,2.0,1.0,3.0,5.0,high
stu_07500,class_038,90.32,93.47,70.71,67.76,87.95,81.8,10.56,12.0,2070.0,9.0,5.0,21.0,1.0,low
stu_07501,class_040,13.41,41.41,31.75,43.04,28.49,19.01,133.9,5.0,762.0,4.0,1.0,9.0,2.0,high
stu_07502,class_030,26.94,46.93,0.0,0.0,24.44,9.53,79.94,2.0,681.0,3.0,2.0,1.0,5.0,high
stu_07503,class_010,62.19,87.99,68.26,66.06,75.51,59.96,34.61,9.0,1761.0,8.0,2.0,14.0,1.0,medium
stu_07504,class_032,33.2,25.23,0.0,0.0,24.49,36.58,71.73,2.0,684.0,3.0,1.0,1.0,2.0,high
stu_07505,class_025,68.66,73.88,41.38,31.74,67.96,70.37,25.39,9.0,1584.0,7.0,2.0,10.0,0.0,medium
stu_07506,class_010,55.09,41.16,40.88,37.1,43.14,34.53,21.65,9.0,876.0,4.0,2.0,7.0,1.0,medium
stu_07507,class_012,61.25,52.27,62.72,57.82,56.67,60.13,24.05,2.0,685.0,3.0,2.0,3.0,1.0,medium
stu_07508,class_009,85.54,73.03,89.24,81.85,85.09,94.24,22.43,11.0,1407.0,6.0,4.0,20.0,0.0,low
stu_07509,class_024,24.6,39.76,76.88,86.84,36.27,34.71,27.85,1.0,600.0,3.0,0.0,1.0,2.0,high
stu_07510,class_036,23.54,40.68,51.24,55.29,35.68,37.88,79.8,1.0,802.0,4.0,1.0,1.0,1.0,high
stu_07511,class_028,42.55,77.36,86.67,83.37,63.93,40.45,31.83,9.0,1475.0,6.0,4.0,17.0,3.0,medium
stu_07512,class_032,33.17,44.27,37.86,40.16,33.63,29.74,30.97,1.0,964.0,4.0,1.0,0.0,5.0,high
stu_07513,class_004,85.53,77.01,80.6,89.56,76.17,65.0,11.33,0.0,0.0,7.0,4.0,0.0,0.0,low
stu_07514,class_021,37.58,45.35,15.08,6.94,27.2,0.0,92.94,3.0,855.0,4.0,1.0,0.0,3.0,high
stu_07515,class_015,76.13,89.47,62.04,66.14,74.8,65.68,21.81,16.0,2203.0,9.0,4.0,14.0,0.0,low
stu_07516,class_030,61.34,87.62,65.76,62.07,71.24,72.71,14.5,18.0,2233.0,9.0,3.0,21.0,0.0,low
stu_07517,class_040,86.26,87.26,98.7,97.78,89.86,71.55,24.44,12.0,1873.0,8.0,4.0,13.0,0.0,low
stu_07518,class_019,82.49,63.56,79.32,71.13,66.14,61.74,28.77,1.0,1067.0,5.0,2.0,1.0,0.0,medium
stu_07519,class_023,60.34,30.4,33.81,23.41,37.92,21.79,33.64,3.0,756.0,4.0,1.0,2.0,6.0,high
stu_07520,class_009,52.89,55.26,91.26,98.92,58.37,37.73,41.04,6.0,886.0,4.0,3.0,5.0,1.0,medium
stu_07521,class_007,75.17,95.1,82.55,82.3,75.25,78.88,25.21,5.0,1738.0,7.0,3.0,6.0,2.0,low
stu_07522,class_038,95.08,88.63,80.82,78.1,89.11,88.84,15.69,16.0,2127.0,9.0,5.0,23.0,0.0,low
stu_07523,class_002,90.38,77.87,83.74,88.47,84.38,87.87,16.56,6.0,1565.0,7.0,4.0,10.0,0.0,low
stu_07524,class_040,71.95,52.59,28.65,30.24,49.33,14.42,41.65,5.0,919.0,4.0,2.0,8.0,5.0,high
stu_07525,class_028,12.4,70.77,26.49,22.45,33.17,33.57,59.19,3.0,1382.0,6.0,3.0,1.0,4.0,high
stu_07526,class_012,100.0,62.62,75.08,,82.8,80.08,44.38,10.0,1447.0,6.0,4.0,19.0,0.0,low
stu_07527,class_011,62.25,56.44,46.97,51.33,59.21,59.26,24.04,4.0,1255.0,6.0,2.0,2.0,0.0,medium
stu_07528,class_003,90.23,78.31,64.55,66.7,78.44,78.13,28.44,13.0,1766.0,8.0,4.0,23.0,0.0,low
stu_07529,class_023,35.44,22.75,50.78,65.94,36.84,0.0,28.57,1.0,511.0,3.0,0.0,0.0,2.0,high
stu_07530,class_031,57.09,94.07,60.48,66.76,68.18,36.54,19.06,9.0,1801.0,8.0,2.0,17.0,0.0,medium
stu_07531,class_023,38.92,25.73,92.96,65.82,45.33,26.11,126.67,2.0,709.0,3.0,1.0,0.0,2.0,high
stu_07532,class_016,50.41,40.48,61.84,64.6,55.11,65.11,13.9,6.0,971.0,4.0,1.0,7.0,0.0,medium
stu_07533,class_027,54.71,52.5,54.24,46.42,50.32,55.16,35.58,2.0,1057.0,5.0,1.0,0.0,3.0,medium
stu_07534,class_007,29.91,22.7,31.26,18.89,26.42,12.79,110.8,5.0,625.0,3.0,0.0,11.0,1.0,high
stu_07535,class_006,95.47,94.61,77.94,73.2,93.52,86.81,22.56,10.0,1961.0,8.0,5.0,7.0,1.0,low
stu_07536,class_008,84.16,30.82,67.44,63.84,62.69,56.42,17.33,2.0,537.0,3.0,2.0,0.0,4.0,medium
stu_07537,class_009,74.33,100.0,95.45,100.0,80.89,62.85,27.58,0.0,2023.0,9.0,4.0,0.0,1.0,low
stu_07538,class_027,80.49,77.59,98.54,100.0,77.19,42.96,18.23,0.0,1734.0,7.0,5.0,0.0,0.0,low
stu_07539,class_006,92.92,83.61,81.5,81.59,89.65,100.0,14.85,9.0,1842.0,8.0,4.0,5.0,0.0,low
stu_07540,class_026,86.07,100.0,81.08,83.24,91.33,85.58,16.79,0.0,2010.0,9.0,5.0,12.0,0.0,low
stu_07541,class_007,38.17,42.06,42.97,32.16,38.99,35.39,,1.0,644.0,3.0,1.0,0.0,3.0,high
stu_07542,class_002,57.33,54.2,53.38,54.33,57.69,61.86,63.57,10.0,1199.0,5.0,2.0,18.0,,medium
stu_07543,class_013,43.03,23.64,40.5,47.36,33.53,34.05,,0.0,405.0,2.0,0.0,0.0,3.0,high
stu_07544,class_023,32.23,23.6,22.01,27.66,27.96,33.01,68.09,,515.0,3.0,0.0,3.0,4.0,high
stu_07545,class_006,44.51,39.66,89.8,84.37,61.83,99.93,46.56,1.0,631.0,3.0,1.0,0.0,1.0,medium
stu_07546,class_027,82.99,92.54,76.49,73.73,76.31,19.47,18.76,0.0,1977.0,8.0,5.0,0.0,0.0,low
stu_07547,class_036,46.95,62.33,79.58,69.49,62.44,87.67,28.78,5.0,1291.0,6.0,1.0,4.0,1.0,medium
stu_07548,class_005,46.7,58.22,70.82,71.74,54.28,42.84,14.79,4.0,1288.0,6.0,1.0,4.0,0.0,medium
stu_07549,class_040,85.84,87.3,85.02,84.96,82.23,73.13,28.11,5.0,1866.0,8.0,4.0,7.0,0.0,low
stu_07550,class_035,92.77,88.55,88.99,84.84,86.36,59.98,16.9,8.0,1628.0,7.0,4.0,8.0,1.0,low
stu_07551,class_031,54.43,71.53,73.98,54.48,57.9,25.48,44.98,0.0,1631.0,7.0,2.0,0.0,3.0,medium
stu_07552,class_004,46.86,29.97,45.37,43.71,44.43,65.63,89.89,8.0,699.0,3.0,2.0,13.0,1.0,medium
stu_07553,class_026,47.74,31.34,66.1,72.91,49.47,70.78,58.8,3.0,828.0,4.0,1.0,5.0,0.0,medium
stu_07554,class_036,100.0,82.95,85.12,86.24,88.02,89.29,24.24,14.0,1736.0,7.0,5.0,21.0,1.0,low
stu_07555,class_024,100.0,74.45,96.01,98.13,90.77,95.32,21.94,17.0,1894.0,8.0,4.0,17.0,0.0,low
stu_07556,class_019,92.9,85.11,85.06,73.26,91.35,93.21,15.87,6.0,1644.0,7.0,4.0,8.0,0.0,low
stu_07557,class_002,71.52,93.87,84.99,85.89,77.49,77.32,26.64,16.0,2375.0,10.0,4.0,22.0,0.0,low
stu_07558,class_030,85.56,81.1,70.4,73.51,82.09,68.69,31.62,8.0,1728.0,7.0,3.0,12.0,0.0,low
stu_07559,class_002,50.98,71.71,63.5,66.78,61.05,38.27,21.46,5.0,1310.0,6.0,3.0,1.0,2.0,medium
stu_07560,class_004,82.92,67.13,81.7,84.24,79.57,85.33,21.03,7.0,1525.0,7.0,5.0,10.0,0.0,low
stu_07561,class_009,46.42,11.12,33.81,40.02,31.68,30.56,64.99,0.0,106.0,1.0,1.0,2.0,2.0,high
stu_07562,class_029,18.2,,84.13,83.44,45.25,65.72,15.87,13.0,1720.0,7.0,5.0,21.0,2.0,low
stu_07563,class_037,85.36,57.65,83.49,85.91,74.87,84.24,37.6,16.0,1329.0,6.0,5.0,19.0,1.0,low
stu_07564,class_039,77.34,79.42,72.11,67.43,69.83,61.67,29.86,13.0,1678.0,7.0,2.0,11.0,1.0,low
stu_07565,class_001,31.82,20.48,51.26,38.32,31.24,24.97,,0.0,487.0,2.0,1.0,1.0,6.0,high
stu_07566,class_023,66.49,55.42,35.12,24.91,55.43,47.55,28.09,3.0,1201.0,5.0,1.0,0.0,2.0,medium
stu_07567,class_024,49.76,30.6,26.75,19.65,43.41,46.33,26.07,4.0,589.0,3.0,0.0,4.0,6.0,high
stu_07568,class_023,58.62,48.94,0.0,0.0,38.49,30.06,71.48,0.0,1009.0,5.0,1.0,0.0,6.0,high
stu_07569,class_001,38.69,54.87,67.1,62.73,54.6,34.88,10.83,10.0,1517.0,7.0,2.0,14.0,0.0,medium
stu_07570,class_005,100.0,55.94,93.85,100.0,75.06,30.51,21.94,0.0,1473.0,6.0,4.0,0.0,2.0,low
stu_07571,class_019,42.96,81.25,,52.62,57.4,63.36,81.74,1.0,5829.0,23.0,7.0,9.0,5.0,medium
stu_07572,class_016,86.04,83.68,89.44,87.88,86.03,86.34,18.65,10.0,1672.0,7.0,4.0,12.0,0.0,low
stu_07573,class_016,36.5,67.13,50.22,50.17,47.83,25.66,19.07,7.0,1150.0,5.0,1.0,5.0,1.0,medium
stu_07574,class_014,31.16,39.96,21.42,15.14,34.51,66.87,166.73,4.0,734.0,3.0,1.0,6.0,2.0,high
stu_07575,class_010,35.64,26.55,22.21,27.83,30.29,32.96,83.36,3.0,398.0,2.0,1.0,2.0,2.0,high
stu_07576,class_019,78.17,76.67,85.57,87.13,70.39,33.81,10.36,0.0,1765.0,8.0,4.0,0.0,0.0,low
stu_07577,class_024,35.17,58.03,14.52,22.07,34.53,30.06,71.5,4.0,1343.0,6.0,2.0,8.0,1.0,high
stu_07578,class_021,29.91,49.96,62.99,57.1,43.01,41.0,49.61,5.0,1009.0,5.0,2.0,9.0,2.0,high
stu_07579,class_028,100.0,68.99,96.37,98.96,87.14,69.08,17.44,18.0,1552.0,7.0,5.0,10.0,0.0,low
stu_07580,class_035,82.72,89.92,88.75,87.94,84.59,83.79,16.3,17.0,2130.0,9.0,5.0,20.0,0.0,low
stu_07581,class_029,100.0,94.55,85.48,84.37,93.76,81.6,22.29,18.0,1998.0,8.0,5.0,15.0,1.0,low
stu_07582,class_007,88.35,87.25,72.31,69.86,87.42,77.74,27.35,10.0,2018.0,9.0,5.0,17.0,0.0,low
stu_07583,class_028,49.39,40.71,80.35,74.94,53.18,37.26,26.78,10.0,842.0,4.0,0.0,17.0,2.0,medium
stu_07584,class_016,41.3,54.16,62.06,74.89,51.45,50.07,68.77,2.0,1095.0,5.0,2.0,1.0,1.0,medium
stu_07585,class_008,91.06,55.43,40.64,44.81,69.4,,17.39,15.0,2154.0,9.0,4.0,28.0,0.0,low
stu_07586,class_035,91.35,77.2,74.75,76.68,80.72,74.29,25.19,6.0,1552.0,7.0,4.0,4.0,0.0,low
stu_07587,class_034,78.58,77.1,23.61,8.78,58.86,45.26,23.87,3.0,1190.0,5.0,2.0,6.0,7.0,medium
stu_07588,class_002,2.75,26.06,41.19,37.67,23.25,15.99,154.19,3.0,690.0,3.0,1.0,1.0,5.0,high
stu_07589,class_029,61.36,60.48,46.1,35.87,51.04,45.29,46.66,1.0,1182.0,5.0,1.0,0.0,1.0,medium
stu_07590,class_027,81.93,94.26,100.0,100.0,87.78,77.4,29.34,16.0,2105.0,9.0,5.0,19.0,1.0,low
stu_07591,class_033,90.91,83.31,82.62,86.91,74.85,25.61,25.38,0.0,2257.0,10.0,5.0,0.0,0.0,low
stu_07592,class_004,78.46,92.81,96.0,95.21,92.64,100.0,46.01,11.0,1969.0,8.0,4.0,16.0,0.0,low
stu_07593,class_040,35.67,35.23,31.99,43.21,34.33,23.83,145.93,4.0,849.0,4.0,2.0,6.0,5.0,high
stu_07594,class_001,43.34,38.3,75.27,88.3,56.17,,31.2,10.0,961.0,4.0,2.0,16.0,4.0,medium
stu_07595,class_040,21.55,22.34,46.1,56.0,32.61,27.36,64.7,1.0,655.0,3.0,2.0,0.0,1.0,high
stu_07596,class_013,16.35,31.58,20.13,0.0,20.29,13.04,21.98,0.0,580.0,3.0,0.0,1.0,4.0,high
stu_07597,class_017,89.62,89.81,74.63,79.94,86.4,82.43,23.03,18.0,2305.0,10.0,4.0,26.0,1.0,low
stu_07598,class_036,51.63,21.43,70.91,66.68,44.53,35.1,93.13,4.0,659.0,3.0,1.0,3.0,3.0,medium
stu_07599,class_023,81.11,100.0,87.2,81.19,88.94,82.36,18.72,5.0,2175.0,9.0,5.0,6.0,0.0,low
stu_07600,class_019,35.98,33.98,31.38,24.74,32.79,24.27,39.1,0.0,535.0,3.0,0.0,0.0,4.0,high
stu_07601,class_034,60.61,37.48,70.17,85.57,56.38,38.95,50.49,8.0,900.0,4.0,1.0,16.0,1.0,medium
stu_07602,class_039,26.13,33.85,0.0,0.0,23.84,43.2,137.69,4.0,765.0,4.0,2.0,7.0,1.0,high
stu_07603,class_002,91.6,82.28,37.8,39.99,69.05,64.31,35.09,4.0,1283.0,6.0,2.0,5.0,4.0,medium
stu_07604,class_004,43.42,63.31,37.46,35.45,49.88,72.07,61.56,5.0,1329.0,6.0,2.0,6.0,0.0,medium
stu_07605,class_010,86.62,69.62,85.19,80.96,84.84,95.93,18.69,12.0,1632.0,7.0,4.0,12.0,0.0,low
stu_07606,class_014,44.59,44.25,40.93,36.25,41.84,2.72,37.97,4.0,973.0,4.0,1.0,0.0,2.0,high
stu_07607,class_025,81.5,75.8,75.16,66.17,79.68,63.41,13.94,10.0,1728.0,7.0,3.0,14.0,0.0,low
stu_07608,class_034,28.76,25.65,31.8,27.17,31.41,37.55,33.95,0.0,677.0,3.0,1.0,1.0,1.0,high
stu_07609,class_037,84.77,75.2,100.0,95.62,82.59,52.2,17.08,11.0,1661.0,7.0,5.0,14.0,1.0,low
stu_07610,class_027,76.95,85.44,98.52,96.57,80.6,48.01,26.79,0.0,1972.0,8.0,4.0,0.0,,low
stu_07611,class_038,98.02,76.57,88.89,78.69,87.0,91.58,50.25,16.0,1860.0,8.0,4.0,19.0,0.0,low
stu_07612,class_023,80.92,66.9,81.88,77.7,77.0,82.27,38.68,6.0,1595.0,7.0,5.0,5.0,1.0,low
stu_07613,class_032,40.93,33.91,44.09,55.09,34.01,27.62,16.1,0.0,672.0,3.0,1.0,0.0,2.0,high
stu_07614,class_040,98.85,72.6,100.0,96.97,82.87,77.52,20.42,5.0,1533.0,7.0,4.0,7.0,0.0,low
stu_07615,class_001,93.93,85.12,74.41,78.0,85.02,79.29,28.89,7.0,1845.0,8.0,3.0,9.0,0.0,low
stu_07616,class_014,95.12,89.16,78.33,82.37,91.34,77.32,28.33,17.0,2027.0,9.0,5.0,23.0,0.0,low
stu_07617,class_034,75.98,64.09,,52.54,69.98,75.84,76.43,5.0,1245.0,5.0,1.0,5.0,3.0,medium
stu_07618,class_010,94.17,61.2,86.05,66.99,87.25,84.79,14.1,15.0,1259.0,6.0,3.0,22.0,0.0,low
stu_07619,class_013,58.81,6.52,61.68,52.99,43.14,21.91,46.75,2.0,238.0,1.0,0.0,4.0,4.0,high
stu_07620,class_017,26.23,2.32,17.24,20.34,16.39,49.24,71.17,0.0,0.0,1.0,0.0,2.0,4.0,high
stu_07621,class_026,81.22,54.24,90.26,96.75,78.68,83.91,16.33,16.0,1544.0,7.0,4.0,13.0,0.0,low
stu_07622,class_021,66.7,81.59,73.06,76.77,70.02,86.4,47.53,9.0,1787.0,8.0,3.0,11.0,2.0,medium
stu_07623,class_040,100.0,73.92,75.15,78.88,86.05,64.5,22.7,10.0,1438.0,6.0,3.0,9.0,0.0,low
stu_07624,class_006,74.5,63.59,54.96,74.35,60.52,36.19,34.27,3.0,0.0,6.0,,2.0,1.0,medium
stu_07625,class_025,74.16,92.96,75.22,56.51,83.34,88.33,17.59,18.0,2103.0,9.0,4.0,23.0,1.0,low
stu_07626,class_005,66.61,27.24,57.08,66.2,56.18,85.06,52.94,4.0,604.0,3.0,0.0,1.0,3.0,medium
stu_07627,class_025,84.88,80.27,88.76,97.1,88.45,69.96,32.08,16.0,1811.0,8.0,4.0,16.0,0.0,low
stu_07628,class_021,71.47,84.03,69.79,76.58,71.81,67.77,37.57,13.0,2020.0,9.0,3.0,17.0,1.0,low
stu_07629,class_007,88.13,90.75,92.18,87.43,90.39,89.89,14.94,14.0,1898.0,8.0,5.0,20.0,0.0,low
stu_07630,class_005,29.01,13.15,70.26,63.62,30.03,22.86,101.67,0.0,213.0,1.0,1.0,0.0,2.0,high
stu_07631,class_017,75.9,98.73,85.45,88.03,85.22,71.27,23.44,13.0,2073.0,9.0,4.0,18.0,1.0,low
stu_07632,class_039,71.72,56.44,50.6,45.26,62.87,52.8,25.45,3.0,875.0,4.0,1.0,6.0,3.0,medium
stu_07633,class_032,22.2,3.19,34.12,33.91,21.45,28.65,53.14,0.0,0.0,1.0,0.0,0.0,4.0,high
stu_07634,class_027,82.49,90.6,88.2,90.43,89.96,90.29,30.56,5.0,1862.0,8.0,5.0,4.0,1.0,low
stu_07635,class_006,61.27,,66.17,58.45,66.76,48.5,73.81,10.0,1405.0,6.0,2.0,7.0,3.0,medium
stu_07636,class_027,45.12,0.0,37.72,28.37,30.46,20.69,114.0,2.0,90.0,1.0,0.0,5.0,1.0,high
stu_07637,class_017,86.7,71.34,71.03,82.4,73.84,56.9,53.56,2.0,1403.0,6.0,3.0,2.0,2.0,medium
stu_07638,class_018,84.51,85.78,69.74,90.83,79.56,100.0,21.59,6.0,1716.0,,4.0,8.0,0.0,low
stu_07639,class_026,77.56,100.0,58.1,55.62,78.19,87.09,35.39,15.0,2259.0,10.0,4.0,7.0,0.0,low
stu_07640,class_025,96.29,93.87,92.45,100.0,93.92,81.44,21.86,16.0,2099.0,9.0,6.0,21.0,0.0,low
stu_07641,class_009,79.77,69.55,97.55,100.0,80.97,70.42,21.63,9.0,1436.0,6.0,3.0,9.0,0.0,low
stu_07642,class_014,83.27,88.47,96.31,80.26,87.34,72.88,24.71,6.0,1768.0,8.0,4.0,10.0,1.0,low
stu_07643,class_030,91.13,79.96,92.52,94.41,85.82,83.03,70.79,15.0,1786.0,8.0,0.0,0.0,0.0,low
stu_07644,class_011,40.34,1.99,38.29,41.31,30.95,11.07,73.87,4.0,148.0,1.0,0.0,3.0,6.0,high
stu_07645,class_007,93.51,88.65,93.38,100.0,93.31,68.58,18.56,10.0,1938.0,8.0,4.0,11.0,1.0,low
stu_07646,class_007,90.17,68.19,90.14,100.0,83.03,100.0,33.71,6.0,1302.0,6.0,5.0,4.0,1.0,low
stu_07647,class_012,60.57,100.0,55.87,59.32,65.56,29.58,27.09,1.0,1740.0,7.0,3.0,4.0,0.0,medium
stu_07648,class_033,44.61,56.47,55.12,75.73,47.73,51.49,30.79,4.0,1172.0,5.0,2.0,3.0,3.0,high
stu_07649,class_039,74.19,63.18,84.66,96.84,72.34,84.25,28.82,6.0,1396.0,6.0,3.0,8.0,1.0,low
stu_07650,class_027,65.38,39.37,67.33,58.64,57.33,56.52,42.98,7.0,859.0,4.0,2.0,6.0,2.0,medium
stu_07651,class_011,48.29,31.29,58.42,62.5,50.88,76.98,29.4,3.0,567.0,3.0,0.0,0.0,2.0,medium
stu_07652,class_004,78.15,89.67,80.46,72.55,82.28,69.72,24.42,5.0,1456.0,6.0,4.0,7.0,1.0,low
stu_07653,class_036,74.6,58.72,50.32,61.81,60.53,59.28,53.74,5.0,1029.0,5.0,1.0,,0.0,medium
stu_07654,class_003,34.62,68.62,91.21,85.54,66.62,65.6,26.23,8.0,1282.0,6.0,3.0,9.0,2.0,low
stu_07655,class_039,92.48,71.45,76.55,83.78,83.49,75.18,24.42,14.0,1666.0,7.0,4.0,23.0,1.0,low
stu_07656,class_028,9.93,13.23,55.65,61.29,18.75,23.97,53.59,3.0,338.0,2.0,1.0,2.0,5.0,high
stu_07657,class_026,33.09,48.94,80.54,89.49,56.18,83.3,25.06,3.0,871.0,4.0,2.0,4.0,3.0,medium
stu_07658,class_030,77.83,91.91,94.19,87.87,83.82,85.37,20.77,7.0,1696.0,7.0,3.0,5.0,0.0,low
stu_07659,class_038,84.19,93.89,84.18,89.23,85.4,66.15,27.14,8.0,1791.0,8.0,4.0,6.0,2.0,low
stu_07660,class_026,91.54,98.32,88.9,80.61,85.75,44.97,16.12,0.0,2065.0,9.0,5.0,0.0,0.0,low
stu_07661,class_020,48.14,47.81,72.47,82.49,51.58,9.11,24.19,2.0,866.0,4.0,1.0,6.0,2.0,high
stu_07662,class_016,54.47,48.84,67.55,50.65,63.21,95.46,49.52,9.0,978.0,4.0,1.0,11.0,3.0,medium
stu_07663,class_013,75.21,80.21,80.29,68.48,82.48,91.3,23.88,17.0,1756.0,8.0,3.0,22.0,0.0,low
stu_07664,class_030,41.19,17.28,43.19,39.34,35.81,62.23,28.66,1.0,86.0,1.0,1.0,0.0,3.0,high
stu_07665,class_024,59.28,51.24,76.24,80.27,60.51,42.49,28.17,6.0,910.0,4.0,1.0,8.0,4.0,medium
stu_07666,class_039,89.93,88.54,85.9,87.16,86.41,96.46,17.59,6.0,1599.0,7.0,5.0,6.0,1.0,low
stu_07667,class_022,82.79,28.23,70.93,60.62,61.43,44.22,59.1,7.0,796.0,4.0,2.0,7.0,2.0,medium
stu_07668,class_033,100.0,85.72,92.65,85.38,86.78,87.27,20.0,5.0,1723.0,7.0,5.0,12.0,0.0,low
stu_07669,class_039,38.51,29.19,22.45,18.29,25.29,12.03,73.09,0.0,618.0,3.0,0.0,0.0,6.0,high
stu_07670,class_028,90.75,30.44,61.54,52.42,59.17,27.28,48.54,8.0,431.0,2.0,2.0,5.0,3.0,medium
stu_07671,class_030,72.82,21.49,51.49,52.32,54.5,76.88,31.01,2.0,435.0,2.0,0.0,0.0,2.0,medium
stu_07672,class_014,90.5,89.71,79.61,79.52,78.56,36.4,14.88,0.0,1910.0,8.0,4.0,0.0,0.0,low
stu_07673,class_037,86.78,85.2,72.43,81.37,70.45,31.33,27.89,0.0,1968.0,8.0,4.0,0.0,0.0,low
stu_07674,class_016,40.21,55.13,,50.23,56.51,68.44,49.57,10.0,1429.0,6.0,2.0,14.0,1.0,medium
stu_07675,class_033,73.75,86.21,70.7,79.38,76.46,94.08,31.66,8.0,1801.0,8.0,2.0,6.0,0.0,low
stu_07676,class_009,62.19,58.19,48.31,50.78,51.91,43.54,39.61,2.0,946.0,4.0,1.0,3.0,0.0,medium
stu_07677,class_020,30.56,60.39,33.98,39.1,38.41,41.79,44.05,1.0,1036.0,5.0,2.0,0.0,,medium
stu_07678,class_011,80.66,70.7,88.71,78.24,82.01,72.52,21.01,18.0,1896.0,8.0,4.0,16.0,0.0,low
stu_07679,class_013,48.34,65.89,59.77,45.4,51.52,50.5,37.83,1.0,1216.0,,1.0,2.0,3.0,medium
stu_07680,class_037,86.04,62.66,63.18,58.89,67.02,43.16,77.84,3.0,1183.0,5.0,,5.0,2.0,medium
stu_07681,class_008,69.24,66.54,68.52,60.49,55.54,25.48,23.81,0.0,1295.0,6.0,1.0,0.0,2.0,medium
stu_07682,class_032,85.87,74.05,57.85,60.72,72.76,21.93,20.59,7.0,1636.0,7.0,3.0,12.0,0.0,medium
stu_07683,class_012,35.31,24.03,46.06,31.95,29.78,25.58,29.16,0.0,493.0,2.0,0.0,0.0,0.0,high
stu_07684,class_004,84.42,85.98,88.87,78.59,88.79,,23.97,17.0,2108.0,9.0,6.0,18.0,0.0,low
stu_07685,class_035,44.5,,50.6,49.01,51.5,58.39,50.86,1.0,1523.0,7.0,2.0,1.0,1.0,medium
stu_07686,class_004,74.78,74.91,86.21,96.01,78.1,72.65,20.78,17.0,1477.0,6.0,3.0,19.0,0.0,low
stu_07687,class_035,59.16,56.12,68.16,81.4,56.55,36.2,31.36,2.0,801.0,4.0,2.0,5.0,2.0,medium
stu_07688,class_037,,49.76,88.02,74.91,50.56,50.79,50.8,2.0,951.0,4.0,3.0,1.0,0.0,medium
stu_07689,class_021,70.62,47.24,82.89,84.22,64.07,70.84,36.93,2.0,771.0,4.0,2.0,,2.0,medium
stu_07690,class_010,79.58,82.33,73.52,76.2,80.04,73.56,29.27,14.0,1842.0,8.0,3.0,12.0,0.0,low
stu_07691,class_031,74.41,47.62,73.23,81.19,65.78,63.89,27.99,5.0,1133.0,5.0,1.0,10.0,3.0,medium
stu_07692,class_021,100.0,81.47,81.11,72.92,81.34,47.69,15.77,0.0,1530.0,7.0,4.0,0.0,,low
stu_07693,class_034,47.91,77.97,77.0,89.59,58.87,55.14,63.28,6.0,1564.0,7.0,3.0,5.0,2.0,medium
stu_07694,class_019,9.4,40.2,49.12,55.73,26.19,47.02,124.64,5.0,1015.0,5.0,2.0,6.0,4.0,high
stu_07695,class_030,82.06,72.17,41.47,43.07,66.94,64.16,52.97,7.0,1554.0,7.0,3.0,9.0,2.0,medium
stu_07696,class_024,81.79,98.36,82.26,75.59,83.76,85.93,20.53,8.0,2027.0,9.0,5.0,9.0,0.0,low
stu_07697,class_024,53.39,14.97,56.35,56.07,38.14,44.77,69.07,0.0,415.0,2.0,1.0,5.0,3.0,high
stu_07698,class_001,65.26,75.22,30.73,36.21,61.01,100.0,53.23,4.0,1725.0,7.0,2.0,6.0,1.0,medium
stu_07699,class_013,47.08,100.0,47.6,52.19,57.12,17.64,49.51,2.0,1790.0,8.0,2.0,2.0,3.0,medium
stu_07700,class_029,40.07,12.79,7.81,17.17,25.89,28.42,51.6,1.0,246.0,1.0,0.0,1.0,3.0,high
stu_07701,class_002,83.55,83.54,80.17,87.35,83.78,90.37,9.73,6.0,1861.0,8.0,4.0,8.0,0.0,low
stu_07702,class_012,100.0,84.49,93.5,95.79,82.02,41.78,12.44,0.0,1798.0,8.0,4.0,0.0,0.0,low
stu_07703,class_007,72.0,78.77,,100.0,87.87,82.95,32.5,10.0,1633.0,7.0,3.0,7.0,1.0,low
stu_07704,class_021,86.98,100.0,78.08,82.3,88.63,81.4,18.28,5.0,2024.0,9.0,4.0,6.0,1.0,low
stu_07705,class_033,90.27,85.25,68.09,69.0,82.37,80.65,18.03,10.0,1808.0,8.0,3.0,12.0,0.0,low
stu_07706,class_013,75.91,63.72,67.02,64.43,69.78,70.24,28.15,4.0,1223.0,5.0,1.0,3.0,1.0,medium
stu_07707,class_020,79.59,68.36,77.49,76.82,74.95,75.62,20.77,6.0,1251.0,6.0,1.0,5.0,1.0,low
stu_07708,class_020,34.45,21.66,80.9,74.18,41.71,54.31,36.38,1.0,82.0,1.0,1.0,3.0,2.0,high
stu_07709,class_007,47.52,50.89,43.99,37.05,40.33,13.78,42.46,1.0,967.0,4.0,1.0,2.0,4.0,high
stu_07710,class_013,43.26,46.57,69.68,79.45,45.94,0.0,74.98,4.0,929.0,4.0,2.0,8.0,1.0,high
stu_07711,class_001,62.65,75.02,52.22,51.76,62.94,48.34,40.52,1.0,1260.0,6.0,1.0,0.0,2.0,medium
stu_07712,class_012,82.22,85.87,58.95,60.79,68.35,32.25,41.58,0.0,1866.0,8.0,3.0,0.0,0.0,low
stu_07713,class_036,71.22,80.84,42.29,51.53,66.03,77.59,55.82,6.0,1254.0,6.0,2.0,8.0,3.0,medium
stu_07714,class_033,17.26,39.1,38.32,39.72,28.2,22.29,42.4,0.0,684.0,3.0,1.0,0.0,2.0,high
stu_07715,class_020,83.75,83.06,79.0,76.83,76.53,37.79,22.55,0.0,1655.0,7.0,3.0,0.0,2.0,medium
stu_07716,class_039,24.1,47.4,24.73,33.39,28.32,6.73,55.32,2.0,862.0,4.0,2.0,2.0,5.0,high
stu_07717,class_035,9.68,39.48,55.03,55.19,28.27,24.1,65.26,1.0,891.0,4.0,1.0,0.0,4.0,high
stu_07718,class_038,54.07,56.13,34.88,27.54,42.62,45.21,43.36,1.0,1196.0,5.0,1.0,0.0,2.0,medium
stu_07719,class_039,52.19,51.56,49.31,45.36,55.21,77.61,36.74,9.0,979.0,4.0,1.0,,2.0,medium
stu_07720,class_022,79.67,84.2,82.78,81.37,81.67,82.99,20.65,5.0,1490.0,6.0,0.0,8.0,0.0,low
stu_07721,class_028,89.61,67.35,48.88,44.5,63.42,20.4,29.53,3.0,1318.0,6.0,3.0,4.0,1.0,medium
stu_07722,class_017,86.04,74.21,,36.25,65.1,62.52,37.23,1.0,1385.0,6.0,3.0,0.0,5.0,medium
stu_07723,class_037,32.07,37.06,44.41,49.12,38.7,21.96,61.78,4.0,643.0,,0.0,3.0,3.0,high
stu_07724,class_017,,4.38,48.65,43.25,34.68,18.48,80.97,0.0,93.0,1.0,0.0,4.0,5.0,high
stu_07725,class_027,65.69,74.59,76.81,72.5,73.28,82.59,24.29,13.0,1658.0,7.0,3.0,12.0,0.0,low
stu_07726,class_012,88.45,63.55,87.3,89.56,77.97,65.52,17.97,12.0,1449.0,6.0,4.0,10.0,0.0,low
stu_07727,class_012,63.9,43.64,60.64,58.63,54.55,23.1,57.94,8.0,1089.0,5.0,1.0,2.0,1.0,medium
stu_07728,class_025,45.55,44.96,17.01,17.63,33.91,22.3,41.01,5.0,1198.0,5.0,1.0,4.0,2.0,high
stu_07729,class_037,86.38,94.48,73.56,73.41,84.65,69.75,13.52,8.0,1886.0,8.0,,8.0,2.0,low
stu_07730,class_018,48.65,57.11,55.36,40.4,52.16,34.24,71.29,0.0,1161.0,5.0,1.0,0.0,2.0,medium
stu_07731,class_032,82.74,76.24,84.72,82.26,73.69,32.77,29.96,0.0,1733.0,7.0,5.0,0.0,0.0,low
stu_07732,class_031,89.23,89.35,84.11,64.34,77.25,55.93,74.52,4.0,1722.0,7.0,4.0,3.0,1.0,medium
stu_07733,class_013,30.98,78.9,46.7,57.67,44.82,20.77,81.36,1.0,1320.0,6.0,3.0,1.0,3.0,high
stu_07734,class_004,73.01,,96.21,100.0,86.46,69.73,25.98,10.0,1695.0,7.0,4.0,16.0,0.0,low
stu_07735,class_028,65.32,94.91,43.56,41.35,64.35,57.63,39.83,9.0,2047.0,9.0,3.0,11.0,2.0,medium
stu_07736,class_011,85.19,77.45,66.51,52.34,76.51,42.94,59.57,7.0,6131.0,24.0,8.0,30.0,2.0,medium
stu_07737,class_008,30.76,45.6,46.41,53.31,40.66,26.23,74.2,,694.0,3.0,2.0,8.0,6.0,high
stu_07738,class_036,88.17,70.71,39.46,29.48,60.88,16.15,65.36,3.0,249.0,1.0,0.0,6.0,5.0,high
stu_07739,class_039,24.88,39.88,84.49,88.22,47.92,53.54,24.84,7.0,1627.0,7.0,4.0,8.0,2.0,low
stu_07740,class_040,100.0,69.83,72.33,63.39,81.4,65.22,10.48,13.0,1704.0,7.0,3.0,11.0,2.0,low
stu_07741,class_006,38.38,46.3,76.3,34.08,55.3,43.3,59.8,10.0,5377.0,21.0,9.0,29.0,2.0,medium
stu_07742,class_023,75.1,70.79,85.51,84.88,78.37,97.08,17.48,6.0,1411.0,6.0,0.0,5.0,0.0,low
stu_07743,class_002,53.0,25.52,65.05,58.91,44.55,10.9,138.08,2.0,366.0,2.0,0.0,0.0,4.0,high
stu_07744,class_025,100.0,74.62,91.23,100.0,90.09,67.1,15.87,15.0,1943.0,8.0,4.0,21.0,,low
stu_07745,class_035,92.56,89.31,90.34,84.69,85.32,62.28,22.98,11.0,1787.0,8.0,5.0,11.0,1.0,low
stu_07746,class_002,68.11,84.42,74.94,71.93,76.62,70.51,17.67,15.0,1869.0,8.0,3.0,19.0,0.0,low
stu_07747,class_028,80.35,76.23,81.08,84.59,81.67,93.02,37.12,6.0,0.0,7.0,5.0,10.0,0.0,low
stu_07748,class_032,85.77,67.96,49.77,52.99,73.59,80.22,56.84,10.0,1427.0,6.0,,11.0,1.0,medium
stu_07749,class_038,95.66,84.66,89.15,98.71,91.08,85.17,20.12,18.0,1982.0,8.0,5.0,28.0,0.0,low
stu_07750,class_026,82.32,,35.87,31.83,63.27,71.11,32.8,3.0,1215.0,5.0,3.0,1.0,1.0,medium
stu_07751,class_028,89.33,74.34,98.97,100.0,79.3,71.15,17.0,5.0,1636.0,7.0,5.0,4.0,0.0,low
stu_07752,class_032,81.57,67.93,80.07,83.81,78.95,80.07,24.61,16.0,1653.0,7.0,4.0,31.0,1.0,low
stu_07753,class_001,98.09,96.4,69.02,60.66,84.78,57.6,30.62,18.0,2304.0,10.0,5.0,13.0,0.0,low
stu_07754,class_017,50.95,50.66,52.79,58.5,48.97,28.72,118.54,2.0,863.0,4.0,1.0,1.0,2.0,high
stu_07755,class_025,75.56,70.25,96.59,100.0,79.53,81.44,18.82,16.0,1605.0,7.0,3.0,30.0,0.0,low
stu_07756,class_018,70.35,31.25,54.42,51.45,51.87,16.07,57.83,2.0,621.0,3.0,0.0,4.0,5.0,high
stu_07757,class_002,34.68,19.07,39.54,35.42,27.73,27.02,35.17,,364.0,2.0,0.0,0.0,4.0,high
stu_07758,class_039,86.09,100.0,83.1,81.82,78.13,14.58,29.33,0.0,0.0,10.0,5.0,0.0,0.0,low
stu_07759,class_005,78.97,100.0,76.94,82.17,81.37,49.69,22.03,0.0,2385.0,10.0,4.0,0.0,1.0,low
stu_07760,class_024,78.6,82.98,82.26,77.67,79.25,65.62,38.05,9.0,1562.0,7.0,3.0,14.0,1.0,medium
stu_07761,class_009,85.36,85.64,68.77,75.86,81.57,86.1,27.53,13.0,1857.0,8.0,3.0,22.0,1.0,low
stu_07762,class_022,49.63,35.2,43.77,37.46,47.02,60.03,51.38,5.0,629.0,3.0,1.0,6.0,4.0,medium
stu_07763,class_027,57.32,42.96,61.07,57.92,52.15,60.73,35.91,6.0,979.0,4.0,1.0,9.0,1.0,medium
stu_07764,class_004,48.75,61.41,55.2,62.83,54.0,45.93,27.13,8.0,1494.0,6.0,2.0,12.0,1.0,medium
stu_07765,class_028,42.94,28.94,90.33,97.13,56.79,81.97,9.58,5.0,426.0,2.0,1.0,4.0,0.0,medium
stu_07766,class_030,80.59,86.39,74.46,80.19,79.97,70.86,22.54,12.0,2222.0,9.0,4.0,16.0,0.0,low
stu_07767,class_015,0.0,14.39,20.42,15.51,12.81,35.43,82.12,0.0,437.0,2.0,1.0,1.0,4.0,high
stu_07768,class_037,62.97,34.96,78.91,80.35,56.35,47.27,48.06,2.0,689.0,3.0,2.0,2.0,0.0,medium
stu_07769,class_024,49.4,60.78,39.8,26.71,48.27,63.38,44.85,4.0,1154.0,5.0,1.0,3.0,2.0,medium
stu_07770,class_009,56.77,49.99,86.83,76.83,61.73,40.73,,7.0,913.0,4.0,2.0,8.0,0.0,medium
stu_07771,class_036,93.62,,100.0,100.0,90.02,89.56,28.27,16.0,1941.0,8.0,4.0,14.0,1.0,low
stu_07772,class_028,48.63,20.61,59.84,60.5,43.81,70.54,35.32,3.0,459.0,2.0,0.0,0.0,1.0,medium
stu_07773,class_002,95.39,78.42,74.52,71.94,87.0,82.67,49.4,16.0,1853.0,8.0,3.0,32.0,0.0,low
stu_07774,class_028,48.58,76.69,33.13,33.99,53.24,58.69,21.59,6.0,1574.0,7.0,2.0,7.0,0.0,medium
stu_07775,class_026,89.64,87.0,78.82,68.5,89.21,74.24,37.37,12.0,1901.0,8.0,3.0,11.0,0.0,low
stu_07776,class_038,85.48,73.15,87.22,85.16,85.25,77.35,30.85,18.0,1704.0,7.0,4.0,22.0,0.0,low
stu_07777,class_029,43.74,45.14,70.3,68.88,47.98,38.05,34.07,4.0,915.0,4.0,1.0,1.0,1.0,medium
stu_07778,class_028,94.16,86.96,97.62,94.9,82.17,35.42,21.85,0.0,1894.0,8.0,4.0,0.0,1.0,low
stu_07779,class_008,36.81,40.36,20.19,29.3,35.32,34.58,40.05,5.0,825.0,4.0,2.0,4.0,5.0,high
stu_07780,class_033,80.91,70.29,92.62,97.19,82.81,93.91,55.64,13.0,1560.0,7.0,5.0,16.0,0.0,low
stu_07781,class_012,37.86,74.22,60.09,60.73,49.26,18.79,54.34,3.0,1236.0,5.0,2.0,7.0,5.0,medium
stu_07782,class_034,60.43,39.83,27.12,13.52,41.4,17.59,34.87,3.0,953.0,4.0,1.0,3.0,4.0,high
stu_07783,class_029,86.76,72.79,28.01,38.16,67.21,90.9,33.83,5.0,1505.0,7.0,4.0,4.0,7.0,low
stu_07784,class_033,74.1,83.13,79.01,79.05,77.16,54.46,14.61,18.0,2051.0,9.0,4.0,27.0,0.0,low
stu_07785,class_040,18.01,45.52,28.76,14.6,31.51,37.97,49.85,0.0,766.0,4.0,1.0,0.0,3.0,high
stu_07786,class_022,70.71,67.47,82.56,71.48,75.1,80.08,27.25,14.0,1661.0,7.0,3.0,15.0,0.0,low
stu_07787,class_019,86.35,92.48,85.81,76.3,89.81,81.63,36.84,6.0,1732.0,7.0,4.0,5.0,0.0,low
stu_07788,class_039,83.5,93.89,90.81,88.53,91.32,100.0,19.1,18.0,2116.0,9.0,5.0,17.0,2.0,low
stu_07789,class_001,24.69,23.07,1.57,4.45,18.17,32.27,76.93,3.0,432.0,2.0,1.0,4.0,5.0,high
stu_07790,class_038,3.44,33.51,81.09,84.04,34.14,29.73,20.56,,683.0,3.0,2.0,1.0,5.0,high
stu_07791,class_026,29.22,35.13,23.96,,27.23,12.62,117.78,2.0,660.0,3.0,1.0,5.0,4.0,high
stu_07792,class_005,62.07,45.61,69.06,74.96,55.89,48.23,85.54,1.0,647.0,3.0,0.0,0.0,0.0,medium
stu_07793,class_028,64.48,68.25,82.77,88.34,67.09,52.81,33.03,3.0,1294.0,6.0,2.0,7.0,4.0,medium
stu_07794,class_010,92.57,90.44,75.2,85.59,86.12,79.46,23.76,18.0,2061.0,9.0,4.0,34.0,0.0,low
stu_07795,class_017,35.79,33.79,43.18,50.73,40.93,50.1,43.84,2.0,675.0,3.0,1.0,4.0,3.0,high
stu_07796,class_020,80.0,66.49,89.37,85.58,79.03,76.72,53.54,10.0,1413.0,6.0,5.0,18.0,0.0,low
stu_07797,class_037,79.99,77.21,61.94,56.94,70.99,67.61,41.32,5.0,1684.0,7.0,2.0,6.0,2.0,medium
stu_07798,class_027,80.34,92.33,91.94,100.0,79.25,21.96,19.15,0.0,2181.0,9.0,5.0,0.0,1.0,low
stu_07799,class_034,75.53,90.19,80.15,81.79,83.87,81.88,16.16,13.0,1809.0,8.0,3.0,21.0,1.0,low
stu_07800,class_029,82.15,67.01,92.52,80.84,78.77,57.37,23.91,0.0,1554.0,7.0,4.0,0.0,1.0,low
stu_07801,class_033,71.3,68.6,67.04,52.81,67.52,84.05,61.01,8.0,1501.0,7.0,3.0,9.0,3.0,medium
stu_07802,class_023,96.41,87.54,83.76,81.92,91.38,81.73,27.92,9.0,1873.0,8.0,4.0,16.0,1.0,low
stu_07803,class_015,41.28,23.39,64.55,79.99,42.13,76.57,20.01,4.0,494.0,2.0,1.0,4.0,2.0,medium
stu_07804,class_040,43.08,83.58,77.78,79.08,67.06,78.87,23.49,6.0,1492.0,6.0,2.0,6.0,1.0,medium
stu_07805,class_015,24.79,64.83,40.23,49.55,42.09,26.35,85.95,0.0,0.0,6.0,2.0,0.0,4.0,high
stu_07806,class_004,77.73,64.16,89.21,100.0,78.36,70.22,14.72,12.0,1288.0,6.0,2.0,11.0,0.0,low
stu_07807,class_011,63.25,91.58,75.39,67.5,73.58,67.02,19.84,18.0,2392.0,10.0,3.0,17.0,1.0,low
stu_07808,class_021,93.1,100.0,46.43,46.83,70.06,29.92,59.61,0.0,1970.0,8.0,4.0,0.0,3.0,medium
stu_07809,class_033,89.52,74.97,84.21,82.43,79.53,76.96,18.06,8.0,1830.0,8.0,5.0,6.0,0.0,low
stu_07810,class_009,55.8,49.07,78.21,72.36,60.85,48.11,29.84,8.0,1125.0,5.0,2.0,15.0,,medium
stu_07811,class_020,20.54,48.16,71.02,81.25,48.46,52.53,90.92,7.0,1140.0,5.0,1.0,8.0,3.0,medium
stu_07812,class_019,80.93,89.05,61.62,71.0,67.96,30.21,60.89,6.0,1695.0,7.0,3.0,6.0,0.0,medium
stu_07813,class_039,53.61,50.54,76.82,73.63,63.43,48.53,60.8,8.0,1427.0,6.0,2.0,15.0,3.0,medium
stu_07814,class_039,98.16,83.39,93.05,100.0,93.77,77.19,23.34,18.0,2193.0,9.0,5.0,34.0,0.0,low
stu_07815,class_016,96.22,78.93,,77.4,83.03,80.15,23.61,10.0,1709.0,7.0,4.0,13.0,1.0,low
stu_07816,class_008,38.39,57.59,38.2,29.59,40.84,47.74,17.61,3.0,858.0,4.0,1.0,0.0,3.0,medium
stu_07817,class_001,92.2,87.46,79.38,76.44,87.14,87.09,11.83,7.0,1724.0,7.0,3.0,10.0,1.0,low
stu_07818,class_005,59.63,100.0,53.88,64.3,63.73,34.33,77.37,3.0,3465.0,13.0,11.0,17.0,2.0,medium
stu_07819,class_009,92.5,72.7,74.87,85.56,84.81,94.67,21.1,10.0,1497.0,6.0,3.0,18.0,0.0,low
stu_07820,class_006,39.34,67.66,66.26,60.5,60.27,62.32,82.74,2.0,1164.0,5.0,1.0,2.0,3.0,medium
stu_07821,class_025,96.16,37.93,51.83,53.93,67.69,37.07,20.29,9.0,909.0,4.0,2.0,8.0,1.0,medium
stu_07822,class_024,80.84,84.69,86.96,85.62,80.02,87.14,27.31,7.0,1729.0,7.0,4.0,9.0,1.0,low
stu_07823,class_002,62.85,61.2,50.99,46.89,53.92,58.2,57.62,3.0,1307.0,6.0,2.0,5.0,1.0,medium
stu_07824,class_008,90.64,78.39,49.72,58.42,77.58,73.15,83.79,8.0,912.0,4.0,1.0,10.0,4.0,medium
stu_07825,class_028,72.13,91.69,82.91,94.31,69.99,60.67,23.73,0.0,1730.0,7.0,3.0,0.0,0.0,low
stu_07826,class_004,23.27,71.21,77.94,74.33,56.27,75.9,20.57,18.0,2133.0,9.0,4.0,14.0,2.0,low
stu_07827,class_022,62.21,41.79,58.24,56.31,52.93,55.3,25.11,1.0,570.0,3.0,1.0,3.0,1.0,medium
stu_07828,class_001,49.55,38.3,,40.32,48.33,58.19,57.44,6.0,678.0,3.0,1.0,6.0,4.0,medium
stu_07829,class_003,77.27,100.0,73.82,49.9,82.14,100.0,15.34,8.0,1964.0,8.0,,14.0,1.0,low
stu_07830,class_004,2.28,32.73,29.88,16.85,23.11,30.63,58.7,2.0,771.0,4.0,2.0,,2.0,high
stu_07831,class_002,37.91,17.54,0.0,0.0,22.38,50.02,41.41,0.0,334.0,2.0,1.0,0.0,1.0,high
stu_07832,class_020,76.5,69.06,56.1,49.92,63.1,42.49,29.78,2.0,1291.0,6.0,1.0,4.0,2.0,medium
stu_07833,class_039,86.27,43.96,47.18,47.23,62.01,47.45,46.73,10.0,1004.0,5.0,3.0,13.0,2.0,medium
stu_07834,class_024,80.6,63.75,85.18,89.89,64.39,29.98,32.54,0.0,1314.0,6.0,5.0,0.0,0.0,low
stu_07835,class_019,,49.95,73.73,73.7,51.84,36.98,70.53,5.0,912.0,4.0,2.0,3.0,4.0,high
stu_07836,class_018,14.18,13.2,23.68,26.55,16.21,10.81,44.85,3.0,445.0,2.0,0.0,4.0,2.0,high
stu_07837,class_007,82.81,67.73,61.87,46.1,73.83,100.0,20.14,3.0,1610.0,7.0,3.0,5.0,0.0,medium
stu_07838,class_039,78.49,80.69,100.0,100.0,85.84,84.63,29.51,5.0,1728.0,7.0,3.0,7.0,0.0,low
stu_07839,class_004,67.16,40.43,60.78,69.78,52.13,16.46,18.37,3.0,1010.0,5.0,1.0,5.0,3.0,medium
stu_07840,class_033,72.46,29.88,89.05,95.31,66.01,70.7,37.4,5.0,468.0,2.0,1.0,12.0,3.0,medium
stu_07841,class_022,89.63,70.33,89.09,75.93,82.09,82.62,25.13,17.0,1986.0,8.0,5.0,12.0,0.0,low
stu_07842,class_012,66.74,68.47,69.49,66.82,60.58,26.96,31.41,0.0,1277.0,6.0,1.0,0.0,2.0,medium
stu_07843,class_014,75.26,71.49,88.06,90.47,70.58,39.01,20.07,0.0,1523.0,7.0,4.0,0.0,0.0,low
stu_07844,class_011,92.48,85.06,86.93,100.0,88.57,58.89,28.7,13.0,2112.0,9.0,6.0,18.0,0.0,low
stu_07845,class_005,16.23,59.91,47.9,37.9,29.21,12.46,35.79,1.0,967.0,4.0,1.0,1.0,4.0,high
stu_07846,class_012,62.73,88.53,69.82,65.04,74.54,67.96,47.54,10.0,1716.0,7.0,3.0,14.0,0.0,medium
stu_07847,class_034,36.3,45.73,40.88,38.4,35.71,29.09,36.77,2.0,843.0,4.0,2.0,0.0,3.0,high
stu_07848,class_008,41.8,63.85,72.64,79.48,58.83,47.87,27.96,9.0,1514.0,7.0,2.0,13.0,1.0,medium
stu_07849,class_024,84.02,99.28,93.14,87.67,95.95,87.59,17.69,15.0,2609.0,11.0,7.0,24.0,0.0,low
stu_07850,class_035,82.44,84.07,96.47,81.87,84.17,92.35,30.47,12.0,1563.0,7.0,4.0,11.0,0.0,low
stu_07851,class_004,11.26,10.11,66.34,64.48,26.83,0.34,41.12,0.0,89.0,1.0,0.0,0.0,4.0,high
stu_07852,class_035,63.86,51.59,60.71,56.6,54.04,37.5,40.08,7.0,1060.0,5.0,2.0,9.0,2.0,medium
stu_07853,class_011,65.51,18.53,65.23,66.64,50.47,64.57,21.74,3.0,340.0,2.0,1.0,3.0,0.0,medium
stu_07854,class_012,47.12,46.86,23.52,22.44,50.5,83.36,35.57,6.0,761.0,4.0,1.0,3.0,2.0,medium
stu_07855,class_001,92.78,83.23,84.85,88.23,85.53,88.16,30.01,14.0,1776.0,8.0,4.0,20.0,1.0,low
stu_07856,class_016,48.63,46.76,55.78,40.03,49.78,0.0,87.79,3.0,759.0,4.0,1.0,5.0,3.0,high
stu_07857,class_040,89.61,,25.7,25.37,57.52,12.63,133.46,5.0,646.0,3.0,1.0,2.0,6.0,high
stu_07858,class_011,100.0,82.18,72.31,77.9,85.36,70.83,34.38,8.0,1649.0,7.0,3.0,8.0,2.0,medium
stu_07859,class_028,5.81,35.55,49.48,49.46,27.79,31.26,56.03,2.0,685.0,3.0,2.0,1.0,3.0,high
stu_07860,class_016,100.0,98.21,80.69,,92.52,69.29,27.91,12.0,2135.0,9.0,5.0,15.0,0.0,low
stu_07861,class_013,48.48,73.12,48.2,48.77,53.53,64.78,42.14,1.0,1601.0,7.0,2.0,0.0,3.0,medium
stu_07862,class_018,54.38,48.79,66.56,56.83,59.35,77.55,31.97,8.0,992.0,4.0,2.0,13.0,1.0,medium
stu_07863,class_040,39.82,49.84,27.15,30.73,32.73,5.38,41.83,5.0,905.0,4.0,1.0,2.0,3.0,high
stu_07864,class_039,91.21,77.4,92.17,96.89,89.11,73.35,30.7,12.0,1961.0,8.0,5.0,12.0,,low
stu_07865,class_014,84.91,61.02,51.23,50.5,60.26,0.58,59.67,5.0,619.0,3.0,1.0,4.0,6.0,high
stu_07866,class_036,32.35,29.49,46.65,50.04,36.47,19.2,67.64,3.0,752.0,4.0,1.0,0.0,1.0,high
stu_07867,class_037,73.49,67.4,95.95,100.0,78.11,92.04,17.14,9.0,1462.0,6.0,3.0,8.0,0.0,low
stu_07868,class_037,95.75,91.9,74.74,74.23,85.54,61.48,30.78,7.0,2042.0,9.0,4.0,7.0,1.0,low
stu_07869,class_018,16.39,53.59,0.0,7.24,24.52,8.67,60.26,2.0,1123.0,5.0,1.0,0.0,5.0,high
stu_07870,class_039,78.37,91.35,89.56,91.43,85.2,84.09,7.16,18.0,2067.0,9.0,4.0,20.0,1.0,low
stu_07871,class_005,64.88,93.18,36.92,39.29,62.11,36.55,57.85,2.0,1828.0,8.0,3.0,0.0,1.0,medium
stu_07872,class_035,78.45,72.46,90.98,79.38,79.04,60.59,16.38,16.0,1769.0,8.0,3.0,30.0,0.0,low
stu_07873,class_029,76.23,72.89,80.33,76.49,83.78,,18.96,14.0,1478.0,6.0,4.0,21.0,0.0,low
stu_07874,class_035,53.67,52.51,50.65,56.84,51.34,43.39,37.92,8.0,1015.0,5.0,2.0,9.0,2.0,medium
stu_07875,class_034,93.11,50.05,63.31,66.2,62.97,28.42,36.18,3.0,944.0,4.0,2.0,3.0,1.0,medium
stu_07876,class_037,85.92,73.14,76.28,94.8,83.68,73.27,,14.0,1848.0,8.0,3.0,20.0,0.0,low
stu_07877,class_024,89.73,98.9,65.99,70.24,83.69,76.14,32.36,13.0,2145.0,9.0,4.0,16.0,1.0,low
stu_07878,class_019,73.4,98.94,96.33,75.84,90.25,79.43,23.7,14.0,2107.0,9.0,4.0,11.0,0.0,low
stu_07879,class_020,34.08,29.87,62.51,59.6,43.6,48.57,43.1,4.0,485.0,2.0,0.0,7.0,3.0,high
stu_07880,class_019,44.03,97.88,37.49,40.25,56.74,50.76,35.62,6.0,2056.0,9.0,3.0,9.0,3.0,medium
stu_07881,class_031,82.83,63.16,34.48,31.42,60.14,60.0,30.75,7.0,1234.0,5.0,1.0,10.0,0.0,medium
stu_07882,class_020,96.78,82.14,87.68,91.71,88.7,89.76,39.6,12.0,1942.0,8.0,4.0,10.0,0.0,low
stu_07883,class_013,17.04,4.02,19.55,19.48,20.15,34.53,70.82,1.0,30.0,1.0,0.0,1.0,4.0,high
stu_07884,class_032,86.79,100.0,75.51,91.9,89.86,77.15,9.05,0.0,1924.0,8.0,4.0,16.0,0.0,low
stu_07885,class_024,69.62,68.69,72.46,71.61,67.49,54.31,59.93,10.0,1407.0,6.0,3.0,10.0,0.0,medium
stu_07886,class_013,97.33,62.76,34.41,33.18,63.16,52.83,23.29,4.0,1268.0,6.0,1.0,2.0,3.0,medium
stu_07887,class_037,77.9,46.34,67.72,70.18,66.11,87.53,103.48,2.0,878.0,4.0,2.0,1.0,2.0,medium
stu_07888,class_033,85.08,74.54,77.82,97.22,80.61,77.75,23.52,16.0,1521.0,7.0,4.0,24.0,1.0,low
stu_07889,class_003,85.25,84.48,92.02,94.56,83.56,63.43,26.64,17.0,2128.0,9.0,5.0,13.0,0.0,low
stu_07890,class_022,58.54,57.83,61.93,63.71,60.14,79.09,21.55,10.0,1271.0,6.0,1.0,9.0,3.0,medium
stu_07891,class_017,87.72,67.43,91.17,90.4,85.4,97.81,15.47,12.0,1604.0,7.0,4.0,15.0,0.0,low
stu_07892,class_034,68.39,95.26,93.43,99.1,82.99,67.97,16.77,15.0,2110.0,9.0,4.0,12.0,0.0,low
stu_07893,class_007,83.37,88.14,78.45,,74.48,23.49,29.54,0.0,2240.0,9.0,5.0,0.0,0.0,low
stu_07894,class_033,74.58,51.36,59.96,73.55,60.11,33.64,44.36,3.0,1004.0,5.0,1.0,2.0,0.0,medium
stu_07895,class_021,95.17,81.21,77.21,85.35,82.71,79.77,21.93,7.0,1847.0,8.0,3.0,10.0,0.0,low
stu_07896,class_036,76.8,54.74,46.98,29.31,58.17,79.16,29.93,4.0,1010.0,5.0,2.0,2.0,1.0,medium
stu_07897,class_025,89.66,86.07,94.39,95.81,88.53,76.14,17.65,14.0,1995.0,8.0,5.0,22.0,0.0,low
stu_07898,class_029,64.22,17.5,44.53,44.15,42.82,27.43,31.06,2.0,481.0,2.0,1.0,0.0,4.0,high
stu_07899,class_037,100.0,82.46,79.55,71.63,88.43,88.84,18.79,8.0,1705.0,7.0,4.0,9.0,2.0,low
stu_07900,class_011,87.56,82.3,41.39,30.48,73.57,70.44,13.64,16.0,1707.0,7.0,3.0,30.0,0.0,low
stu_07901,class_004,27.88,46.12,25.63,34.3,32.87,25.59,36.4,1.0,997.0,4.0,1.0,0.0,2.0,high
stu_07902,class_021,63.5,97.54,79.93,85.29,68.26,16.99,57.08,0.0,1827.0,8.0,2.0,0.0,1.0,medium
stu_07903,class_036,94.13,76.64,74.46,68.25,84.59,88.56,35.68,14.0,1753.0,8.0,4.0,13.0,0.0,low
stu_07904,class_014,0.0,0.0,43.2,40.26,17.05,32.71,104.28,4.0,0.0,1.0,0.0,5.0,2.0,high
stu_07905,class_017,78.71,69.78,74.97,73.82,74.79,83.58,17.18,10.0,1542.0,7.0,2.0,18.0,0.0,low
stu_07906,class_012,100.0,83.61,95.97,95.9,91.0,63.07,22.19,13.0,1829.0,8.0,5.0,,1.0,low
stu_07907,class_007,78.8,58.98,17.57,42.48,59.94,69.15,52.73,7.0,1059.0,5.0,1.0,7.0,2.0,medium
stu_07908,class_022,83.55,71.66,41.93,44.77,66.9,55.42,23.29,3.0,1158.0,5.0,2.0,4.0,3.0,medium
stu_07909,class_040,85.06,66.86,39.21,47.83,67.14,48.89,52.33,9.0,1216.0,5.0,1.0,18.0,6.0,medium
stu_07910,class_022,35.82,0.0,48.81,,34.77,42.72,51.04,2.0,0.0,1.0,1.0,0.0,6.0,high
stu_07911,class_004,85.32,52.88,82.78,97.08,70.28,39.0,71.73,2.0,781.0,4.0,3.0,3.0,1.0,medium
stu_07912,class_005,18.35,68.36,78.03,77.42,46.53,6.96,38.94,3.0,833.0,4.0,2.0,4.0,1.0,high
stu_07913,class_040,74.0,64.7,75.3,79.71,67.84,40.49,47.96,5.0,1306.0,6.0,2.0,2.0,1.0,medium
stu_07914,class_013,75.41,75.96,77.77,89.07,75.91,77.11,27.62,9.0,1785.0,8.0,2.0,14.0,,low
stu_07915,class_029,85.0,80.44,83.34,86.99,84.07,100.0,30.74,6.0,1601.0,7.0,4.0,11.0,0.0,low
stu_07916,class_008,47.1,75.98,65.21,55.48,56.06,20.79,72.12,8.0,1801.0,8.0,2.0,11.0,3.0,medium
stu_07917,class_004,91.02,60.46,62.56,61.27,73.26,71.18,63.85,7.0,1273.0,6.0,3.0,5.0,2.0,medium
stu_07918,class_027,47.54,24.33,81.47,81.38,41.5,6.09,73.38,0.0,494.0,2.0,1.0,0.0,2.0,high
stu_07919,class_039,94.18,97.88,84.83,73.81,86.7,73.93,25.61,8.0,1904.0,8.0,5.0,6.0,1.0,low
stu_07920,class_019,18.19,52.7,50.98,40.53,35.0,33.38,63.87,2.0,890.0,4.0,1.0,0.0,4.0,high
stu_07921,class_033,85.05,53.57,73.43,73.05,67.21,46.51,66.41,1.0,792.0,4.0,3.0,1.0,2.0,medium
stu_07922,class_030,94.85,77.74,32.54,27.94,66.35,54.78,25.65,6.0,1031.0,5.0,3.0,5.0,3.0,medium
stu_07923,class_024,54.2,,62.59,69.13,73.13,69.07,36.21,9.0,1682.0,7.0,2.0,12.0,3.0,medium
stu_07924,class_024,79.9,98.6,29.64,33.63,69.46,42.85,29.21,9.0,0.0,9.0,3.0,16.0,2.0,medium
stu_07925,class_010,87.65,44.32,59.66,70.38,56.4,30.53,21.72,0.0,939.0,4.0,2.0,0.0,0.0,medium
stu_07926,class_015,87.72,84.68,69.97,70.2,76.03,58.12,22.64,0.0,1914.0,8.0,4.0,0.0,0.0,low
stu_07927,class_018,90.27,84.89,84.9,81.37,88.26,64.94,16.98,18.0,2185.0,9.0,5.0,29.0,1.0,low
stu_07928,class_007,70.78,81.99,85.23,79.68,79.27,79.71,20.59,17.0,2002.0,9.0,4.0,11.0,1.0,low
stu_07929,class_017,86.73,89.62,83.22,78.07,89.58,89.95,43.36,15.0,1974.0,8.0,6.0,18.0,0.0,low
stu_07930,class_025,53.73,57.16,57.74,52.26,54.5,58.15,47.93,3.0,5536.0,22.0,7.0,12.0,4.0,medium
stu_07931,class_019,47.18,51.79,52.03,54.82,43.69,20.3,46.57,3.0,1059.0,5.0,1.0,4.0,6.0,high
stu_07932,class_022,68.5,76.98,43.46,43.66,60.47,38.27,105.87,10.0,1775.0,8.0,3.0,18.0,2.0,medium
stu_07933,class_008,62.72,66.28,46.76,50.12,58.54,45.78,30.75,8.0,1444.0,6.0,2.0,8.0,1.0,medium
stu_07934,class_030,74.62,66.93,81.64,80.36,71.21,92.91,,15.0,1691.0,7.0,3.0,18.0,0.0,low
stu_07935,class_007,40.45,36.95,53.0,47.37,45.18,89.92,47.08,2.0,722.0,3.0,1.0,2.0,3.0,medium
stu_07936,class_007,83.6,80.7,75.94,89.1,69.5,41.08,27.02,0.0,1654.0,7.0,3.0,0.0,0.0,low
stu_07937,class_014,58.05,63.47,69.29,53.46,60.29,51.65,77.41,1.0,6130.0,24.0,7.0,19.0,2.0,medium
stu_07938,class_031,76.21,55.84,88.64,80.07,76.52,85.87,27.48,14.0,1391.0,6.0,4.0,28.0,0.0,low
stu_07939,class_034,94.83,70.36,71.02,73.17,82.65,81.37,29.99,11.0,1522.0,7.0,3.0,15.0,0.0,low
stu_07940,class_023,87.3,78.99,47.73,53.95,69.73,26.16,61.69,10.0,1302.0,6.0,2.0,17.0,4.0,medium
stu_07941,class_023,69.18,97.15,81.93,80.74,83.62,66.92,17.16,17.0,2061.0,9.0,4.0,27.0,0.0,low
stu_07942,class_004,86.42,89.85,95.82,95.47,86.25,68.99,28.26,7.0,1697.0,7.0,4.0,11.0,0.0,low
stu_07943,class_011,14.97,28.68,2.24,9.0,17.86,67.04,30.96,0.0,381.0,2.0,0.0,1.0,4.0,high
stu_07944,class_006,83.27,73.48,78.42,67.81,78.02,81.3,24.57,14.0,1634.0,7.0,3.0,22.0,0.0,low
stu_07945,class_031,96.8,97.79,89.82,84.37,91.99,80.61,18.43,16.0,2244.0,9.0,5.0,9.0,0.0,low
stu_07946,class_029,79.97,44.52,71.73,87.34,62.64,34.12,47.61,6.0,873.0,4.0,1.0,10.0,2.0,medium
stu_07947,class_029,26.81,60.64,20.45,10.45,32.1,21.52,114.15,4.0,1153.0,5.0,1.0,4.0,3.0,high
stu_07948,class_032,44.71,41.0,77.75,79.04,49.68,44.12,30.03,2.0,734.0,3.0,2.0,3.0,3.0,medium
stu_07949,class_039,56.76,50.42,87.96,78.85,54.62,44.61,58.35,0.0,1075.0,5.0,2.0,0.0,3.0,medium
stu_07950,class_001,83.37,81.49,42.3,43.54,66.71,63.92,40.83,3.0,1581.0,7.0,2.0,5.0,4.0,medium
stu_07951,class_026,90.11,74.57,41.14,36.63,63.43,44.27,46.5,3.0,588.0,3.0,0.0,5.0,4.0,high
stu_07952,class_009,58.67,59.87,46.03,40.0,61.78,36.84,41.25,10.0,1608.0,7.0,2.0,10.0,1.0,medium
stu_07953,class_006,26.44,43.42,61.21,65.2,45.82,69.58,32.6,9.0,917.0,4.0,1.0,8.0,3.0,medium
stu_07954,class_026,67.49,71.93,64.3,68.88,68.76,40.45,51.34,5.0,1554.0,7.0,2.0,5.0,2.0,medium
stu_07955,class_014,51.1,58.78,64.58,68.02,54.29,53.73,33.03,3.0,1191.0,5.0,1.0,0.0,1.0,medium
stu_07956,class_029,36.35,24.2,53.96,55.86,39.64,45.33,24.82,5.0,726.0,3.0,2.0,5.0,2.0,high
stu_07957,class_017,42.97,9.65,55.44,56.64,36.39,42.28,16.6,3.0,415.0,2.0,0.0,1.0,6.0,high
stu_07958,class_032,38.34,40.76,32.82,33.59,37.98,64.83,73.87,0.0,717.0,3.0,1.0,0.0,4.0,high
stu_07959,class_021,80.75,72.83,80.44,91.92,75.04,65.39,13.87,10.0,1605.0,7.0,4.0,18.0,0.0,low
stu_07960,class_032,38.33,68.1,66.74,60.21,59.16,66.95,39.52,5.0,1363.0,6.0,2.0,8.0,5.0,medium
stu_07961,class_016,97.61,87.6,75.73,78.48,90.27,95.22,15.02,13.0,1924.0,8.0,4.0,15.0,1.0,low
stu_07962,class_005,100.0,64.15,74.11,83.81,86.03,85.54,16.99,17.0,1636.0,7.0,3.0,14.0,0.0,low
stu_07963,class_001,51.59,50.37,40.51,35.68,51.41,41.98,39.34,7.0,1173.0,5.0,2.0,6.0,2.0,medium
stu_07964,class_009,88.49,87.67,85.1,88.32,86.3,75.37,22.96,12.0,1912.0,,4.0,22.0,2.0,low
stu_07965,class_018,84.33,62.75,83.7,84.89,76.83,80.28,25.96,14.0,1404.0,6.0,4.0,23.0,1.0,low
stu_07966,class_012,40.49,53.75,37.98,31.91,37.95,20.9,28.16,0.0,837.0,4.0,2.0,0.0,5.0,high
stu_07967,class_005,46.28,31.84,56.77,60.97,40.06,7.71,107.22,2.0,537.0,3.0,0.0,3.0,5.0,high
stu_07968,class_002,64.55,50.69,76.28,66.53,59.1,46.92,54.65,6.0,1139.0,5.0,2.0,6.0,3.0,medium
stu_07969,class_006,37.09,59.54,58.82,64.13,48.56,35.57,103.29,3.0,1132.0,5.0,1.0,3.0,4.0,high
stu_07970,class_029,43.17,61.03,79.02,63.03,56.49,28.48,42.81,8.0,1296.0,6.0,1.0,8.0,2.0,medium
stu_07971,class_008,36.1,32.17,64.92,50.27,36.94,40.5,77.69,1.0,546.0,3.0,1.0,3.0,2.0,high
stu_07972,class_002,92.53,81.26,19.54,21.0,74.62,69.11,17.3,10.0,2085.0,9.0,4.0,9.0,3.0,low
stu_07973,class_030,76.48,98.06,79.47,76.62,82.3,78.17,18.3,15.0,2338.0,10.0,4.0,26.0,1.0,low
stu_07974,class_014,78.78,67.77,78.06,70.41,70.2,40.48,103.75,2.0,1296.0,6.0,1.0,1.0,2.0,medium
stu_07975,class_033,81.03,23.4,52.7,48.16,49.2,34.83,268.73,0.0,456.0,2.0,1.0,0.0,1.0,high
stu_07976,class_002,83.0,49.05,42.5,38.6,58.82,48.9,24.58,4.0,892.0,4.0,2.0,0.0,1.0,medium
stu_07977,class_021,50.59,62.51,59.0,64.82,55.96,51.4,57.11,9.0,1519.0,7.0,3.0,12.0,2.0,medium
stu_07978,class_002,22.35,56.87,67.47,73.14,47.97,62.9,26.09,3.0,1086.0,5.0,2.0,3.0,3.0,medium
stu_07979,class_017,88.0,55.02,74.63,64.75,75.0,88.06,27.77,9.0,1155.0,5.0,3.0,,2.0,medium
stu_07980,class_003,88.51,99.88,80.02,75.0,86.91,68.02,22.42,12.0,2158.0,9.0,5.0,8.0,1.0,low
stu_07981,class_014,70.18,76.98,53.18,54.47,63.39,51.36,37.37,4.0,1494.0,6.0,2.0,8.0,0.0,medium
stu_07982,class_019,91.43,25.68,66.59,75.33,65.59,73.44,67.96,9.0,579.0,3.0,2.0,14.0,2.0,medium
stu_07983,class_032,65.45,49.59,53.49,49.92,57.3,100.0,31.75,2.0,1044.0,5.0,2.0,4.0,1.0,medium
stu_07984,class_007,91.86,79.35,81.65,83.78,75.84,27.65,14.5,0.0,1995.0,8.0,5.0,0.0,1.0,low
stu_07985,class_001,84.03,78.16,100.0,96.15,84.74,74.3,31.77,14.0,1711.0,7.0,4.0,19.0,0.0,low
stu_07986,class_019,82.59,88.14,91.73,88.12,84.68,74.78,26.41,9.0,1742.0,7.0,5.0,17.0,0.0,low
stu_07987,class_031,39.96,73.26,52.54,46.17,56.62,47.42,29.79,10.0,1372.0,6.0,2.0,12.0,1.0,medium
stu_07988,class_016,71.08,64.19,86.78,75.42,60.98,39.55,26.12,0.0,1479.0,6.0,3.0,0.0,0.0,low
stu_07989,class_026,88.63,77.57,89.61,100.0,71.89,27.38,23.02,0.0,1924.0,8.0,4.0,0.0,0.0,low
stu_07990,class_019,92.87,85.17,86.0,84.62,84.25,59.56,33.94,17.0,1967.0,8.0,6.0,28.0,1.0,low
stu_07991,class_004,81.85,100.0,77.26,64.01,84.98,79.92,12.32,13.0,2229.0,9.0,4.0,15.0,0.0,low
stu_07992,class_036,12.17,53.86,0.0,0.0,20.42,27.29,111.69,1.0,772.0,4.0,2.0,0.0,5.0,high
stu_07993,class_037,84.9,75.0,77.37,74.71,80.66,84.36,26.25,14.0,1877.0,8.0,4.0,12.0,0.0,low
stu_07994,class_015,74.56,72.18,69.01,59.36,73.31,85.04,18.81,5.0,1283.0,6.0,1.0,,1.0,low
stu_07995,class_025,88.25,97.83,89.69,96.02,91.34,83.4,28.04,6.0,1890.0,8.0,4.0,7.0,0.0,low
stu_07996,class_004,57.58,91.68,86.6,94.61,75.89,23.03,34.48,,1912.0,8.0,4.0,13.0,0.0,medium
stu_07997,class_037,56.54,66.05,24.93,27.25,56.51,82.58,64.91,10.0,1660.0,7.0,2.0,13.0,3.0,medium
stu_07998,class_006,62.4,37.57,51.18,48.16,49.46,38.33,15.09,6.0,803.0,4.0,1.0,10.0,2.0,medium
stu_07999,class_038,26.84,47.92,18.01,24.9,32.61,22.19,57.63,5.0,975.0,4.0,1.0,5.0,7.0,high
stu_08000,class_028,79.09,72.5,81.81,77.12,71.43,35.72,15.63,0.0,1857.0,8.0,3.0,0.0,0.0,low
stu_08001,class_028,12.22,43.25,25.21,20.95,25.14,42.89,44.74,1.0,829.0,4.0,1.0,0.0,6.0,high
stu_08002,class_027,33.69,41.98,33.68,42.93,36.37,40.4,99.17,5.0,849.0,4.0,1.0,2.0,6.0,high
stu_08003,class_030,52.48,87.02,18.28,13.04,51.6,32.88,44.83,5.0,1738.0,7.0,2.0,8.0,7.0,high
stu_08004,class_037,46.08,71.83,49.04,54.26,51.08,50.36,59.17,2.0,1290.0,6.0,1.0,5.0,5.0,high
stu_08005,class_020,47.1,37.75,36.98,26.12,40.92,20.58,45.0,4.0,873.0,4.0,2.0,6.0,2.0,medium
stu_08006,class_034,72.66,48.81,48.04,41.18,56.22,62.37,36.95,4.0,855.0,4.0,2.0,2.0,3.0,medium
stu_08007,class_035,73.57,58.48,85.66,88.05,71.12,52.44,41.95,6.0,1072.0,5.0,2.0,6.0,0.0,medium
stu_08008,class_028,36.8,58.54,7.97,16.64,36.75,27.95,69.72,3.0,1235.0,5.0,1.0,1.0,3.0,high
stu_08009,class_010,73.88,33.81,63.33,73.34,53.5,31.9,70.75,0.0,600.0,3.0,0.0,0.0,3.0,medium
stu_08010,class_008,85.47,71.44,29.83,24.71,67.16,100.0,24.08,,1606.0,7.0,4.0,11.0,5.0,low
stu_08011,class_029,86.31,91.5,94.13,96.07,88.26,90.87,9.84,10.0,1913.0,8.0,5.0,14.0,0.0,low
stu_08012,class_006,86.79,94.15,86.57,,83.48,79.96,25.09,11.0,2143.0,9.0,5.0,15.0,0.0,low
stu_08013,class_032,47.42,47.31,45.6,,51.52,42.65,80.64,7.0,1304.0,6.0,2.0,12.0,1.0,medium
stu_08014,class_009,42.58,4.71,34.47,39.25,28.39,34.15,54.62,5.0,338.0,2.0,0.0,7.0,1.0,high
stu_08015,class_032,79.07,41.06,80.02,81.65,62.33,63.45,60.4,4.0,844.0,4.0,3.0,8.0,2.0,medium
stu_08016,class_012,55.13,22.84,53.97,55.83,43.52,35.49,61.72,5.0,487.0,2.0,0.0,6.0,5.0,high
stu_08017,class_015,49.29,50.26,100.0,99.28,62.28,40.8,27.36,6.0,1072.0,5.0,2.0,7.0,2.0,medium
stu_08018,class_016,53.67,65.13,61.5,55.57,60.48,69.6,46.62,0.0,1542.0,7.0,2.0,2.0,3.0,medium
stu_08019,class_016,74.23,93.17,53.53,41.78,70.69,32.96,33.46,10.0,1900.0,8.0,2.0,16.0,1.0,medium
stu_08020,class_039,50.15,39.13,44.48,38.63,46.98,63.59,107.95,9.0,817.0,4.0,2.0,0.0,2.0,medium
stu_08021,class_010,72.46,59.6,69.22,60.52,66.71,96.26,49.4,1.0,1247.0,5.0,1.0,1.0,0.0,medium
stu_08022,class_038,64.48,89.04,50.97,49.13,64.24,30.2,16.21,6.0,1831.0,8.0,2.0,7.0,2.0,medium
stu_08023,class_022,70.92,83.12,48.73,33.95,69.85,70.08,14.69,9.0,1815.0,8.0,2.0,14.0,2.0,medium
stu_08024,class_007,97.25,96.11,80.2,76.78,90.63,100.0,21.78,7.0,1754.0,8.0,5.0,6.0,0.0,low
stu_08025,class_012,79.68,89.46,77.71,79.8,82.38,77.33,13.9,12.0,1983.0,8.0,3.0,13.0,0.0,low
stu_08026,class_020,50.48,27.54,50.12,49.16,33.9,15.6,54.67,4.0,474.0,2.0,0.0,1.0,4.0,high
stu_08027,class_004,78.55,88.91,91.53,92.31,86.11,86.96,22.06,7.0,1995.0,8.0,4.0,14.0,1.0,low
stu_08028,class_035,45.88,43.71,31.85,24.18,44.9,71.74,34.57,8.0,1044.0,5.0,1.0,7.0,1.0,medium
stu_08029,class_010,54.42,59.4,53.23,38.67,52.46,57.17,35.5,3.0,1073.0,5.0,0.0,6.0,3.0,medium
stu_08030,class_018,58.29,3.09,35.01,30.11,27.52,29.57,27.48,0.0,268.0,2.0,1.0,0.0,4.0,high
stu_08031,class_035,79.52,47.75,96.78,91.47,76.0,59.6,62.4,6.0,1170.0,5.0,3.0,6.0,2.0,medium
stu_08032,class_004,86.0,94.63,47.12,41.61,71.51,48.77,41.54,7.0,1882.0,8.0,3.0,11.0,1.0,medium
stu_08033,class_027,89.68,72.47,75.06,81.94,76.69,29.38,20.49,3.0,1301.0,6.0,3.0,3.0,2.0,medium
stu_08034,class_008,96.82,74.89,68.26,72.4,81.89,96.63,30.29,6.0,1320.0,6.0,4.0,9.0,0.0,low
stu_08035,class_034,25.2,49.81,45.77,42.16,34.62,31.24,179.72,3.0,1077.0,5.0,1.0,1.0,4.0,high
stu_08036,class_001,93.86,75.34,89.46,88.21,86.17,68.12,28.13,10.0,1567.0,7.0,4.0,6.0,1.0,low
stu_08037,class_030,18.4,32.57,61.31,74.64,28.56,0.0,29.45,0.0,505.0,3.0,0.0,0.0,2.0,high
stu_08038,class_013,49.57,28.85,32.84,38.21,36.36,32.41,29.49,0.0,478.0,2.0,0.0,0.0,2.0,high
stu_08039,class_033,59.85,85.68,74.2,91.38,74.39,66.42,23.16,10.0,1746.0,7.0,2.0,10.0,1.0,medium
stu_08040,class_023,94.69,78.17,82.66,85.37,83.5,85.62,38.43,8.0,1718.0,7.0,4.0,9.0,0.0,low
stu_08041,class_028,80.72,68.57,73.91,60.96,79.36,82.61,13.9,10.0,1541.0,7.0,3.0,11.0,0.0,low
stu_08042,class_008,73.55,73.12,86.25,79.03,78.93,69.39,35.84,17.0,1945.0,8.0,3.0,0.0,0.0,low
stu_08043,class_021,66.77,66.96,61.05,55.57,64.92,47.8,96.51,4.0,1327.0,6.0,2.0,5.0,1.0,medium
stu_08044,class_028,84.78,85.3,65.26,70.8,80.89,82.69,28.84,13.0,1866.0,8.0,3.0,10.0,1.0,low
stu_08045,class_002,99.48,71.0,79.01,78.6,88.72,82.39,27.5,13.0,1603.0,7.0,3.0,22.0,0.0,low
stu_08046,class_025,59.13,29.48,37.02,35.99,48.83,55.58,39.77,10.0,901.0,4.0,2.0,11.0,2.0,medium
stu_08047,class_007,61.75,41.18,72.16,73.26,61.32,44.76,32.86,8.0,1223.0,5.0,2.0,12.0,0.0,medium
stu_08048,class_020,28.47,53.15,32.81,17.85,34.89,47.18,25.12,3.0,1108.0,5.0,1.0,4.0,3.0,high
stu_08049,class_021,100.0,76.8,100.0,100.0,95.11,73.38,9.58,18.0,1794.0,8.0,5.0,25.0,1.0,low
stu_08050,class_009,96.63,78.2,86.02,80.26,82.83,93.85,28.75,5.0,1496.0,6.0,4.0,6.0,0.0,low
stu_08051,class_007,34.84,26.59,44.97,39.6,29.86,34.73,45.77,1.0,598.0,3.0,0.0,0.0,1.0,high
stu_08052,class_007,82.57,66.76,34.98,34.53,63.96,27.22,46.39,4.0,1008.0,5.0,2.0,3.0,7.0,high
stu_08053,class_016,82.62,81.22,71.08,75.75,78.2,97.69,10.23,6.0,1702.0,7.0,3.0,9.0,1.0,low
stu_08054,class_014,76.28,56.39,70.32,69.41,62.62,50.73,37.48,4.0,1113.0,5.0,1.0,4.0,2.0,medium
stu_08055,class_039,73.47,80.35,78.52,77.27,74.35,65.35,30.5,7.0,1483.0,6.0,3.0,7.0,1.0,low
stu_08056,class_009,25.1,49.91,72.28,68.26,51.37,62.68,41.19,4.0,1038.0,5.0,1.0,8.0,0.0,medium
stu_08057,class_007,15.0,71.25,54.17,50.63,43.9,47.51,69.92,10.0,1546.0,7.0,3.0,12.0,1.0,medium
stu_08058,class_039,16.17,57.24,31.82,36.09,29.21,12.79,129.32,5.0,1057.0,5.0,1.0,10.0,3.0,high
stu_08059,class_029,86.33,74.12,88.49,92.99,83.75,81.09,24.16,13.0,1630.0,7.0,4.0,10.0,0.0,low
stu_08060,class_026,56.9,73.96,100.0,100.0,80.08,100.0,15.54,18.0,1826.0,8.0,4.0,34.0,1.0,low
stu_08061,class_017,93.79,79.17,77.55,77.2,81.13,59.94,15.17,13.0,1690.0,7.0,3.0,13.0,0.0,low
stu_08062,class_011,20.99,72.45,62.98,47.01,53.07,75.48,22.83,0.0,1391.0,6.0,2.0,3.0,2.0,medium
stu_08063,class_016,52.96,78.99,54.7,52.87,57.36,16.19,19.91,4.0,1526.0,7.0,2.0,7.0,0.0,medium
stu_08064,class_005,77.6,78.74,100.0,100.0,78.62,73.1,9.4,7.0,1855.0,8.0,3.0,12.0,0.0,low
stu_08065,class_012,85.5,95.34,89.88,87.61,80.39,45.18,19.9,0.0,2060.0,9.0,5.0,0.0,0.0,low
stu_08066,class_010,27.71,46.36,93.67,84.4,55.21,83.05,31.18,10.0,1672.0,7.0,3.0,22.0,2.0,low
stu_08067,class_016,43.35,51.87,82.92,86.3,50.74,42.32,78.1,5.0,1054.0,5.0,2.0,2.0,5.0,high
stu_08068,class_012,74.89,64.6,97.59,89.75,74.32,24.56,36.83,6.0,1214.0,5.0,2.0,14.0,3.0,medium
stu_08069,class_023,97.45,74.5,100.0,100.0,87.52,76.72,20.08,7.0,1441.0,6.0,5.0,7.0,0.0,low
stu_08070,class_037,22.0,1.16,38.65,36.5,21.47,38.08,80.57,4.0,197.0,1.0,1.0,8.0,3.0,high
stu_08071,class_002,28.01,43.18,81.38,81.86,57.88,78.51,28.68,9.0,1858.0,8.0,3.0,8.0,2.0,low
stu_08072,class_035,80.63,89.6,73.08,55.02,85.54,95.42,27.76,9.0,1670.0,7.0,4.0,6.0,0.0,low
stu_08073,class_036,74.98,53.91,57.44,65.13,64.52,63.71,36.9,8.0,1201.0,5.0,2.0,6.0,2.0,medium
stu_08074,class_040,74.17,99.27,91.43,92.76,89.73,87.46,19.48,8.0,1867.0,8.0,3.0,6.0,1.0,low
stu_08075,class_039,68.86,79.02,36.38,42.1,66.28,50.7,50.74,8.0,4721.0,18.0,10.0,29.0,4.0,medium
stu_08076,class_030,27.47,62.8,37.79,26.48,41.82,31.85,87.65,2.0,1099.0,5.0,1.0,0.0,3.0,high
stu_08077,class_038,,83.89,68.22,58.36,78.73,66.92,36.75,14.0,1905.0,8.0,2.0,20.0,2.0,low
stu_08078,class_008,88.69,86.64,100.0,99.77,88.75,82.45,13.99,6.0,1716.0,7.0,4.0,8.0,0.0,low
stu_08079,class_019,89.35,75.47,77.87,77.67,89.44,86.47,37.07,18.0,1807.0,8.0,3.0,16.0,0.0,low
stu_08080,class_039,25.76,38.92,39.85,37.57,33.84,18.14,21.65,4.0,907.0,4.0,1.0,5.0,3.0,high
stu_08081,class_019,96.04,86.62,89.89,87.3,94.57,78.29,41.35,6.0,2027.0,9.0,6.0,5.0,0.0,low
stu_08082,class_034,100.0,69.72,83.92,81.81,85.4,71.68,19.95,8.0,,7.0,4.0,8.0,0.0,low
stu_08083,class_036,68.0,51.29,88.57,87.52,70.89,71.88,28.82,2.0,1111.0,5.0,3.0,6.0,2.0,medium
stu_08084,class_021,75.0,87.97,79.97,70.13,81.34,77.79,14.9,14.0,1868.0,8.0,,16.0,0.0,low
stu_08085,class_010,81.62,92.87,78.78,80.14,78.91,59.89,15.22,5.0,1710.0,7.0,4.0,3.0,1.0,low
stu_08086,class_015,69.94,46.56,47.64,48.22,49.78,38.15,28.15,0.0,894.0,4.0,1.0,0.0,1.0,medium
stu_08087,class_007,96.3,92.47,84.37,82.14,89.71,75.1,17.87,14.0,1923.0,,5.0,20.0,0.0,low
stu_08088,class_018,85.48,60.71,61.39,58.89,68.55,61.57,56.0,3.0,1303.0,6.0,4.0,4.0,2.0,medium
stu_08089,class_037,25.16,36.11,39.04,41.91,32.91,26.18,58.59,4.0,678.0,3.0,2.0,8.0,3.0,high
stu_08090,class_024,92.31,73.72,92.46,95.67,91.7,85.98,11.3,15.0,1600.0,7.0,4.0,26.0,0.0,low
stu_08091,class_040,18.92,61.6,59.66,61.79,34.71,36.43,76.11,0.0,1020.0,5.0,1.0,0.0,2.0,high
stu_08092,class_039,32.3,52.59,30.85,18.48,34.02,17.39,84.78,4.0,1067.0,5.0,2.0,0.0,3.0,high
stu_08093,class_012,78.22,77.12,73.95,70.13,68.41,29.38,32.45,0.0,1951.0,8.0,3.0,0.0,1.0,low
stu_08094,class_020,71.82,100.0,91.68,87.77,86.59,66.37,51.61,14.0,2234.0,9.0,4.0,12.0,1.0,low
stu_08095,class_008,22.2,71.65,82.8,76.14,60.66,83.68,37.01,7.0,1863.0,8.0,5.0,13.0,1.0,low
stu_08096,class_015,29.21,49.98,91.32,93.5,48.95,32.45,16.32,3.0,758.0,4.0,2.0,3.0,1.0,medium
stu_08097,class_004,89.33,79.69,90.82,96.44,86.52,89.32,17.98,6.0,1662.0,7.0,4.0,10.0,0.0,low
stu_08098,class_031,75.28,68.03,71.71,64.42,73.71,85.14,25.52,6.0,1444.0,6.0,3.0,10.0,0.0,low
stu_08099,class_036,44.54,39.37,45.37,40.93,38.55,41.65,49.68,1.0,544.0,3.0,0.0,3.0,0.0,medium
stu_08100,class_020,12.84,6.69,64.8,72.14,27.33,40.33,51.21,3.0,309.0,2.0,0.0,3.0,1.0,high
stu_08101,class_020,26.2,40.48,49.63,40.24,39.9,41.8,23.98,1.0,865.0,4.0,2.0,2.0,6.0,high
stu_08102,class_033,71.12,47.5,51.99,45.98,56.49,78.37,36.0,4.0,992.0,4.0,1.0,7.0,0.0,medium
stu_08103,class_018,86.6,100.0,76.46,86.22,83.54,70.53,19.35,14.0,2195.0,9.0,4.0,0.0,0.0,low
stu_08104,class_011,57.78,33.58,50.11,40.26,50.18,51.95,110.53,6.0,785.0,4.0,1.0,4.0,3.0,medium
stu_08105,class_037,52.92,72.2,40.67,37.25,53.45,21.3,46.81,9.0,1637.0,7.0,2.0,10.0,2.0,medium
stu_08106,class_013,76.7,90.33,96.82,94.55,82.82,65.77,25.67,6.0,1814.0,8.0,3.0,8.0,0.0,low
stu_08107,class_023,86.14,69.09,63.52,59.8,76.51,86.94,31.41,5.0,1619.0,7.0,3.0,8.0,0.0,low
stu_08108,class_039,13.19,19.93,54.21,51.99,27.66,46.8,109.16,3.0,358.0,2.0,0.0,9.0,3.0,high
stu_08109,class_021,91.24,86.11,87.99,90.18,84.37,65.04,28.07,5.0,1961.0,8.0,6.0,6.0,0.0,low
stu_08110,class_023,74.61,79.75,71.82,71.17,79.06,82.28,37.12,15.0,1822.0,8.0,2.0,19.0,0.0,low
stu_08111,class_008,80.36,83.88,49.93,60.42,68.17,60.67,51.15,2.0,1618.0,7.0,4.0,3.0,1.0,medium
stu_08112,class_008,81.14,86.36,80.37,82.59,79.5,86.19,19.7,16.0,2081.0,9.0,5.0,15.0,0.0,low
stu_08113,class_009,99.77,58.18,88.91,83.72,85.45,71.87,21.44,6.0,1032.0,5.0,4.0,8.0,0.0,low
stu_08114,class_026,55.92,56.59,56.41,67.38,51.19,48.46,53.69,2.0,,5.0,1.0,4.0,1.0,medium
stu_08115,class_002,57.16,46.57,65.39,60.42,59.65,58.35,93.79,8.0,867.0,4.0,1.0,12.0,0.0,medium
stu_08116,class_030,71.59,92.68,77.03,67.23,68.52,32.62,13.26,0.0,1985.0,8.0,4.0,0.0,0.0,low
stu_08117,class_017,85.41,87.59,83.11,85.92,75.82,38.38,13.68,0.0,1682.0,7.0,4.0,0.0,1.0,low
stu_08118,class_029,75.98,78.85,,71.09,83.59,75.74,12.36,11.0,1852.0,8.0,3.0,16.0,0.0,low
stu_08119,class_027,82.17,61.77,83.33,90.64,77.79,71.7,20.37,16.0,1505.0,7.0,4.0,16.0,1.0,low
stu_08120,class_017,93.45,73.34,100.0,100.0,85.59,76.13,12.14,8.0,1485.0,6.0,5.0,15.0,1.0,low
stu_08121,class_009,45.18,30.96,59.89,49.32,49.27,61.04,51.97,6.0,857.0,4.0,1.0,10.0,0.0,medium
stu_08122,class_027,100.0,88.85,96.97,89.89,92.42,76.4,24.41,14.0,1867.0,8.0,0.0,20.0,1.0,low
stu_08123,class_021,85.12,54.7,78.14,83.05,70.62,61.62,37.64,7.0,,5.0,3.0,6.0,1.0,medium
stu_08124,class_038,83.21,80.61,82.54,76.18,87.11,95.66,17.67,15.0,1880.0,8.0,4.0,20.0,0.0,low
stu_08125,class_016,89.76,50.84,53.46,47.12,65.36,72.33,70.87,8.0,1254.0,6.0,2.0,7.0,3.0,medium
stu_08126,class_020,93.26,83.58,82.87,,89.88,75.93,26.71,11.0,1900.0,8.0,4.0,18.0,0.0,low
stu_08127,class_026,94.53,74.84,90.19,95.91,81.79,68.36,29.61,7.0,1719.0,7.0,4.0,9.0,0.0,low
stu_08128,class_024,81.04,69.21,74.61,59.79,70.47,68.02,26.66,8.0,1423.0,6.0,3.0,12.0,0.0,low
stu_08129,class_025,84.97,62.86,55.73,70.0,74.68,77.55,50.49,8.0,1062.0,5.0,1.0,7.0,6.0,medium
stu_08130,class_019,83.52,80.34,78.78,67.72,79.89,88.11,13.82,15.0,2057.0,9.0,5.0,24.0,0.0,low
stu_08131,class_036,96.26,93.89,78.09,85.71,87.52,70.92,21.58,17.0,2070.0,9.0,4.0,17.0,1.0,low
stu_08132,class_007,31.17,46.1,47.74,47.03,39.6,40.22,92.42,0.0,1008.0,5.0,1.0,0.0,5.0,high
stu_08133,class_025,77.86,84.02,75.58,85.95,78.17,72.19,17.37,8.0,1807.0,8.0,3.0,5.0,0.0,low
stu_08134,class_036,40.99,95.61,67.95,71.22,62.12,49.19,34.07,9.0,1782.0,8.0,2.0,8.0,3.0,medium
stu_08135,class_020,52.89,51.05,55.44,43.36,49.96,40.49,33.71,1.0,1011.0,5.0,1.0,0.0,0.0,medium
stu_08136,class_007,66.81,10.0,80.94,88.72,48.71,31.98,62.77,0.0,373.0,,2.0,0.0,3.0,medium
stu_08137,class_031,76.09,70.44,52.17,55.72,70.82,97.23,25.77,9.0,1779.0,8.0,3.0,17.0,3.0,medium
stu_08138,class_017,64.6,75.99,33.97,44.7,58.74,55.12,30.53,10.0,1495.0,6.0,3.0,6.0,1.0,medium
stu_08139,class_008,88.7,78.66,91.41,93.62,87.48,89.92,35.6,15.0,1911.0,8.0,4.0,10.0,1.0,low
stu_08140,class_008,73.07,98.72,88.33,91.22,81.55,71.83,12.27,11.0,2053.0,9.0,4.0,14.0,0.0,low
stu_08141,class_031,36.04,44.31,44.31,35.79,42.6,23.97,66.57,2.0,895.0,4.0,0.0,3.0,3.0,high
stu_08142,class_006,79.32,86.87,86.83,93.24,86.89,77.95,36.26,11.0,1912.0,8.0,3.0,16.0,0.0,low
stu_08143,class_036,75.72,87.3,91.14,78.43,82.19,59.06,32.81,14.0,1931.0,8.0,4.0,18.0,0.0,low
stu_08144,class_016,41.62,16.24,57.41,52.84,40.58,6.29,35.0,7.0,544.0,3.0,0.0,10.0,1.0,medium
stu_08145,class_010,81.8,95.28,84.1,77.61,85.08,83.09,12.82,14.0,1951.0,8.0,6.0,19.0,,low
stu_08146,class_021,79.02,93.08,81.52,73.08,80.27,90.02,19.86,16.0,2160.0,9.0,4.0,13.0,1.0,low
stu_08147,class_007,56.49,36.2,56.0,53.05,55.64,80.25,54.65,10.0,1207.0,5.0,1.0,12.0,3.0,medium
stu_08148,class_036,81.2,97.09,84.26,95.5,89.7,90.44,21.3,9.0,0.0,9.0,5.0,9.0,0.0,low
stu_08149,class_034,80.14,93.38,100.0,93.13,86.23,88.47,20.2,6.0,1890.0,8.0,5.0,10.0,0.0,low
stu_08150,class_015,87.04,84.15,84.28,85.15,84.82,62.51,15.31,11.0,1761.0,8.0,4.0,11.0,0.0,low
stu_08151,class_038,76.63,63.77,59.57,56.02,60.76,39.85,45.45,0.0,1452.0,6.0,3.0,0.0,0.0,medium
stu_08152,class_002,92.18,80.0,76.43,84.51,85.11,100.0,19.26,5.0,1548.0,7.0,4.0,7.0,0.0,low
stu_08153,class_019,80.85,87.07,94.5,90.45,86.67,66.47,24.89,16.0,1960.0,8.0,5.0,14.0,0.0,low
stu_08154,class_024,91.45,96.05,76.93,73.32,91.04,88.62,18.84,10.0,1935.0,8.0,3.0,8.0,0.0,low
stu_08155,class_011,54.38,6.26,4.92,10.78,27.14,8.86,92.47,1.0,88.0,1.0,0.0,0.0,1.0,high
stu_08156,class_011,57.41,50.24,76.36,80.94,61.05,62.08,77.31,8.0,1125.0,5.0,2.0,13.0,2.0,medium
stu_08157,class_028,82.27,82.1,79.72,77.37,80.57,74.19,25.17,13.0,1830.0,8.0,3.0,21.0,0.0,low
stu_08158,class_010,34.47,42.49,29.13,36.45,35.76,26.75,60.92,0.0,767.0,4.0,1.0,1.0,2.0,high
stu_08159,class_015,17.46,90.0,92.88,84.35,65.74,76.13,27.96,12.0,1775.0,8.0,4.0,13.0,0.0,low
stu_08160,class_017,8.91,43.39,29.64,24.41,29.13,11.16,88.36,5.0,985.0,4.0,2.0,4.0,5.0,high
stu_08161,class_012,86.63,84.01,84.75,81.19,86.35,87.17,17.53,13.0,1900.0,8.0,5.0,18.0,0.0,low
stu_08162,class_024,87.74,70.65,33.88,29.31,65.25,80.85,21.44,5.0,1414.0,,5.0,3.0,5.0,low
stu_08163,class_023,89.36,42.73,33.54,37.76,56.49,31.71,19.81,0.0,828.0,4.0,3.0,11.0,5.0,medium
stu_08164,class_014,99.85,91.64,93.81,82.71,96.45,85.99,28.1,17.0,2102.0,9.0,5.0,33.0,1.0,low
stu_08165,class_039,88.58,88.85,89.44,100.0,85.4,81.19,33.38,5.0,1696.0,7.0,5.0,10.0,0.0,low
stu_08166,class_024,75.18,52.99,71.82,68.07,71.72,63.7,76.45,7.0,1011.0,5.0,1.0,0.0,0.0,medium
stu_08167,class_008,83.33,69.74,38.4,36.79,62.66,53.05,38.36,4.0,1579.0,7.0,3.0,3.0,4.0,medium
stu_08168,class_040,77.88,66.24,70.1,64.73,74.99,76.98,23.28,10.0,1305.0,6.0,2.0,16.0,3.0,medium
stu_08169,class_017,87.7,86.7,37.47,36.07,71.46,68.09,19.22,6.0,1499.0,6.0,4.0,12.0,6.0,low
stu_08170,class_006,59.74,54.71,63.36,63.29,58.69,54.82,56.2,8.0,1397.0,6.0,2.0,12.0,2.0,medium
stu_08171,class_034,85.02,85.82,96.34,100.0,85.26,80.93,32.5,17.0,1967.0,8.0,6.0,23.0,1.0,low
stu_08172,class_021,57.07,,34.81,48.86,43.91,35.52,82.94,3.0,1189.0,5.0,2.0,8.0,6.0,high
stu_08173,class_015,33.31,2.44,24.88,33.77,17.75,2.25,49.81,1.0,0.0,1.0,1.0,0.0,1.0,high
stu_08174,class_009,5.72,33.3,20.03,16.97,21.98,28.61,101.38,1.0,642.0,3.0,0.0,0.0,3.0,high
stu_08175,class_015,88.7,77.4,81.68,81.46,86.98,81.42,15.85,6.0,0.0,7.0,4.0,5.0,0.0,low
stu_08176,class_026,73.2,77.43,81.16,82.72,79.52,73.91,16.75,16.0,1806.0,8.0,3.0,13.0,0.0,low
stu_08177,class_009,57.37,71.85,16.72,6.03,50.53,18.96,30.14,8.0,1593.0,7.0,3.0,7.0,0.0,medium
stu_08178,class_019,80.45,58.55,63.86,67.48,65.95,59.82,26.04,7.0,1362.0,6.0,4.0,6.0,3.0,medium
stu_08179,class_020,89.3,89.47,75.58,80.83,84.41,77.4,24.6,11.0,1848.0,8.0,3.0,17.0,0.0,low
stu_08180,class_014,17.86,0.0,51.14,46.35,15.67,4.42,93.52,3.0,0.0,2.0,0.0,5.0,5.0,high
stu_08181,class_028,83.01,65.29,82.17,96.97,80.03,76.74,15.1,18.0,1199.0,5.0,3.0,16.0,0.0,low
stu_08182,class_018,89.18,72.54,69.2,72.01,81.94,72.65,17.52,12.0,1465.0,6.0,3.0,20.0,0.0,low
stu_08183,class_028,100.0,77.61,80.69,97.3,86.06,75.52,17.1,12.0,1973.0,8.0,5.0,9.0,0.0,low
stu_08184,class_016,97.72,65.42,28.35,35.05,70.81,98.54,22.69,12.0,1608.0,7.0,3.0,15.0,5.0,low
stu_08185,class_016,85.99,72.28,100.0,100.0,85.75,92.38,25.75,5.0,1575.0,7.0,5.0,3.0,0.0,low
stu_08186,class_037,69.96,40.38,41.49,45.42,54.11,42.25,69.64,5.0,1080.0,5.0,1.0,10.0,2.0,high
stu_08187,class_003,44.38,87.2,87.66,82.21,74.81,87.99,22.02,11.0,2180.0,9.0,5.0,17.0,0.0,low
stu_08188,class_001,92.0,80.29,98.9,100.0,85.12,38.12,14.04,0.0,1615.0,7.0,4.0,0.0,1.0,low
stu_08189,class_001,93.56,78.78,73.0,73.5,83.26,85.05,20.66,12.0,1913.0,8.0,3.0,12.0,0.0,low
stu_08190,class_017,80.63,59.26,76.21,81.12,75.49,81.44,20.79,17.0,1697.0,7.0,3.0,26.0,0.0,low
stu_08191,class_038,80.34,65.88,88.99,87.57,81.94,98.55,23.54,16.0,1499.0,6.0,4.0,27.0,0.0,low
stu_08192,class_018,72.86,86.16,91.19,80.84,81.86,54.76,27.55,0.0,1882.0,8.0,3.0,0.0,2.0,low
stu_08193,class_018,0.0,17.31,28.07,33.17,18.67,50.34,58.83,0.0,292.0,2.0,1.0,0.0,1.0,high
stu_08194,class_034,99.53,77.82,81.1,72.68,87.21,53.86,25.47,18.0,2019.0,9.0,5.0,21.0,0.0,low
stu_08195,class_022,18.04,34.18,42.0,39.01,36.81,47.11,75.87,5.0,677.0,3.0,1.0,6.0,3.0,high
stu_08196,class_024,49.85,38.27,82.59,71.81,51.87,65.46,28.54,1.0,932.0,4.0,2.0,4.0,3.0,medium
stu_08197,class_039,64.8,48.56,72.46,67.42,61.96,60.5,35.21,8.0,1057.0,5.0,1.0,8.0,1.0,medium
stu_08198,class_026,84.26,99.58,73.52,66.6,78.0,56.58,10.8,4.0,1867.0,8.0,3.0,4.0,2.0,medium
stu_08199,class_019,81.68,92.15,99.59,90.75,89.95,93.0,16.61,18.0,2369.0,10.0,5.0,31.0,0.0,low
stu_08200,class_040,9.44,0.0,40.88,48.16,22.62,28.25,38.6,5.0,159.0,1.0,1.0,5.0,6.0,high
stu_08201,class_028,93.65,86.75,74.14,66.06,88.23,86.36,17.45,8.0,1664.0,7.0,4.0,6.0,1.0,low
stu_08202,class_029,64.36,47.72,49.49,47.31,56.73,54.11,73.38,8.0,1034.0,5.0,1.0,9.0,2.0,medium
stu_08203,class_030,47.85,34.63,41.36,35.5,35.15,9.99,26.55,0.0,489.0,2.0,0.0,0.0,4.0,high
stu_08204,class_037,77.6,18.75,72.72,66.77,58.99,26.85,51.19,10.0,583.0,3.0,0.0,5.0,1.0,medium
stu_08205,class_017,56.57,68.72,69.46,66.39,59.06,41.28,24.26,2.0,1245.0,5.0,1.0,3.0,3.0,medium
stu_08206,class_023,73.66,84.13,93.37,94.9,85.45,91.2,21.81,13.0,1671.0,7.0,4.0,9.0,0.0,low
stu_08207,class_009,86.75,90.7,93.57,90.67,89.21,79.13,25.44,11.0,1859.0,8.0,4.0,12.0,0.0,low
stu_08208,class_022,90.47,91.94,92.2,93.33,86.51,83.15,15.36,7.0,1803.0,8.0,4.0,7.0,0.0,low
stu_08209,class_005,90.0,19.19,62.48,78.86,54.05,27.45,50.94,5.0,461.0,2.0,1.0,5.0,5.0,high
stu_08210,class_035,38.01,100.0,46.57,58.07,65.14,66.38,50.27,10.0,2057.0,9.0,4.0,9.0,4.0,medium
stu_08211,class_030,24.1,43.5,24.88,22.99,25.35,31.45,106.95,1.0,724.0,3.0,1.0,1.0,4.0,high
stu_08212,class_019,58.87,76.55,76.83,66.64,63.09,32.68,51.17,0.0,1449.0,6.0,2.0,0.0,4.0,high
stu_08213,class_012,66.93,68.25,46.66,66.3,54.3,20.83,71.17,0.0,1178.0,5.0,2.0,0.0,4.0,medium
stu_08214,class_015,26.79,58.73,58.23,76.75,43.79,26.2,42.59,1.0,1045.0,5.0,2.0,0.0,3.0,high
stu_08215,class_015,64.31,57.46,50.68,61.49,64.77,68.23,52.75,8.0,1229.0,5.0,2.0,11.0,0.0,medium
stu_08216,class_013,70.44,5.23,0.0,0.0,27.2,6.36,42.04,3.0,238.0,1.0,1.0,6.0,8.0,high
stu_08217,class_030,75.46,75.55,89.13,86.2,81.53,79.82,15.93,15.0,1900.0,8.0,3.0,15.0,0.0,low
stu_08218,class_004,30.74,,42.89,50.89,44.74,55.15,93.62,1.0,1194.0,5.0,2.0,3.0,4.0,high
stu_08219,class_008,18.35,71.33,82.52,72.81,57.43,100.0,25.82,9.0,2005.0,9.0,5.0,9.0,0.0,low
stu_08220,class_014,87.23,81.61,76.3,76.45,78.76,71.94,18.39,6.0,1662.0,7.0,3.0,8.0,0.0,low
stu_08221,class_030,33.53,19.6,23.1,34.19,26.3,33.91,80.99,0.0,36.0,1.0,0.0,0.0,3.0,high
stu_08222,class_008,44.1,41.15,36.72,42.8,40.37,39.89,25.3,4.0,780.0,4.0,,7.0,8.0,high
stu_08223,class_014,96.26,82.22,76.01,83.38,86.58,82.94,20.94,17.0,2335.0,10.0,4.0,26.0,1.0,low
stu_08224,class_016,76.3,84.9,87.31,96.28,77.72,67.35,12.82,14.0,2066.0,9.0,4.0,12.0,0.0,low
stu_08225,class_032,73.8,56.41,79.01,67.89,68.45,46.43,30.06,1.0,998.0,4.0,2.0,0.0,1.0,medium
stu_08226,class_036,80.87,86.54,99.7,96.28,75.77,42.1,28.45,0.0,1751.0,8.0,4.0,0.0,2.0,low
stu_08227,class_035,100.0,89.49,71.87,66.47,89.0,91.53,11.53,12.0,1786.0,8.0,4.0,7.0,0.0,low
stu_08228,class_008,80.78,85.78,80.63,92.54,84.5,81.52,25.48,13.0,1931.0,8.0,4.0,21.0,0.0,low
stu_08229,class_038,43.87,22.67,21.37,20.59,27.32,0.0,103.28,1.0,427.0,2.0,0.0,4.0,4.0,high
stu_08230,class_020,49.12,46.15,19.31,27.78,33.31,1.72,124.08,0.0,1036.0,5.0,1.0,0.0,4.0,high
stu_08231,class_032,64.3,84.06,94.0,88.46,67.55,29.84,23.65,0.0,1727.0,7.0,3.0,0.0,0.0,low
stu_08232,class_024,76.23,87.91,83.88,79.65,85.04,89.38,47.05,9.0,1846.0,8.0,3.0,14.0,1.0,low
stu_08233,class_015,90.96,81.24,86.39,74.17,84.76,71.74,26.39,15.0,1743.0,7.0,4.0,20.0,0.0,low
stu_08234,class_030,60.32,71.55,76.91,76.77,71.78,74.11,29.0,13.0,1581.0,7.0,3.0,19.0,1.0,low
stu_08235,class_013,83.25,75.59,82.8,75.68,79.82,82.64,32.97,8.0,1438.0,6.0,5.0,8.0,1.0,low
stu_08236,class_038,24.14,57.28,49.06,48.37,43.78,54.34,39.9,7.0,1200.0,5.0,1.0,9.0,1.0,medium
stu_08237,class_011,62.23,59.73,39.3,33.19,55.84,85.81,35.02,7.0,1326.0,6.0,3.0,3.0,2.0,medium
stu_08238,class_014,84.6,91.76,73.67,72.99,85.36,81.82,19.95,18.0,2318.0,10.0,4.0,26.0,0.0,low
stu_08239,class_021,63.27,67.67,87.71,86.04,70.84,64.66,72.17,1.0,1188.0,5.0,3.0,4.0,2.0,medium
stu_08240,class_012,82.09,98.93,93.68,95.13,77.38,29.86,25.8,0.0,2201.0,9.0,5.0,0.0,0.0,low
stu_08241,class_003,22.72,27.71,25.6,40.0,25.96,40.71,45.15,4.0,666.0,3.0,1.0,4.0,4.0,high
stu_08242,class_012,35.46,48.27,47.4,49.46,38.07,10.28,43.75,1.0,674.0,3.0,1.0,0.0,5.0,high
stu_08243,class_003,84.69,68.92,81.33,73.03,80.81,69.89,18.39,13.0,1553.0,7.0,5.0,16.0,0.0,low
stu_08244,class_024,26.2,70.88,95.17,73.84,60.79,80.25,26.65,7.0,1794.0,8.0,3.0,6.0,1.0,low
stu_08245,class_037,76.04,85.18,77.42,72.44,80.86,76.3,18.16,13.0,2013.0,9.0,3.0,18.0,0.0,low
stu_08246,class_011,0.0,0.0,59.0,57.98,15.52,,47.09,0.0,187.0,1.0,,0.0,1.0,high
stu_08247,class_010,63.34,33.26,81.41,87.97,56.93,36.02,30.65,2.0,635.0,3.0,2.0,3.0,2.0,medium
stu_08248,class_034,96.06,67.91,77.24,65.62,87.76,89.33,34.8,14.0,1643.0,7.0,3.0,17.0,0.0,low
stu_08249,class_033,75.63,78.5,95.05,100.0,82.01,81.26,26.06,10.0,1530.0,7.0,4.0,19.0,0.0,low
stu_08250,class_037,90.67,94.52,73.99,63.13,90.0,65.61,26.82,15.0,2096.0,9.0,5.0,20.0,0.0,low
stu_08251,class_031,97.77,37.09,71.28,68.59,66.72,62.59,43.83,5.0,1096.0,5.0,2.0,5.0,0.0,medium
stu_08252,class_034,74.0,62.32,75.39,54.66,68.45,60.9,57.65,6.0,1179.0,5.0,2.0,6.0,2.0,medium
stu_08253,class_035,55.39,33.28,38.77,38.26,48.39,63.25,41.07,5.0,699.0,3.0,2.0,12.0,2.0,medium
stu_08254,class_014,61.68,23.93,18.67,33.36,36.89,60.33,52.78,1.0,,3.0,0.0,0.0,5.0,high
stu_08255,class_028,85.59,65.97,31.23,31.88,64.47,96.21,18.44,3.0,907.0,4.0,3.0,4.0,3.0,medium
stu_08256,class_011,88.93,100.0,88.1,90.11,94.18,81.53,16.12,10.0,1980.0,8.0,6.0,12.0,1.0,low
stu_08257,class_032,30.77,49.05,93.01,89.58,59.65,100.0,17.75,13.0,1938.0,8.0,4.0,18.0,1.0,low
stu_08258,class_004,51.75,36.1,64.73,56.76,50.33,58.83,34.64,1.0,490.0,2.0,0.0,1.0,0.0,medium
stu_08259,class_030,91.42,79.11,48.34,62.31,71.56,50.52,21.58,3.0,1085.0,5.0,2.0,3.0,0.0,high
stu_08260,class_035,66.96,65.81,62.01,60.88,61.37,45.61,52.12,6.0,1215.0,5.0,1.0,7.0,2.0,medium
stu_08261,class_025,19.33,45.32,29.3,30.85,33.28,40.8,155.55,5.0,777.0,4.0,1.0,3.0,2.0,high
stu_08262,class_035,27.95,8.47,48.78,44.21,28.69,13.62,82.68,5.0,303.0,2.0,0.0,3.0,1.0,high
stu_08263,class_039,97.45,79.57,100.0,98.11,87.53,88.1,34.64,6.0,1659.0,7.0,4.0,5.0,0.0,low
stu_08264,class_004,,87.12,78.77,82.77,88.02,84.57,27.84,6.0,1749.0,7.0,4.0,6.0,0.0,low
stu_08265,class_016,87.28,80.58,79.24,67.66,81.26,60.46,29.46,10.0,1687.0,7.0,4.0,14.0,0.0,low
stu_08266,class_038,39.39,11.06,35.99,27.76,26.47,46.68,81.55,1.0,141.0,1.0,0.0,0.0,2.0,high
stu_08267,class_039,59.37,30.88,57.29,41.84,53.13,41.41,,4.0,946.0,4.0,2.0,4.0,5.0,medium
stu_08268,class_003,21.75,22.89,22.64,25.96,21.02,6.54,41.85,2.0,415.0,2.0,0.0,3.0,2.0,high
stu_08269,class_004,28.13,43.22,36.12,31.39,33.56,49.39,33.77,2.0,789.0,4.0,1.0,2.0,4.0,high
stu_08270,class_007,9.18,0.0,53.45,60.72,20.27,35.7,133.86,2.0,215.0,1.0,0.0,1.0,3.0,high
stu_08271,class_023,0.0,47.16,57.25,63.93,25.49,41.3,34.93,0.0,0.0,5.0,1.0,1.0,3.0,high
stu_08272,class_031,87.74,78.46,76.89,75.35,81.2,75.05,24.36,0.0,1864.0,8.0,3.0,23.0,1.0,low
stu_08273,class_015,82.62,79.86,90.16,76.76,82.42,66.25,33.32,14.0,1948.0,8.0,4.0,20.0,0.0,low
stu_08274,class_034,0.0,51.44,32.29,30.12,25.29,42.51,161.52,5.0,1082.0,5.0,2.0,3.0,4.0,high
stu_08275,class_023,37.99,39.46,55.62,55.29,35.39,16.97,37.97,0.0,801.0,4.0,1.0,0.0,5.0,high
stu_08276,class_035,76.74,100.0,61.49,61.13,68.04,42.2,20.99,3.0,2049.0,9.0,3.0,4.0,2.0,medium
stu_08277,class_038,79.31,70.12,81.6,78.36,80.38,78.44,26.39,16.0,1697.0,7.0,4.0,19.0,1.0,low
stu_08278,class_003,85.96,46.71,88.99,95.17,77.76,74.23,12.76,10.0,982.0,4.0,4.0,6.0,0.0,low
stu_08279,class_007,,62.54,49.2,41.74,65.15,56.02,34.59,9.0,1501.0,7.0,3.0,18.0,2.0,medium
stu_08280,class_014,70.36,29.52,38.3,25.72,51.39,56.78,55.37,5.0,562.0,3.0,0.0,7.0,2.0,medium
stu_08281,class_010,63.36,80.55,80.83,80.25,79.36,91.67,30.82,11.0,1655.0,7.0,4.0,16.0,0.0,low
stu_08282,class_019,85.38,87.98,62.82,67.85,77.36,34.84,,10.0,1995.0,8.0,4.0,12.0,2.0,medium
stu_08283,class_003,50.52,87.08,100.0,96.02,67.3,36.59,54.54,6.0,1820.0,8.0,3.0,3.0,1.0,medium
stu_08284,class_016,68.92,86.04,81.84,91.74,76.51,75.24,17.04,16.0,2096.0,9.0,5.0,20.0,2.0,low
stu_08285,class_024,53.97,39.86,75.12,81.07,56.07,69.13,42.79,2.0,708.0,3.0,2.0,2.0,2.0,medium
stu_08286,class_029,100.0,84.05,85.82,79.75,94.56,100.0,10.59,16.0,1822.0,8.0,4.0,23.0,0.0,low
stu_08287,class_018,83.38,43.67,34.35,30.31,56.59,65.72,38.88,4.0,958.0,4.0,2.0,2.0,6.0,medium
stu_08288,class_025,36.6,16.47,36.67,28.14,30.87,35.91,136.58,0.0,366.0,2.0,0.0,0.0,3.0,high
stu_08289,class_035,30.96,27.67,73.61,68.11,44.47,56.99,38.14,5.0,445.0,2.0,0.0,7.0,4.0,high
stu_08290,class_004,97.38,86.97,85.63,91.32,94.17,76.23,32.81,17.0,2159.0,9.0,5.0,22.0,0.0,low
stu_08291,class_020,91.01,75.9,86.56,93.8,83.33,60.94,22.5,8.0,1632.0,7.0,5.0,10.0,0.0,low
stu_08292,class_011,52.99,21.9,2.18,,25.37,25.19,128.61,2.0,362.0,2.0,0.0,2.0,3.0,high
stu_08293,class_011,67.62,65.75,49.78,46.46,55.38,39.95,47.34,1.0,1113.0,,1.0,0.0,2.0,medium
stu_08294,class_030,81.77,86.59,94.07,87.55,82.99,72.31,21.02,18.0,1979.0,8.0,6.0,26.0,1.0,low
stu_08295,class_004,69.83,52.95,74.22,72.0,68.62,72.31,40.56,9.0,1431.0,6.0,2.0,9.0,2.0,medium
stu_08296,class_028,91.14,71.52,75.11,84.63,78.51,85.14,46.5,17.0,1618.0,7.0,3.0,10.0,1.0,low
stu_08297,class_037,76.75,88.24,70.86,76.31,78.3,76.22,22.62,7.0,1682.0,7.0,3.0,8.0,0.0,low
stu_08298,class_002,84.79,69.14,95.18,99.28,77.93,63.22,32.76,5.0,1337.0,6.0,4.0,5.0,1.0,low
stu_08299,class_026,50.81,23.74,76.81,83.56,45.08,17.99,42.0,7.0,725.0,3.0,1.0,9.0,3.0,medium
stu_08300,class_034,35.8,29.68,0.0,0.0,22.05,14.11,47.12,1.0,549.0,3.0,0.0,0.0,3.0,high
stu_08301,class_021,87.31,90.18,70.91,75.7,80.29,79.05,27.27,6.0,2109.0,9.0,4.0,3.0,1.0,low
stu_08302,class_038,89.44,93.14,93.67,82.23,98.14,94.23,16.69,15.0,1913.0,8.0,4.0,15.0,0.0,low
stu_08303,class_031,39.16,65.33,49.83,50.86,49.21,38.48,36.95,2.0,1288.0,6.0,2.0,0.0,2.0,high
stu_08304,class_037,67.06,73.42,73.96,65.32,71.81,94.48,23.99,14.0,0.0,7.0,3.0,20.0,0.0,low
stu_08305,class_013,64.8,58.78,46.2,49.75,60.83,86.3,75.47,10.0,1312.0,6.0,2.0,10.0,4.0,medium
stu_08306,class_023,67.7,74.34,100.0,100.0,73.34,43.02,41.92,4.0,1418.0,6.0,3.0,4.0,3.0,medium
stu_08307,class_032,75.08,57.28,46.11,33.1,61.27,57.34,38.61,7.0,1110.0,5.0,2.0,10.0,0.0,medium
stu_08308,class_013,71.14,60.68,53.94,60.36,54.85,18.61,30.64,0.0,1406.0,6.0,3.0,0.0,1.0,medium
stu_08309,class_038,87.59,79.76,77.65,66.75,81.94,74.9,25.51,,1517.0,7.0,3.0,8.0,1.0,low
stu_08310,class_024,100.0,81.41,77.08,88.15,91.89,70.76,28.5,15.0,1774.0,8.0,3.0,16.0,1.0,low
stu_08311,class_003,77.17,56.29,,45.26,61.45,44.77,20.5,9.0,1210.0,5.0,0.0,12.0,1.0,medium
stu_08312,class_027,65.04,62.77,52.15,52.8,54.74,50.44,40.36,5.0,1182.0,5.0,1.0,3.0,1.0,medium
stu_08313,class_023,40.98,50.08,66.33,79.84,50.77,78.59,24.74,6.0,5276.0,21.0,9.0,22.0,2.0,medium
stu_08314,class_018,51.99,66.06,88.42,81.35,58.73,22.04,20.29,0.0,1218.0,5.0,2.0,0.0,2.0,medium
stu_08315,class_001,82.02,79.59,81.34,75.19,75.69,43.11,29.32,0.0,1477.0,6.0,0.0,0.0,0.0,low
stu_08316,class_005,94.16,87.53,93.5,89.53,92.5,83.24,17.9,15.0,1832.0,8.0,5.0,11.0,0.0,low
stu_08317,class_022,30.95,80.91,78.86,85.64,65.56,70.6,20.51,9.0,1451.0,6.0,2.0,7.0,2.0,medium
stu_08318,class_016,95.0,55.3,48.3,40.4,63.15,52.25,23.83,5.0,1328.0,6.0,3.0,1.0,1.0,medium
stu_08319,class_035,50.09,58.89,55.05,60.6,55.99,45.65,18.51,7.0,1573.0,7.0,3.0,6.0,3.0,medium
stu_08320,class_005,72.84,86.91,79.84,75.0,77.87,61.4,19.06,9.0,1911.0,8.0,3.0,11.0,0.0,low
stu_08321,class_033,98.5,88.47,71.62,65.12,85.8,62.83,19.51,12.0,2161.0,9.0,4.0,11.0,0.0,low
stu_08322,class_037,31.36,35.22,36.87,35.09,35.56,53.94,31.65,5.0,803.0,4.0,2.0,9.0,5.0,high
stu_08323,class_036,78.99,51.28,95.68,94.58,81.21,98.02,22.55,8.0,1205.0,5.0,2.0,5.0,2.0,low
stu_08324,class_019,56.57,17.71,81.83,76.62,60.96,64.27,85.13,5.0,387.0,2.0,2.0,9.0,1.0,high
stu_08325,class_017,83.55,71.71,80.03,90.3,82.61,100.0,24.97,12.0,1360.0,6.0,4.0,12.0,1.0,low
stu_08326,class_037,0.0,42.37,8.42,15.21,16.11,32.22,28.54,4.0,847.0,4.0,1.0,3.0,2.0,high
stu_08327,class_017,17.15,26.05,85.41,82.21,38.61,41.99,73.73,1.0,1038.0,5.0,1.0,1.0,1.0,high
stu_08328,class_006,65.34,49.44,58.14,53.71,59.27,56.17,62.2,0.0,1322.0,6.0,2.0,0.0,2.0,medium
stu_08329,class_033,55.75,62.43,67.36,71.68,57.77,61.35,40.39,2.0,1328.0,6.0,2.0,0.0,2.0,medium
stu_08330,class_010,22.91,41.23,32.73,37.48,30.33,40.92,50.87,2.0,794.0,4.0,2.0,1.0,2.0,high
stu_08331,class_026,84.01,75.81,100.0,98.27,86.83,86.0,26.22,14.0,1770.0,8.0,5.0,18.0,0.0,low
stu_08332,class_035,83.3,78.75,66.54,60.89,76.8,84.74,17.06,8.0,1494.0,6.0,3.0,8.0,0.0,low
stu_08333,class_009,56.53,65.07,53.8,52.24,51.05,27.67,24.47,0.0,1317.0,6.0,3.0,0.0,0.0,medium
stu_08334,class_039,64.34,40.59,67.67,79.92,58.33,55.11,32.67,8.0,1102.0,5.0,1.0,10.0,2.0,medium
stu_08335,class_026,10.59,46.46,41.97,47.08,31.99,26.59,41.24,2.0,1004.0,5.0,1.0,1.0,4.0,high
stu_08336,class_036,88.75,55.53,74.48,78.21,74.88,47.32,27.64,6.0,1124.0,,3.0,8.0,2.0,medium
stu_08337,class_026,48.22,58.76,50.53,53.15,49.64,29.1,17.58,0.0,1231.0,5.0,0.0,6.0,2.0,medium
stu_08338,class_032,59.6,51.25,54.34,62.04,55.78,57.57,22.78,2.0,1011.0,5.0,1.0,2.0,0.0,medium
stu_08339,class_017,96.42,85.72,78.87,78.8,87.91,90.77,20.52,6.0,,7.0,4.0,9.0,2.0,low
stu_08340,class_027,80.27,89.55,45.84,42.97,68.87,37.2,75.45,5.0,1530.0,7.0,4.0,4.0,7.0,medium
stu_08341,class_035,14.08,52.15,0.0,0.0,21.4,25.97,100.55,1.0,1117.0,5.0,2.0,0.0,6.0,high
stu_08342,class_014,81.91,71.39,50.99,52.78,62.82,41.94,53.24,3.0,989.0,4.0,1.0,0.0,4.0,medium
stu_08343,class_030,52.73,63.1,83.43,99.01,61.54,55.0,59.12,5.0,1434.0,6.0,3.0,4.0,0.0,medium
stu_08344,class_037,70.92,52.0,39.04,61.2,52.92,74.22,26.62,5.0,5212.0,20.0,11.0,29.0,2.0,medium
stu_08345,class_026,86.96,93.84,86.71,82.92,84.57,65.71,33.28,,1783.0,8.0,4.0,6.0,1.0,low
stu_08346,class_011,34.68,55.58,67.48,59.95,43.84,37.42,47.18,1.0,1127.0,5.0,2.0,0.0,5.0,high
stu_08347,class_008,21.38,30.7,71.87,78.56,40.92,98.46,32.81,2.0,1031.0,5.0,1.0,3.0,2.0,medium
stu_08348,class_007,71.66,70.61,15.0,11.97,56.6,37.69,53.3,8.0,1572.0,7.0,2.0,8.0,0.0,medium
stu_08349,class_028,84.24,67.32,38.99,29.1,67.58,66.91,12.2,10.0,2141.0,9.0,5.0,7.0,7.0,low
stu_08350,class_033,8.57,35.9,29.57,21.55,26.17,29.77,32.29,4.0,849.0,4.0,1.0,4.0,2.0,high
stu_08351,class_035,9.13,29.67,10.66,4.59,20.26,30.34,37.93,3.0,789.0,4.0,1.0,1.0,3.0,high
stu_08352,class_039,31.59,72.96,47.92,68.45,53.07,85.62,39.59,8.0,1670.0,7.0,2.0,9.0,1.0,medium
stu_08353,class_016,88.41,87.43,83.0,88.73,90.32,85.84,14.76,0.0,1862.0,8.0,4.0,16.0,0.0,low
stu_08354,class_034,97.59,99.63,79.42,82.23,91.8,97.22,19.91,15.0,2149.0,9.0,4.0,30.0,0.0,low
stu_08355,class_037,,40.69,18.95,27.17,30.62,15.14,52.54,1.0,766.0,4.0,1.0,0.0,5.0,high
stu_08356,class_036,56.18,24.58,38.8,37.22,41.96,16.23,115.16,4.0,534.0,3.0,0.0,6.0,2.0,high
stu_08357,class_021,63.05,52.46,29.93,26.24,47.3,41.42,48.54,0.0,936.0,4.0,1.0,0.0,4.0,high
stu_08358,class_014,84.47,85.35,74.04,72.26,82.92,89.11,30.51,16.0,2071.0,9.0,5.0,30.0,0.0,low
stu_08359,class_040,70.36,52.31,88.48,85.94,63.18,30.03,32.11,0.0,1060.0,5.0,2.0,0.0,2.0,medium
stu_08360,class_037,72.62,85.96,58.37,53.43,65.94,56.72,45.85,2.0,1589.0,7.0,2.0,3.0,4.0,medium
stu_08361,class_037,70.89,76.02,58.38,63.5,64.48,55.51,28.9,5.0,1485.0,6.0,3.0,9.0,0.0,medium
stu_08362,class_028,60.03,63.91,89.99,85.3,63.32,5.0,16.37,9.0,1421.0,6.0,3.0,15.0,2.0,medium
stu_08363,class_037,89.45,59.07,49.03,58.09,66.46,33.58,45.14,10.0,1142.0,5.0,1.0,15.0,5.0,medium
stu_08364,class_035,73.99,73.12,72.77,79.08,65.11,41.5,28.95,1.0,1410.0,6.0,3.0,0.0,1.0,medium
stu_08365,class_025,78.42,94.29,98.76,100.0,94.64,88.99,35.04,17.0,2280.0,10.0,5.0,13.0,2.0,low
stu_08366,class_015,82.8,75.03,79.89,75.0,83.22,73.14,33.19,5.0,1455.0,6.0,3.0,3.0,0.0,low
stu_08367,class_014,46.47,72.88,66.1,57.72,56.89,65.69,24.28,7.0,1512.0,7.0,2.0,5.0,2.0,medium
stu_08368,class_008,76.5,80.57,80.56,91.96,79.46,72.9,35.66,14.0,1825.0,8.0,3.0,22.0,0.0,low
stu_08369,class_024,60.36,46.17,46.41,43.99,47.52,22.94,80.56,9.0,1327.0,6.0,2.0,6.0,3.0,medium
stu_08370,class_030,43.83,83.66,66.39,66.57,58.08,18.54,62.25,7.0,1643.0,7.0,2.0,9.0,1.0,medium
stu_08371,class_028,96.17,82.49,44.52,41.99,77.14,78.54,24.99,5.0,1136.0,5.0,3.0,6.0,7.0,low
stu_08372,class_021,80.17,73.17,74.89,64.43,80.56,96.48,30.78,6.0,1418.0,6.0,3.0,9.0,0.0,low
stu_08373,class_001,65.33,78.22,90.13,90.94,75.88,75.63,24.18,5.0,1625.0,7.0,3.0,3.0,0.0,low
stu_08374,class_028,65.11,72.92,93.8,87.55,71.28,90.29,53.22,5.0,1404.0,6.0,4.0,0.0,3.0,medium
stu_08375,class_013,77.2,71.93,48.84,43.06,69.1,53.08,35.85,4.0,1337.0,6.0,3.0,7.0,2.0,medium
stu_08376,class_004,80.89,41.46,29.84,23.67,55.36,95.72,30.9,1.0,724.0,3.0,2.0,0.0,3.0,medium
stu_08377,class_036,72.31,36.3,77.06,79.22,62.53,68.96,51.63,3.0,998.0,4.0,1.0,7.0,4.0,medium
stu_08378,class_018,82.19,68.68,93.68,89.39,81.15,68.18,21.55,18.0,1734.0,7.0,4.0,15.0,1.0,low
stu_08379,class_023,81.43,95.96,85.79,91.42,84.04,77.47,17.07,13.0,2194.0,9.0,6.0,13.0,0.0,low
stu_08380,class_005,64.64,79.77,92.13,84.85,82.42,96.12,30.77,12.0,1829.0,8.0,4.0,14.0,0.0,low
stu_08381,class_004,83.59,76.78,90.97,98.52,81.28,85.08,11.46,15.0,1745.0,7.0,4.0,17.0,0.0,low
stu_08382,class_001,74.68,41.41,46.51,35.25,49.76,35.26,50.09,3.0,1085.0,5.0,1.0,0.0,1.0,medium
stu_08383,class_019,91.07,69.75,91.37,81.2,86.62,81.26,21.51,7.0,1344.0,6.0,4.0,6.0,0.0,low
stu_08384,class_026,77.28,45.51,50.67,62.14,55.6,31.35,31.67,0.0,841.0,4.0,1.0,0.0,2.0,medium
stu_08385,class_019,88.12,77.07,79.85,72.95,84.69,73.23,23.01,10.0,1578.0,7.0,3.0,9.0,0.0,low
stu_08386,class_012,81.93,98.99,92.47,94.29,88.12,66.11,31.57,10.0,2167.0,9.0,5.0,14.0,0.0,low
stu_08387,class_022,95.18,97.39,94.44,89.48,89.11,66.11,23.54,5.0,2045.0,9.0,6.0,3.0,2.0,low
stu_08388,class_028,31.87,77.51,90.78,94.02,58.14,42.94,62.4,9.0,1802.0,8.0,3.0,4.0,1.0,medium
stu_08389,class_020,65.3,24.74,41.23,51.9,43.92,33.41,37.83,5.0,787.0,4.0,1.0,2.0,4.0,high
stu_08390,class_030,30.84,53.65,36.47,48.35,39.07,,283.72,4.0,1081.0,5.0,0.0,5.0,6.0,high
stu_08391,class_019,40.71,40.97,24.77,34.68,37.32,53.29,26.13,3.0,785.0,4.0,2.0,6.0,3.0,high
stu_08392,class_007,62.67,38.06,24.61,28.39,45.03,45.42,60.29,4.0,836.0,4.0,1.0,5.0,6.0,high
stu_08393,class_015,77.41,86.1,84.77,84.96,79.09,72.69,33.11,6.0,1854.0,8.0,3.0,3.0,0.0,low
stu_08394,class_035,88.42,87.87,64.96,67.68,79.43,76.38,18.53,5.0,1688.0,7.0,3.0,6.0,0.0,low
stu_08395,class_027,98.66,69.02,31.92,38.13,68.01,76.84,19.85,3.0,960.0,4.0,2.0,4.0,4.0,medium
stu_08396,class_031,83.45,87.38,84.57,86.4,79.74,65.14,20.45,12.0,1915.0,8.0,4.0,13.0,0.0,low
stu_08397,class_016,95.38,66.29,78.79,73.26,80.69,66.65,23.27,13.0,1478.0,6.0,4.0,8.0,0.0,low
stu_08398,class_005,72.31,35.48,41.42,47.22,52.3,49.03,33.64,8.0,909.0,4.0,2.0,12.0,3.0,medium
stu_08399,class_010,69.64,74.46,91.94,84.7,80.29,70.1,23.4,11.0,1620.0,7.0,4.0,15.0,0.0,low
stu_08400,class_012,45.16,27.86,30.02,35.79,35.53,42.34,22.46,2.0,836.0,4.0,2.0,1.0,2.0,medium
stu_08401,class_029,88.94,80.99,82.52,78.57,86.01,74.07,21.31,18.0,1945.0,8.0,5.0,25.0,1.0,low
stu_08402,class_018,96.53,90.52,82.11,82.61,83.57,83.25,39.95,8.0,1878.0,8.0,4.0,6.0,0.0,low
stu_08403,class_003,58.19,69.57,65.68,57.0,58.09,19.83,22.36,5.0,1297.0,6.0,1.0,7.0,2.0,medium
stu_08404,class_004,65.72,20.94,64.88,58.47,47.39,62.64,45.49,1.0,467.0,2.0,0.0,1.0,4.0,medium
stu_08405,class_011,81.43,75.73,87.26,,79.45,89.42,28.25,5.0,1448.0,6.0,4.0,9.0,0.0,low
stu_08406,class_007,79.51,84.08,72.71,66.7,75.57,66.92,30.95,6.0,1626.0,7.0,2.0,6.0,0.0,medium
stu_08407,class_004,88.65,64.65,70.53,68.61,74.18,53.31,39.35,6.0,1340.0,6.0,3.0,,3.0,medium
stu_08408,class_023,31.35,16.87,60.7,55.2,36.63,29.8,45.84,0.0,346.0,2.0,1.0,0.0,2.0,high
stu_08409,class_003,41.78,20.59,48.99,44.66,37.7,38.14,42.11,1.0,456.0,2.0,0.0,0.0,8.0,high
stu_08410,class_027,36.7,68.59,33.83,39.65,36.62,29.48,83.7,2.0,1194.0,5.0,2.0,1.0,2.0,high
stu_08411,class_020,80.05,76.98,77.72,84.13,71.87,35.17,17.85,0.0,1722.0,7.0,3.0,0.0,0.0,low
stu_08412,class_028,44.81,55.54,57.3,57.04,49.22,30.48,28.61,2.0,1243.0,5.0,1.0,4.0,1.0,medium
stu_08413,class_017,31.6,5.33,30.5,36.49,26.24,58.62,62.95,4.0,320.0,2.0,1.0,6.0,2.0,high
stu_08414,class_022,82.81,81.04,89.29,95.24,86.21,64.43,15.81,15.0,0.0,8.0,4.0,26.0,2.0,low
stu_08415,class_030,77.62,53.0,56.04,57.17,60.84,34.58,56.95,5.0,1176.0,5.0,1.0,8.0,0.0,medium
stu_08416,class_005,78.94,75.14,87.44,86.05,80.99,68.46,9.21,12.0,1830.0,8.0,3.0,13.0,1.0,low
stu_08417,class_008,73.37,82.65,37.72,38.55,56.44,14.15,50.94,0.0,1756.0,8.0,2.0,0.0,1.0,medium
stu_08418,class_011,95.19,77.56,81.52,68.22,93.25,72.47,17.04,9.0,1820.0,8.0,4.0,9.0,0.0,low
stu_08419,class_007,98.03,57.79,34.27,43.65,59.33,35.75,40.44,1.0,941.0,4.0,3.0,1.0,0.0,medium
stu_08420,class_020,69.67,70.16,57.2,53.63,61.75,61.76,42.82,6.0,1461.0,6.0,2.0,7.0,2.0,medium
stu_08421,class_010,92.22,81.03,94.19,87.3,85.34,67.16,24.8,17.0,1784.0,8.0,4.0,15.0,0.0,low
stu_08422,class_007,67.32,83.14,71.7,69.58,75.16,74.38,21.79,11.0,2028.0,9.0,3.0,13.0,1.0,low
stu_08423,class_001,85.12,85.25,75.54,66.41,78.27,58.44,11.2,10.0,1880.0,8.0,4.0,9.0,0.0,low
stu_08424,class_009,32.86,32.02,18.53,17.3,27.83,45.76,56.1,3.0,729.0,3.0,1.0,3.0,1.0,high
stu_08425,class_018,46.29,17.96,37.22,45.47,43.94,42.45,36.19,3.0,258.0,2.0,0.0,2.0,4.0,high
stu_08426,class_008,80.68,,87.68,92.68,82.49,78.81,24.66,14.0,1960.0,8.0,6.0,10.0,0.0,low
stu_08427,class_039,53.06,100.0,76.79,89.33,70.91,51.17,32.37,10.0,2057.0,9.0,4.0,13.0,1.0,medium
stu_08428,class_035,54.39,46.2,62.83,62.46,48.36,30.96,58.35,2.0,849.0,4.0,1.0,2.0,4.0,high
stu_08429,class_027,93.32,80.19,75.75,66.57,82.87,50.65,16.01,16.0,1969.0,8.0,5.0,19.0,0.0,low
stu_08430,class_005,91.53,90.28,35.17,37.78,76.21,89.77,17.78,15.0,1934.0,8.0,3.0,20.0,4.0,low
stu_08431,class_032,90.13,70.06,76.93,81.91,82.35,79.8,20.28,9.0,1670.0,7.0,3.0,20.0,0.0,low
stu_08432,class_004,68.97,47.02,86.78,83.57,73.6,80.13,41.94,10.0,916.0,4.0,2.0,15.0,3.0,medium
stu_08433,class_023,76.5,97.56,86.74,73.6,88.08,77.09,18.29,13.0,2233.0,9.0,4.0,10.0,0.0,low
stu_08434,class_024,16.55,51.86,34.15,27.1,22.21,0.0,,0.0,1030.0,5.0,1.0,2.0,5.0,high
stu_08435,class_013,79.91,74.46,85.58,82.93,81.61,87.87,22.89,15.0,1607.0,7.0,,20.0,0.0,low
stu_08436,class_016,57.9,61.95,53.46,53.92,52.52,24.29,26.67,5.0,1195.0,5.0,1.0,8.0,4.0,medium
stu_08437,class_021,97.33,88.38,90.44,91.22,78.41,21.44,23.5,0.0,2041.0,9.0,5.0,0.0,1.0,low
stu_08438,class_011,86.84,78.62,76.13,70.4,80.26,67.36,24.65,9.0,1615.0,7.0,4.0,13.0,0.0,low
stu_08439,class_038,24.09,40.32,26.5,32.84,27.36,32.44,40.94,0.0,839.0,4.0,1.0,1.0,3.0,high
stu_08440,class_036,99.61,85.43,84.72,83.79,89.3,76.23,31.98,5.0,1757.0,8.0,4.0,9.0,1.0,low
stu_08441,class_025,84.96,95.74,90.84,86.56,90.46,72.97,20.4,5.0,1876.0,8.0,4.0,10.0,0.0,low
stu_08442,class_015,100.0,67.09,88.43,88.78,83.12,76.33,29.86,5.0,1486.0,6.0,5.0,4.0,0.0,low
stu_08443,class_024,37.49,23.73,45.13,47.22,34.82,42.85,42.52,1.0,349.0,2.0,0.0,0.0,2.0,medium
stu_08444,class_033,61.01,26.42,84.18,90.49,55.6,51.86,18.27,3.0,611.0,3.0,1.0,6.0,2.0,medium
stu_08445,class_029,74.95,77.65,85.1,89.1,73.36,70.52,21.64,15.0,1916.0,8.0,3.0,17.0,0.0,low
stu_08446,class_010,100.0,52.05,30.33,29.62,60.18,35.85,27.2,3.0,1123.0,5.0,2.0,6.0,2.0,medium
stu_08447,class_013,7.98,24.4,60.91,57.59,27.49,6.67,49.5,2.0,507.0,3.0,0.0,3.0,0.0,high
stu_08448,class_001,88.7,78.77,69.39,61.33,79.77,66.88,38.55,14.0,1820.0,8.0,4.0,23.0,0.0,low
stu_08449,class_039,94.74,80.28,92.89,91.18,92.52,71.53,20.06,10.0,1623.0,7.0,4.0,6.0,1.0,low
stu_08450,class_004,100.0,60.03,74.58,73.99,78.48,52.9,26.69,12.0,1438.0,6.0,3.0,5.0,0.0,low
stu_08451,class_026,61.66,58.03,93.62,94.66,62.53,26.54,41.83,2.0,890.0,4.0,3.0,4.0,0.0,medium
stu_08452,class_015,84.52,97.39,82.37,70.87,73.96,50.55,31.64,0.0,2159.0,9.0,5.0,0.0,0.0,low
stu_08453,class_024,64.12,62.37,78.05,69.69,63.6,63.74,68.3,2.0,1098.0,5.0,1.0,2.0,1.0,medium
stu_08454,class_011,96.97,86.11,81.55,75.67,90.97,77.7,21.06,8.0,1819.0,8.0,4.0,12.0,1.0,low
stu_08455,class_010,38.45,22.82,87.1,90.92,52.78,78.47,25.88,11.0,1550.0,7.0,4.0,14.0,1.0,low
stu_08456,class_020,55.84,65.23,71.02,67.32,64.42,65.72,19.09,6.0,1486.0,6.0,2.0,8.0,1.0,medium
stu_08457,class_019,88.38,95.92,100.0,100.0,93.6,77.31,19.9,9.0,2059.0,9.0,5.0,10.0,1.0,low
stu_08458,class_013,100.0,78.02,33.46,33.55,73.02,67.98,43.95,3.0,1517.0,7.0,2.0,7.0,3.0,medium
stu_08459,class_001,79.82,72.26,82.14,81.93,77.78,86.7,36.53,14.0,1926.0,8.0,4.0,19.0,0.0,low
stu_08460,class_040,44.04,19.58,32.21,40.11,30.71,17.9,105.32,4.0,404.0,2.0,0.0,4.0,1.0,high
stu_08461,class_013,28.1,10.46,31.77,41.53,22.56,32.35,19.94,0.0,143.0,1.0,0.0,0.0,6.0,high
stu_08462,class_023,41.62,73.37,70.75,64.7,59.4,73.85,80.57,8.0,1443.0,6.0,2.0,13.0,5.0,medium
stu_08463,class_006,70.4,94.52,100.0,97.13,86.45,65.22,21.3,11.0,2016.0,9.0,4.0,9.0,0.0,low
stu_08464,class_026,22.69,27.57,58.03,49.13,28.19,20.97,31.93,1.0,555.0,3.0,0.0,1.0,4.0,high
stu_08465,class_029,89.05,83.76,83.32,84.59,79.01,100.0,19.39,5.0,1745.0,7.0,4.0,8.0,0.0,low
stu_08466,class_021,56.67,90.45,85.63,85.19,67.75,49.11,14.75,2.0,1656.0,7.0,3.0,2.0,1.0,medium
stu_08467,class_036,63.13,57.62,36.04,34.02,53.36,45.69,40.76,7.0,1216.0,5.0,2.0,10.0,0.0,medium
stu_08468,class_017,85.45,90.35,58.91,49.56,73.12,57.32,25.6,0.0,1964.0,8.0,4.0,0.0,1.0,low
stu_08469,class_018,82.0,81.14,87.63,100.0,81.64,57.46,33.71,16.0,1929.0,8.0,5.0,25.0,1.0,low
stu_08470,class_037,88.77,84.57,71.52,75.83,79.29,27.61,41.61,7.0,1595.0,7.0,3.0,8.0,3.0,medium
stu_08471,class_018,13.99,36.05,12.94,33.92,22.81,32.65,114.1,0.0,978.0,4.0,1.0,0.0,1.0,high
stu_08472,class_007,54.2,0.0,58.59,61.22,33.27,4.82,110.03,0.0,181.0,1.0,0.0,1.0,4.0,high
stu_08473,class_026,75.62,43.48,45.85,49.66,59.77,43.82,79.33,8.0,1097.0,5.0,1.0,8.0,1.0,medium
stu_08474,class_004,79.95,74.5,74.51,80.88,71.64,35.96,28.19,0.0,1576.0,7.0,2.0,0.0,0.0,low
stu_08475,class_012,94.1,85.91,77.05,77.51,84.08,81.8,12.94,14.0,1870.0,8.0,4.0,16.0,0.0,low
stu_08476,class_040,100.0,84.12,86.33,83.42,82.44,24.75,12.93,0.0,2177.0,9.0,6.0,0.0,0.0,low
stu_08477,class_028,44.03,43.07,51.01,43.17,47.55,41.87,53.45,10.0,1127.0,5.0,2.0,11.0,2.0,medium
stu_08478,class_018,100.0,86.6,85.39,78.07,84.67,72.72,13.56,18.0,2013.0,9.0,6.0,25.0,0.0,low
stu_08479,class_003,62.05,11.41,50.26,47.85,37.55,55.39,83.8,0.0,247.0,1.0,1.0,1.0,2.0,high
stu_08480,class_014,54.16,24.01,11.38,15.43,33.6,62.5,46.91,1.0,524.0,3.0,1.0,0.0,4.0,high
stu_08481,class_038,61.58,58.67,57.88,58.98,60.02,52.13,50.5,5.0,1190.0,5.0,1.0,8.0,0.0,medium
stu_08482,class_025,64.86,43.66,38.07,43.27,46.96,44.23,38.43,3.0,0.0,4.0,1.0,0.0,2.0,medium
stu_08483,class_026,78.98,74.16,87.73,92.73,80.96,77.01,20.6,12.0,1762.0,8.0,3.0,8.0,1.0,low
stu_08484,class_031,81.9,76.31,81.53,78.97,79.71,92.13,24.76,5.0,1493.0,6.0,4.0,9.0,1.0,low
stu_08485,class_023,10.66,0.0,45.43,35.22,18.32,33.93,61.54,3.0,268.0,2.0,0.0,4.0,3.0,high
stu_08486,class_031,96.51,80.37,100.0,88.1,90.74,92.23,18.68,9.0,1694.0,7.0,4.0,13.0,0.0,low
stu_08487,class_032,80.89,80.24,86.18,87.64,87.77,84.39,30.11,11.0,1650.0,7.0,4.0,9.0,0.0,low
stu_08488,class_040,100.0,51.36,50.15,40.45,69.38,42.02,31.16,9.0,1104.0,5.0,2.0,15.0,2.0,medium
stu_08489,class_006,57.11,7.48,33.98,37.46,34.6,35.1,75.35,3.0,29.0,1.0,0.0,1.0,5.0,high
stu_08490,class_017,67.64,49.29,55.03,43.03,64.46,89.37,46.64,3.0,893.0,4.0,2.0,6.0,2.0,medium
stu_08491,class_018,30.72,34.9,42.34,34.21,35.88,23.64,75.86,3.0,679.0,3.0,1.0,4.0,5.0,high
stu_08492,class_024,26.72,46.34,35.76,44.23,36.88,44.46,45.33,5.0,1066.0,5.0,2.0,5.0,3.0,high
stu_08493,class_018,94.22,70.71,54.01,56.33,71.62,43.97,33.41,10.0,2118.0,9.0,4.0,9.0,6.0,medium
stu_08494,class_001,92.46,68.64,45.87,64.89,62.02,26.47,36.38,4.0,1297.0,6.0,1.0,8.0,3.0,medium
stu_08495,class_033,77.57,69.88,77.7,65.62,74.67,86.37,29.61,17.0,1817.0,8.0,3.0,21.0,0.0,low
stu_08496,class_033,31.66,38.51,73.8,78.48,49.64,67.68,23.48,6.0,544.0,3.0,0.0,7.0,0.0,medium
stu_08497,class_012,36.47,67.17,88.5,83.4,55.65,56.34,19.86,0.0,1591.0,7.0,4.0,0.0,2.0,medium
stu_08498,class_007,83.45,94.11,82.14,89.42,87.85,100.0,30.63,7.0,1792.0,8.0,5.0,11.0,0.0,low
stu_08499,class_032,87.68,97.77,80.29,76.42,85.11,82.55,47.16,18.0,2341.0,10.0,5.0,31.0,0.0,low
stu_08500,class_011,94.33,55.27,62.89,59.26,68.71,34.27,19.55,5.0,1233.0,5.0,2.0,10.0,3.0,medium
stu_08501,class_019,68.35,42.6,48.76,59.26,61.23,45.75,27.16,8.0,961.0,,1.0,7.0,2.0,medium
stu_08502,class_039,65.12,83.56,80.23,84.4,69.96,41.05,25.86,1.0,1522.0,7.0,3.0,0.0,2.0,medium
stu_08503,class_023,88.11,87.77,87.43,75.22,87.73,87.55,19.15,13.0,1889.0,8.0,4.0,15.0,0.0,low
stu_08504,class_029,43.94,23.54,84.86,80.4,48.57,25.65,53.76,2.0,1272.0,6.0,2.0,4.0,0.0,medium
stu_08505,class_027,69.15,55.4,52.77,54.23,52.84,48.16,30.21,5.0,994.0,4.0,1.0,1.0,3.0,medium
stu_08506,class_029,60.88,,55.55,61.72,39.58,39.91,47.46,0.0,0.0,1.0,0.0,3.0,3.0,high
stu_08507,class_004,59.75,72.45,84.35,83.93,65.66,22.2,50.26,4.0,1486.0,6.0,4.0,8.0,3.0,medium
stu_08508,class_026,97.91,89.05,82.28,79.74,87.75,87.43,27.1,9.0,1883.0,8.0,4.0,16.0,0.0,low
stu_08509,class_019,93.42,83.85,81.47,79.78,89.03,74.94,18.08,13.0,1954.0,8.0,5.0,22.0,1.0,low
stu_08510,class_011,99.15,90.44,93.71,88.8,85.56,54.31,21.12,0.0,0.0,8.0,5.0,0.0,0.0,low
stu_08511,class_015,97.85,80.93,71.23,56.29,81.12,65.14,32.28,16.0,1790.0,8.0,3.0,18.0,0.0,low
stu_08512,class_031,75.04,66.72,47.47,52.16,63.69,67.73,43.03,3.0,1179.0,5.0,1.0,0.0,2.0,medium
stu_08513,class_007,100.0,86.32,75.65,67.94,86.92,77.04,51.09,11.0,1696.0,7.0,3.0,19.0,1.0,low
stu_08514,class_012,40.6,,53.66,39.47,55.68,21.0,83.32,10.0,1518.0,7.0,2.0,4.0,3.0,medium
stu_08515,class_004,85.19,94.85,78.3,85.31,77.17,21.37,28.21,0.0,2273.0,10.0,5.0,0.0,0.0,low
stu_08516,class_014,68.03,27.1,43.29,56.78,42.45,2.38,30.03,0.0,430.0,2.0,0.0,4.0,2.0,high
stu_08517,class_022,75.51,71.59,80.69,87.09,73.46,76.64,45.24,6.0,1246.0,5.0,3.0,7.0,0.0,low
stu_08518,class_031,56.03,75.83,46.64,49.13,60.28,68.89,22.17,9.0,1477.0,6.0,3.0,12.0,1.0,medium
stu_08519,class_031,75.09,76.76,91.19,95.98,82.91,86.08,14.24,9.0,1539.0,7.0,3.0,20.0,1.0,low
stu_08520,class_018,74.29,93.93,90.11,91.75,83.07,76.21,22.25,18.0,2213.0,9.0,5.0,19.0,0.0,low
stu_08521,class_008,88.66,74.57,93.8,92.69,86.65,88.44,15.63,16.0,1671.0,7.0,4.0,8.0,1.0,low
stu_08522,class_018,88.49,83.16,78.42,71.95,82.3,58.87,34.0,7.0,1781.0,8.0,4.0,9.0,0.0,low
stu_08523,class_036,40.52,21.34,73.04,98.7,49.63,72.7,28.62,18.0,1847.0,8.0,4.0,33.0,2.0,low
stu_08524,class_024,23.29,80.83,79.24,91.17,59.98,68.09,67.33,10.0,1826.0,8.0,2.0,10.0,1.0,medium
stu_08525,class_035,72.44,68.68,52.09,55.63,64.31,30.0,60.99,10.0,1633.0,7.0,2.0,17.0,4.0,medium
stu_08526,class_016,77.87,81.95,84.42,85.04,78.35,80.8,29.77,6.0,1595.0,7.0,4.0,9.0,0.0,low
stu_08527,class_003,83.97,96.02,86.73,72.12,92.29,91.63,28.12,13.0,2178.0,9.0,5.0,14.0,0.0,low
stu_08528,class_039,58.81,47.53,56.32,49.41,61.25,54.54,48.69,9.0,912.0,4.0,2.0,9.0,3.0,medium
stu_08529,class_010,52.69,63.8,59.29,60.04,57.83,35.67,,9.0,1354.0,6.0,3.0,10.0,1.0,medium
stu_08530,class_007,90.32,83.24,75.49,71.57,82.44,73.63,21.42,5.0,1424.0,6.0,3.0,7.0,1.0,low
stu_08531,class_002,15.51,39.3,16.74,20.85,22.71,19.07,55.13,0.0,1015.0,5.0,1.0,0.0,2.0,high
stu_08532,class_002,58.85,32.53,48.87,48.07,42.45,31.21,47.01,3.0,421.0,2.0,0.0,6.0,2.0,high
stu_08533,class_020,86.06,33.2,54.05,55.1,56.17,41.51,67.29,5.0,688.0,3.0,2.0,7.0,2.0,medium
stu_08534,class_003,91.47,85.66,93.62,87.77,85.21,66.37,13.62,5.0,1671.0,7.0,4.0,10.0,0.0,low
stu_08535,class_037,100.0,100.0,98.95,100.0,94.35,62.19,38.28,9.0,2015.0,9.0,6.0,10.0,0.0,low
stu_08536,class_020,78.71,55.85,39.71,34.22,57.13,35.14,38.76,1.0,1091.0,5.0,2.0,0.0,2.0,medium
stu_08537,class_015,97.28,82.51,53.14,67.05,75.17,59.46,25.12,6.0,3730.0,14.0,14.0,10.0,0.0,medium
stu_08538,class_028,70.1,54.78,42.24,31.04,60.9,50.97,41.24,2.0,1170.0,5.0,1.0,4.0,3.0,medium
stu_08539,class_017,73.88,75.73,79.65,66.07,79.47,85.6,13.96,10.0,1598.0,7.0,3.0,9.0,1.0,low
stu_08540,class_019,93.26,68.69,30.95,44.64,71.47,69.61,18.07,11.0,2166.0,9.0,4.0,6.0,6.0,low
stu_08541,class_017,61.81,63.34,51.46,42.78,61.07,77.37,20.52,2.0,1253.0,6.0,1.0,3.0,3.0,medium
stu_08542,class_023,76.1,41.31,46.65,44.41,57.07,40.62,32.69,6.0,756.0,4.0,1.0,7.0,3.0,medium
stu_08543,class_038,38.58,47.96,63.93,,46.26,33.81,29.22,6.0,1000.0,5.0,2.0,8.0,4.0,medium
stu_08544,class_037,84.08,89.93,86.12,74.45,82.68,55.28,22.75,7.0,1634.0,7.0,4.0,3.0,0.0,low
stu_08545,class_030,92.7,81.86,83.0,76.84,88.08,96.83,19.01,15.0,1646.0,7.0,5.0,21.0,0.0,low
stu_08546,class_018,87.16,66.1,44.61,55.54,70.47,47.55,58.81,7.0,1552.0,7.0,3.0,10.0,1.0,medium
stu_08547,class_002,84.7,71.33,97.07,98.49,86.94,76.96,30.87,9.0,1630.0,7.0,4.0,12.0,2.0,low
stu_08548,class_027,84.61,56.27,38.44,38.98,61.94,58.97,12.44,18.0,2030.0,9.0,3.0,30.0,3.0,low
stu_08549,class_027,88.9,36.77,87.28,87.41,73.19,58.49,18.45,8.0,1014.0,5.0,3.0,7.0,3.0,medium
stu_08550,class_024,70.22,24.86,57.99,45.61,55.85,61.63,14.36,2.0,548.0,3.0,1.0,1.0,2.0,medium
stu_08551,class_014,89.95,100.0,82.5,76.89,89.3,84.86,26.51,15.0,1960.0,8.0,5.0,0.0,0.0,low
stu_08552,class_027,43.95,42.54,48.66,48.73,44.8,45.76,41.37,9.0,1225.0,5.0,1.0,14.0,2.0,medium
stu_08553,class_033,75.26,100.0,75.17,87.93,81.17,78.74,36.75,10.0,2078.0,9.0,3.0,10.0,0.0,low
stu_08554,class_033,76.21,53.67,,81.72,75.72,77.29,45.08,6.0,1049.0,5.0,2.0,12.0,4.0,medium
stu_08555,class_039,,67.76,97.21,100.0,79.37,79.8,27.59,6.0,0.0,6.0,5.0,8.0,0.0,low
stu_08556,class_020,77.79,59.18,77.63,75.96,70.6,51.84,47.41,6.0,1006.0,5.0,2.0,6.0,4.0,medium
stu_08557,class_032,72.87,27.12,67.52,60.41,56.47,37.83,44.08,2.0,450.0,2.0,0.0,0.0,3.0,medium
stu_08558,class_037,39.91,44.83,39.21,36.33,39.49,70.39,37.13,1.0,954.0,4.0,2.0,0.0,2.0,medium
stu_08559,class_033,34.05,27.29,40.84,44.78,34.63,26.49,82.48,0.0,624.0,3.0,0.0,7.0,6.0,high
stu_08560,class_007,42.33,54.98,51.35,52.4,45.39,32.84,10.75,,1179.0,5.0,1.0,0.0,3.0,medium
stu_08561,class_002,93.3,79.15,44.58,41.42,67.91,65.91,87.68,4.0,,6.0,1.0,2.0,6.0,medium
stu_08562,class_026,90.97,86.16,80.59,85.3,85.48,68.11,24.97,8.0,1700.0,7.0,5.0,14.0,3.0,low
stu_08563,class_024,44.36,66.64,68.08,67.58,56.47,36.56,39.74,5.0,1387.0,6.0,2.0,9.0,3.0,medium
stu_08564,class_013,56.05,13.03,44.07,37.86,39.81,27.0,127.68,4.0,430.0,2.0,0.0,8.0,5.0,high
stu_08565,class_004,82.04,79.12,89.8,88.83,81.64,65.51,26.88,16.0,1921.0,8.0,5.0,26.0,1.0,low
stu_08566,class_033,89.43,95.14,84.98,97.74,84.86,70.11,31.22,5.0,1864.0,8.0,4.0,2.0,0.0,low
stu_08567,class_015,83.94,73.97,95.95,98.22,86.96,75.1,40.31,16.0,1971.0,8.0,5.0,23.0,0.0,low
stu_08568,class_012,40.01,50.48,38.83,54.95,38.97,31.75,17.79,1.0,907.0,4.0,1.0,4.0,1.0,high
stu_08569,class_024,75.2,76.64,89.9,86.2,79.21,70.29,39.28,17.0,1821.0,8.0,3.0,30.0,0.0,low
stu_08570,class_018,88.55,54.01,73.74,75.23,71.99,55.27,27.21,8.0,1138.0,5.0,3.0,15.0,4.0,medium
stu_08571,class_003,85.54,88.18,71.99,75.33,80.42,57.78,48.76,11.0,1725.0,7.0,,6.0,0.0,low
stu_08572,class_018,36.36,13.95,,17.97,23.1,33.51,95.55,0.0,,2.0,1.0,0.0,7.0,high
stu_08573,class_004,88.86,51.13,80.58,72.96,66.75,35.36,16.71,0.0,954.0,4.0,3.0,0.0,0.0,low
stu_08574,class_019,18.72,49.46,54.72,45.32,36.1,21.66,116.58,1.0,864.0,4.0,1.0,1.0,2.0,high
stu_08575,class_036,65.16,39.17,70.51,73.64,57.25,35.98,57.22,0.0,870.0,4.0,1.0,0.0,4.0,high
stu_08576,class_040,62.17,26.48,59.85,44.81,50.19,55.05,20.82,10.0,834.0,4.0,2.0,15.0,2.0,medium
stu_08577,class_035,85.09,86.85,41.25,50.0,64.91,43.68,20.7,6.0,1345.0,6.0,3.0,8.0,7.0,medium
stu_08578,class_025,92.69,95.15,81.5,83.46,83.71,42.19,25.87,10.0,2280.0,10.0,5.0,16.0,0.0,low
stu_08579,class_017,63.67,64.28,70.06,74.52,67.81,66.54,34.28,2.0,1281.0,6.0,1.0,1.0,2.0,medium
stu_08580,class_012,67.64,60.75,25.1,27.41,49.56,0.0,148.63,4.0,1097.0,5.0,1.0,8.0,3.0,high
stu_08581,class_034,25.17,72.32,66.2,60.58,47.52,26.8,21.91,8.0,1442.0,6.0,2.0,4.0,1.0,medium
stu_08582,class_019,54.56,43.35,54.4,36.74,49.77,31.37,48.24,,714.0,3.0,1.0,2.0,2.0,medium
stu_08583,class_013,51.14,34.74,35.88,30.88,36.52,29.58,81.57,0.0,639.0,3.0,1.0,0.0,6.0,high
stu_08584,class_035,0.0,72.47,24.74,25.05,30.17,31.99,185.18,5.0,1471.0,6.0,2.0,8.0,2.0,high
stu_08585,class_001,96.32,80.68,87.52,92.08,83.05,70.56,15.77,6.0,1736.0,7.0,4.0,4.0,1.0,low
stu_08586,class_014,100.0,83.03,73.09,74.13,82.08,71.6,32.2,5.0,1590.0,7.0,3.0,7.0,0.0,medium
stu_08587,class_026,75.09,40.84,57.42,82.54,60.23,70.36,51.98,6.0,1042.0,5.0,1.0,2.0,1.0,medium
stu_08588,class_002,84.72,66.62,100.0,99.68,79.54,81.65,37.28,8.0,1317.0,6.0,4.0,10.0,1.0,low
stu_08589,class_035,88.52,87.36,79.79,76.41,85.37,89.29,22.66,16.0,2006.0,9.0,5.0,17.0,0.0,low
stu_08590,class_007,50.0,48.24,40.84,59.17,50.78,58.19,41.01,7.0,1090.0,5.0,1.0,7.0,2.0,medium
stu_08591,class_031,67.89,51.63,55.95,65.0,58.45,57.02,24.41,6.0,1037.0,5.0,1.0,11.0,2.0,medium
stu_08592,class_016,21.66,57.16,63.43,56.88,44.85,24.95,25.86,5.0,1305.0,6.0,2.0,8.0,4.0,high
stu_08593,class_018,75.72,70.27,83.11,78.78,81.56,94.61,37.68,13.0,1479.0,6.0,3.0,0.0,1.0,low
stu_08594,class_026,23.83,40.21,37.14,45.82,33.27,53.83,76.08,4.0,953.0,4.0,2.0,3.0,1.0,high
stu_08595,class_039,47.89,74.76,51.86,49.61,54.66,53.79,69.6,10.0,1647.0,7.0,2.0,7.0,2.0,medium
stu_08596,class_008,87.86,90.28,96.29,100.0,97.21,97.95,19.06,17.0,2038.0,9.0,5.0,27.0,1.0,low
stu_08597,class_001,82.26,70.6,35.2,,60.57,38.31,34.03,0.0,1484.0,6.0,4.0,0.0,4.0,medium
stu_08598,class_023,66.04,69.5,41.19,26.12,58.91,47.8,19.06,5.0,1315.0,6.0,3.0,7.0,1.0,medium
stu_08599,class_002,43.76,47.8,29.06,29.04,38.52,0.0,83.2,3.0,1190.0,5.0,2.0,3.0,2.0,high
stu_08600,class_028,82.4,53.33,35.22,26.08,65.62,95.8,83.77,8.0,1506.0,7.0,2.0,13.0,5.0,medium
stu_08601,class_004,88.42,100.0,100.0,100.0,90.64,78.06,28.63,10.0,2392.0,10.0,6.0,10.0,0.0,low
stu_08602,class_023,49.28,41.29,83.37,90.83,56.63,50.89,49.2,3.0,819.0,4.0,3.0,5.0,1.0,medium
stu_08603,class_012,84.24,83.52,86.34,77.58,81.71,73.86,16.78,10.0,1895.0,8.0,4.0,12.0,0.0,low
stu_08604,class_033,75.39,54.87,39.53,39.49,53.09,37.08,44.56,6.0,1163.0,5.0,1.0,11.0,2.0,medium
stu_08605,class_028,44.37,45.65,29.51,30.74,47.23,88.92,13.33,3.0,916.0,4.0,1.0,2.0,1.0,medium
stu_08606,class_034,63.38,51.15,54.94,51.55,55.63,49.23,83.82,6.0,761.0,4.0,2.0,6.0,3.0,medium
stu_08607,class_011,82.78,62.05,32.58,30.12,64.22,56.61,53.5,10.0,1421.0,6.0,2.0,17.0,4.0,medium
stu_08608,class_019,7.55,26.47,15.2,10.21,12.2,22.6,81.67,3.0,683.0,3.0,1.0,3.0,6.0,high
stu_08609,class_035,77.18,92.46,90.09,100.0,84.13,74.34,34.79,10.0,1797.0,8.0,4.0,,1.0,low
stu_08610,class_040,83.87,82.12,91.04,91.02,89.96,85.13,25.84,14.0,2097.0,9.0,5.0,11.0,0.0,low
stu_08611,class_026,22.84,22.86,62.42,55.62,34.49,37.79,89.43,3.0,451.0,2.0,0.0,3.0,4.0,high
stu_08612,class_022,95.73,88.2,97.67,85.83,92.72,82.51,34.37,13.0,1925.0,8.0,4.0,10.0,1.0,low
stu_08613,class_005,97.99,82.18,80.19,80.04,87.18,86.82,30.6,9.0,1611.0,7.0,4.0,17.0,0.0,low
stu_08614,class_003,81.5,,71.45,76.35,78.3,64.86,13.46,6.0,2139.0,9.0,4.0,6.0,1.0,low
stu_08615,class_010,92.0,75.16,71.54,61.88,80.58,71.57,26.15,16.0,1734.0,7.0,4.0,29.0,0.0,low
stu_08616,class_009,59.1,35.58,19.1,7.05,35.67,35.4,114.31,0.0,894.0,4.0,1.0,0.0,2.0,high
stu_08617,class_005,85.01,77.35,70.34,58.35,79.42,85.48,34.15,17.0,1857.0,8.0,3.0,16.0,1.0,low
stu_08618,class_006,90.52,71.81,77.94,70.32,74.91,65.0,14.44,0.0,,6.0,3.0,0.0,0.0,low
stu_08619,class_039,55.76,64.93,49.18,45.87,51.95,48.12,97.35,3.0,1454.0,6.0,3.0,4.0,0.0,medium
stu_08620,class_033,50.12,27.88,83.91,75.32,61.0,68.04,83.45,10.0,929.0,4.0,2.0,12.0,2.0,medium
stu_08621,class_037,90.93,77.22,100.0,94.71,87.07,81.12,18.89,,1717.0,7.0,4.0,17.0,0.0,low
stu_08622,class_026,92.95,72.27,52.51,39.09,67.27,27.81,31.11,0.0,680.0,3.0,1.0,0.0,3.0,high
stu_08623,class_034,71.59,86.65,,82.43,76.34,66.89,17.4,16.0,2057.0,9.0,4.0,18.0,0.0,low
stu_08624,class_029,50.94,43.0,38.64,35.93,42.65,31.71,122.79,0.0,819.0,4.0,2.0,0.0,1.0,high
stu_08625,class_033,95.28,79.48,95.06,92.07,91.52,76.37,25.23,17.0,1907.0,8.0,4.0,15.0,0.0,low
stu_08626,class_024,92.64,89.88,75.08,68.84,82.48,63.68,13.69,8.0,2038.0,9.0,5.0,7.0,0.0,low
stu_08627,class_017,61.64,68.9,79.96,72.82,68.1,59.89,38.29,2.0,1249.0,5.0,2.0,0.0,1.0,medium
stu_08628,class_037,6.13,45.31,46.55,47.29,32.35,34.44,73.58,1.0,677.0,3.0,1.0,2.0,1.0,high
stu_08629,class_010,99.66,49.76,46.91,45.31,72.7,85.37,82.32,3.0,1214.0,5.0,2.0,1.0,2.0,medium
stu_08630,class_024,67.39,86.13,31.79,25.69,65.52,40.46,48.25,9.0,1807.0,8.0,3.0,20.0,2.0,medium
stu_08631,class_025,38.28,9.93,30.04,34.19,23.26,11.69,63.9,0.0,451.0,2.0,0.0,0.0,4.0,high
stu_08632,class_030,72.23,84.74,79.72,84.75,79.31,73.78,13.07,5.0,1669.0,7.0,3.0,6.0,0.0,low
stu_08633,class_008,16.51,54.32,41.2,52.63,33.97,19.53,107.52,5.0,1012.0,5.0,1.0,4.0,1.0,high
stu_08634,class_002,46.71,76.91,61.58,68.02,57.97,53.18,60.98,4.0,1636.0,7.0,2.0,7.0,1.0,medium
stu_08635,class_013,51.22,83.77,50.1,48.21,57.33,71.14,27.24,2.0,1568.0,7.0,2.0,2.0,0.0,medium
stu_08636,class_017,51.14,21.33,89.5,75.31,53.14,29.84,79.86,0.0,606.0,3.0,1.0,1.0,2.0,high
stu_08637,class_025,100.0,100.0,86.33,100.0,92.87,100.0,26.12,8.0,2148.0,9.0,5.0,14.0,0.0,low
stu_08638,class_014,48.15,51.91,62.11,46.67,57.89,81.99,33.41,6.0,5034.0,20.0,8.0,18.0,2.0,medium
stu_08639,class_030,81.54,83.8,84.16,80.81,84.18,60.14,12.06,12.0,1835.0,8.0,4.0,13.0,0.0,low
stu_08640,class_020,50.49,87.37,37.1,32.69,53.01,39.67,29.17,4.0,1765.0,8.0,2.0,7.0,2.0,medium
stu_08641,class_028,55.89,39.03,63.51,66.35,52.08,52.36,22.64,3.0,693.0,3.0,2.0,3.0,2.0,medium
stu_08642,class_018,94.85,87.4,82.88,78.95,84.31,76.23,22.14,8.0,1744.0,7.0,5.0,15.0,0.0,low
stu_08643,class_008,61.77,76.43,40.89,40.83,56.45,45.28,112.75,5.0,1530.0,7.0,2.0,4.0,2.0,medium
stu_08644,class_032,80.15,89.48,80.74,71.19,88.51,98.84,33.38,14.0,1890.0,8.0,5.0,15.0,1.0,low
stu_08645,class_006,27.61,39.01,60.42,65.19,37.44,57.05,22.72,2.0,814.0,4.0,2.0,4.0,1.0,medium
stu_08646,class_023,75.68,91.65,97.04,100.0,85.87,69.24,12.35,8.0,1997.0,8.0,4.0,13.0,0.0,low
stu_08647,class_006,49.05,89.33,77.7,76.09,62.72,84.48,41.63,2.0,1625.0,7.0,2.0,0.0,0.0,medium
stu_08648,class_004,66.46,80.29,62.65,74.02,67.11,61.6,49.59,10.0,1660.0,7.0,2.0,19.0,1.0,medium
stu_08649,class_017,62.65,75.77,61.96,63.33,61.96,67.73,58.32,0.0,1268.0,6.0,1.0,3.0,0.0,medium
stu_08650,class_025,80.39,52.57,33.07,19.23,64.14,58.41,28.46,10.0,1450.0,6.0,3.0,8.0,1.0,medium
stu_08651,class_018,70.05,52.67,15.0,23.53,45.67,35.83,35.9,2.0,1013.0,5.0,1.0,5.0,1.0,medium
stu_08652,class_027,93.88,73.55,92.36,96.16,87.07,53.73,28.68,14.0,2021.0,9.0,6.0,13.0,0.0,low
stu_08653,class_035,38.59,24.1,21.51,19.55,24.4,16.25,125.87,2.0,539.0,3.0,1.0,2.0,6.0,high
stu_08654,class_009,82.42,55.47,39.03,37.59,64.24,85.06,27.72,8.0,1408.0,6.0,4.0,16.0,7.0,low
stu_08655,class_003,36.26,34.56,54.09,66.98,41.52,51.35,40.88,6.0,678.0,3.0,2.0,9.0,2.0,medium
stu_08656,class_030,99.99,98.32,85.58,82.69,95.52,87.37,22.17,18.0,2318.0,10.0,5.0,27.0,0.0,low
stu_08657,class_040,52.09,37.82,63.41,63.48,45.99,38.51,37.86,1.0,589.0,3.0,1.0,4.0,1.0,medium
stu_08658,class_014,88.29,77.38,76.65,82.11,83.41,84.1,17.63,9.0,1543.0,7.0,3.0,8.0,2.0,low
stu_08659,class_004,52.67,65.74,90.0,91.97,61.58,49.4,27.19,0.0,1538.0,7.0,3.0,0.0,0.0,medium
stu_08660,class_011,13.28,51.12,58.83,70.97,34.38,38.95,80.24,0.0,979.0,4.0,1.0,0.0,7.0,high
stu_08661,class_018,40.14,31.65,60.06,62.64,37.86,1.68,58.4,1.0,601.0,3.0,1.0,5.0,1.0,high
stu_08662,class_019,78.41,56.64,,51.92,58.34,31.7,27.72,0.0,1053.0,5.0,1.0,0.0,4.0,medium
stu_08663,class_022,88.31,84.1,81.43,63.48,86.16,80.5,14.64,11.0,1851.0,8.0,4.0,18.0,1.0,low
stu_08664,class_019,63.85,88.4,73.47,81.33,72.44,75.91,23.17,10.0,1921.0,8.0,0.0,14.0,0.0,low
stu_08665,class_016,73.73,55.11,78.43,71.93,64.95,49.19,35.85,7.0,1195.0,5.0,2.0,12.0,1.0,medium
stu_08666,class_040,30.98,4.57,33.33,29.14,28.51,36.1,90.03,0.0,89.0,1.0,1.0,0.0,4.0,high
stu_08667,class_032,76.25,94.35,86.48,86.09,86.64,66.66,18.12,14.0,2212.0,9.0,5.0,15.0,0.0,low
stu_08668,class_009,79.85,81.97,84.45,72.62,80.18,89.25,16.13,9.0,1681.0,7.0,3.0,12.0,1.0,low
stu_08669,class_025,77.3,75.06,78.78,67.86,69.53,42.49,21.88,5.0,1463.0,6.0,2.0,4.0,3.0,medium
stu_08670,class_006,58.02,83.91,72.28,67.8,61.74,48.42,49.18,2.0,1771.0,8.0,2.0,4.0,2.0,medium
stu_08671,class_034,82.06,82.08,83.72,89.41,79.88,78.51,25.53,6.0,1615.0,7.0,4.0,8.0,1.0,low
stu_08672,class_025,92.04,70.19,77.98,89.86,81.62,82.94,15.26,5.0,1381.0,6.0,3.0,4.0,0.0,low
stu_08673,class_025,91.63,77.65,82.93,78.32,69.42,0.0,20.81,0.0,1589.0,7.0,4.0,0.0,0.0,low
stu_08674,class_010,86.94,40.42,66.65,60.37,62.33,56.59,50.05,9.0,969.0,4.0,2.0,11.0,3.0,medium
stu_08675,class_029,74.82,87.57,63.13,61.12,73.74,68.07,18.24,7.0,1810.0,8.0,3.0,8.0,2.0,low
stu_08676,class_007,87.89,93.46,78.03,69.23,83.8,83.29,28.99,10.0,1898.0,8.0,3.0,15.0,0.0,low
stu_08677,class_003,92.43,77.1,76.89,76.56,72.57,40.49,13.26,0.0,1844.0,8.0,3.0,0.0,0.0,low
stu_08678,class_017,21.61,52.3,58.83,60.32,43.86,53.48,40.53,3.0,997.0,4.0,1.0,2.0,0.0,medium
stu_08679,class_012,77.46,70.26,83.98,74.24,82.21,74.54,23.44,13.0,1791.0,8.0,4.0,22.0,0.0,low
stu_08680,class_031,99.19,83.59,85.65,100.0,87.97,85.44,32.01,7.0,1758.0,8.0,5.0,12.0,0.0,low
stu_08681,class_010,72.03,69.65,77.18,89.19,71.14,44.92,33.49,9.0,1597.0,7.0,3.0,14.0,2.0,medium
stu_08682,class_023,46.97,35.98,37.19,37.06,39.58,16.81,80.3,0.0,739.0,3.0,1.0,0.0,4.0,high
stu_08683,class_021,61.16,48.35,60.94,59.12,57.4,57.32,64.94,5.0,1027.0,5.0,2.0,12.0,1.0,medium
stu_08684,class_025,92.15,61.97,55.82,57.14,66.04,17.52,30.4,0.0,1267.0,6.0,2.0,0.0,0.0,medium
stu_08685,class_011,82.42,88.15,86.53,85.34,85.31,69.78,15.94,13.0,1847.0,8.0,4.0,14.0,0.0,low
stu_08686,class_005,43.86,17.54,19.68,33.76,25.27,14.14,33.99,0.0,507.0,3.0,1.0,0.0,5.0,high
stu_08687,class_005,59.22,81.73,53.84,53.84,57.39,39.77,41.43,6.0,1675.0,7.0,3.0,5.0,1.0,medium
stu_08688,class_040,76.47,78.92,75.63,75.72,81.26,76.7,12.33,9.0,1692.0,7.0,2.0,10.0,0.0,low
stu_08689,class_027,37.38,60.47,87.15,73.5,53.64,26.13,42.82,5.0,1003.0,5.0,1.0,6.0,1.0,high
stu_08690,class_033,81.12,84.61,76.81,92.73,81.7,89.41,15.52,10.0,1836.0,8.0,4.0,11.0,1.0,low
stu_08691,class_015,94.26,89.35,83.41,83.39,87.83,78.36,18.28,12.0,1998.0,8.0,5.0,13.0,0.0,low
stu_08692,class_026,58.68,40.52,43.05,45.88,52.79,50.76,41.5,9.0,1021.0,5.0,2.0,14.0,1.0,medium
stu_08693,class_017,45.23,48.42,53.98,51.22,47.07,33.4,64.48,3.0,1061.0,5.0,1.0,4.0,5.0,high
stu_08694,class_020,35.47,21.27,80.17,85.59,44.03,53.18,36.0,3.0,918.0,4.0,3.0,6.0,1.0,medium
stu_08695,class_035,,26.38,69.1,70.57,59.34,43.59,18.91,6.0,559.0,3.0,1.0,7.0,1.0,medium
stu_08696,class_012,55.75,69.01,62.78,67.38,56.16,65.61,19.94,2.0,1089.0,5.0,1.0,1.0,2.0,medium
stu_08697,class_040,83.48,83.29,83.41,82.28,78.13,72.17,11.28,13.0,1908.0,8.0,5.0,13.0,0.0,low
stu_08698,class_018,91.38,89.41,86.48,89.08,85.2,64.48,53.65,9.0,1880.0,8.0,4.0,10.0,0.0,low
stu_08699,class_039,74.8,84.5,92.68,76.17,85.79,100.0,19.79,9.0,1769.0,8.0,3.0,10.0,1.0,low
stu_08700,class_036,69.42,28.33,59.59,70.43,57.38,55.62,127.26,3.0,537.0,3.0,0.0,1.0,4.0,high
stu_08701,class_021,73.45,85.79,93.27,88.97,79.67,66.27,20.77,18.0,1887.0,8.0,3.0,15.0,0.0,low
stu_08702,class_036,86.9,89.13,76.31,69.93,85.24,89.21,21.94,18.0,2334.0,10.0,4.0,23.0,0.0,low
stu_08703,class_006,78.44,96.19,100.0,98.44,87.74,98.08,31.11,9.0,1941.0,8.0,3.0,8.0,2.0,low
stu_08704,class_018,31.23,37.71,20.58,23.06,32.47,64.68,276.07,3.0,796.0,4.0,2.0,3.0,3.0,high
stu_08705,class_006,85.17,44.08,54.54,66.85,63.58,74.07,57.25,7.0,729.0,3.0,3.0,7.0,2.0,medium
stu_08706,class_031,61.4,62.21,38.33,20.98,52.78,30.17,29.48,6.0,1294.0,6.0,2.0,2.0,5.0,medium
stu_08707,class_026,76.4,96.43,70.99,64.28,82.67,80.3,38.57,17.0,2284.0,10.0,3.0,29.0,0.0,low
stu_08708,class_003,62.89,74.35,67.81,64.14,67.8,43.58,53.5,3.0,1240.0,5.0,2.0,3.0,2.0,medium
stu_08709,class_035,43.16,43.66,50.84,48.65,41.9,11.3,134.89,3.0,941.0,4.0,2.0,1.0,5.0,high
stu_08710,class_025,94.27,48.88,48.99,45.77,69.34,61.38,32.7,8.0,663.0,3.0,1.0,6.0,3.0,medium
stu_08711,class_034,38.31,57.85,75.25,70.22,62.02,73.27,18.32,10.0,1221.0,5.0,2.0,17.0,1.0,medium
stu_08712,class_016,100.0,90.65,71.37,64.96,87.41,54.4,28.32,11.0,1949.0,8.0,3.0,15.0,0.0,low
stu_08713,class_009,41.98,67.58,70.39,76.74,59.26,39.97,33.0,3.0,1194.0,5.0,2.0,2.0,3.0,high
stu_08714,class_011,78.56,90.21,90.25,100.0,84.2,71.81,19.87,11.0,1837.0,8.0,3.0,8.0,1.0,low
stu_08715,class_016,91.36,53.49,48.62,53.39,72.17,53.43,29.19,14.0,1994.0,8.0,5.0,24.0,3.0,low
stu_08716,class_022,73.42,92.92,96.66,89.06,90.43,89.22,25.33,17.0,2223.0,9.0,4.0,31.0,0.0,low
stu_08717,class_002,91.59,71.36,71.1,58.07,76.05,72.42,20.52,13.0,1596.0,7.0,3.0,7.0,0.0,low
stu_08718,class_039,53.59,43.98,65.71,70.94,49.48,33.43,38.1,2.0,892.0,4.0,1.0,3.0,1.0,medium
stu_08719,class_006,77.16,,88.17,79.19,86.62,100.0,13.2,13.0,1490.0,6.0,3.0,21.0,0.0,low
stu_08720,class_034,83.42,100.0,93.41,100.0,81.73,68.43,22.85,6.0,1789.0,8.0,4.0,10.0,1.0,low
stu_08721,class_006,98.65,89.91,89.79,81.82,91.12,86.09,27.95,17.0,1953.0,8.0,5.0,22.0,0.0,low
stu_08722,class_036,25.5,64.27,32.07,54.36,41.15,75.6,22.45,0.0,4059.0,16.0,13.0,17.0,3.0,medium
stu_08723,class_029,62.92,29.5,70.45,57.67,53.77,70.17,34.96,3.0,718.0,3.0,0.0,0.0,2.0,medium
stu_08724,class_004,75.99,66.63,58.02,61.24,61.97,37.62,46.26,4.0,1417.0,6.0,2.0,6.0,0.0,medium
stu_08725,class_015,94.07,68.88,90.41,86.97,90.6,90.06,58.09,16.0,1679.0,7.0,5.0,17.0,0.0,low
stu_08726,class_020,80.11,87.1,74.01,63.98,83.79,100.0,62.21,10.0,1930.0,8.0,3.0,16.0,0.0,low
stu_08727,class_012,16.87,41.38,39.89,27.67,34.41,40.61,112.85,2.0,739.0,3.0,2.0,0.0,4.0,high
stu_08728,class_012,93.82,74.33,85.96,92.97,85.69,80.82,19.18,5.0,1504.0,7.0,5.0,9.0,1.0,low
stu_08729,class_029,81.39,82.58,83.98,93.72,80.88,79.28,18.75,10.0,1652.0,7.0,5.0,9.0,1.0,low
stu_08730,class_010,93.28,66.04,41.08,42.46,66.03,56.91,60.61,5.0,1276.0,6.0,1.0,7.0,6.0,medium
stu_08731,class_028,96.73,88.03,75.33,75.59,76.76,11.03,27.74,0.0,1741.0,7.0,4.0,0.0,0.0,low
stu_08732,class_040,24.36,35.05,67.98,56.24,36.58,25.04,89.0,0.0,657.0,3.0,2.0,0.0,5.0,high
stu_08733,class_004,72.41,84.67,67.82,69.2,75.59,80.27,12.32,11.0,1666.0,7.0,2.0,10.0,0.0,low
stu_08734,class_018,65.17,80.53,44.36,45.29,62.15,26.49,,9.0,1644.0,7.0,2.0,7.0,3.0,medium
stu_08735,class_039,63.45,75.9,53.16,62.28,55.07,51.39,44.27,1.0,1529.0,7.0,2.0,1.0,1.0,medium
stu_08736,class_014,91.97,99.85,78.5,86.16,86.58,71.46,29.31,14.0,2451.0,10.0,4.0,,1.0,low
stu_08737,class_025,88.69,68.67,91.45,87.57,79.53,81.52,,10.0,1353.0,6.0,5.0,17.0,0.0,low
stu_08738,class_004,60.22,51.45,53.74,51.99,52.24,43.82,30.23,4.0,921.0,4.0,1.0,5.0,3.0,medium
stu_08739,class_040,77.77,63.06,73.33,55.22,70.93,62.17,28.83,18.0,1479.0,6.0,2.0,16.0,0.0,low
stu_08740,class_019,77.58,80.16,86.87,92.81,79.02,63.94,25.94,11.0,1869.0,8.0,3.0,6.0,0.0,low
stu_08741,class_038,42.25,32.51,44.17,37.52,35.19,60.03,53.41,0.0,793.0,4.0,1.0,0.0,1.0,high
stu_08742,class_026,7.58,6.0,30.15,45.02,18.07,50.8,130.47,3.0,305.0,2.0,1.0,0.0,3.0,high
stu_08743,class_031,81.85,79.75,58.75,57.06,65.54,51.11,47.51,2.0,1452.0,6.0,4.0,0.0,2.0,medium
stu_08744,class_025,62.78,60.61,76.41,70.37,63.58,33.72,41.8,10.0,1324.0,6.0,2.0,7.0,0.0,medium
stu_08745,class_017,4.26,43.27,73.16,72.88,31.16,22.04,138.01,4.0,877.0,4.0,1.0,6.0,5.0,high
stu_08746,class_022,85.83,78.36,83.69,76.42,78.31,88.77,22.48,8.0,1483.0,6.0,4.0,12.0,1.0,low
stu_08747,class_008,62.87,74.49,50.13,39.19,56.89,49.52,29.34,10.0,1553.0,7.0,2.0,19.0,0.0,medium
stu_08748,class_021,79.74,80.51,53.29,51.98,67.95,16.13,47.87,10.0,1810.0,8.0,2.0,20.0,2.0,medium
stu_08749,class_036,42.37,21.91,53.79,69.6,40.75,16.75,51.71,4.0,612.0,3.0,1.0,2.0,4.0,high
stu_08750,class_001,78.24,91.02,85.78,83.6,85.22,96.05,31.79,16.0,2141.0,9.0,5.0,12.0,0.0,low
stu_08751,class_030,72.42,46.19,92.1,95.09,67.72,85.22,35.76,8.0,944.0,4.0,3.0,17.0,2.0,medium
stu_08752,class_016,75.21,66.64,72.63,81.45,75.51,82.88,36.2,10.0,1401.0,6.0,2.0,5.0,1.0,low
stu_08753,class_011,72.31,96.45,99.72,88.81,87.76,100.0,33.76,16.0,2126.0,9.0,4.0,28.0,1.0,low
stu_08754,class_005,65.64,40.75,65.64,50.88,58.57,70.09,33.62,8.0,816.0,4.0,1.0,12.0,2.0,medium
stu_08755,class_004,33.04,36.99,73.19,95.74,48.53,80.46,15.55,17.0,2171.0,9.0,6.0,31.0,0.0,low
stu_08756,class_025,29.77,72.68,46.07,39.45,45.22,31.28,43.46,2.0,1408.0,6.0,2.0,2.0,0.0,medium
stu_08757,class_037,43.16,68.24,56.43,45.7,47.12,14.96,88.57,4.0,1318.0,6.0,3.0,5.0,1.0,high
stu_08758,class_032,69.49,88.88,97.51,86.91,81.32,67.76,11.59,18.0,2038.0,9.0,5.0,21.0,1.0,low
stu_08759,class_032,21.21,0.0,30.28,26.45,13.78,28.3,25.85,2.0,182.0,1.0,0.0,0.0,4.0,high
stu_08760,class_008,87.29,77.38,90.2,95.87,84.02,64.62,22.62,10.0,1586.0,7.0,5.0,11.0,1.0,low
stu_08761,class_037,66.14,61.96,49.0,51.71,61.72,55.93,21.19,7.0,1345.0,6.0,2.0,8.0,3.0,medium
stu_08762,class_032,85.16,75.36,71.56,63.09,77.71,68.77,27.88,16.0,1965.0,8.0,4.0,12.0,0.0,low
stu_08763,class_033,56.73,79.42,65.72,68.63,63.77,33.04,58.98,10.0,1371.0,6.0,2.0,15.0,4.0,medium
stu_08764,class_010,94.14,98.07,100.0,96.74,91.92,58.69,14.84,0.0,2237.0,9.0,5.0,0.0,0.0,low
stu_08765,class_005,27.62,41.86,84.62,79.93,42.06,19.26,65.8,2.0,1074.0,5.0,2.0,2.0,0.0,high
stu_08766,class_022,71.26,54.9,91.91,91.42,68.09,38.23,24.36,9.0,1205.0,5.0,2.0,15.0,3.0,medium
stu_08767,class_014,51.84,44.6,69.11,74.06,55.04,37.67,60.53,9.0,1046.0,5.0,1.0,19.0,5.0,medium
stu_08768,class_038,88.88,76.08,99.3,95.26,84.7,79.25,19.63,13.0,1644.0,7.0,5.0,19.0,1.0,low
stu_08769,class_019,72.7,66.31,68.93,63.28,72.67,48.59,16.07,6.0,1274.0,6.0,1.0,9.0,2.0,medium
stu_08770,class_036,66.83,52.09,88.06,87.17,69.55,61.97,63.74,5.0,1116.0,5.0,3.0,9.0,1.0,medium
stu_08771,class_040,72.73,55.11,59.79,37.05,62.03,42.03,46.02,4.0,5344.0,21.0,7.0,17.0,5.0,medium
stu_08772,class_032,64.11,58.85,51.74,60.61,61.29,77.26,40.0,5.0,1312.0,6.0,2.0,8.0,2.0,medium
stu_08773,class_030,56.72,60.67,57.67,60.59,61.27,55.68,44.83,10.0,1494.0,6.0,2.0,11.0,4.0,medium
stu_08774,class_036,71.21,79.15,100.0,99.26,81.12,63.21,33.75,9.0,1775.0,8.0,4.0,9.0,0.0,low
stu_08775,class_029,29.98,20.51,81.18,84.02,39.76,53.08,62.01,2.0,971.0,4.0,1.0,2.0,1.0,medium
stu_08776,class_028,43.78,20.98,38.48,51.57,39.5,50.4,21.53,10.0,3191.0,12.0,9.0,12.0,5.0,medium
stu_08777,class_016,91.38,71.21,78.53,73.3,81.0,82.36,36.0,13.0,1807.0,8.0,3.0,11.0,0.0,low
stu_08778,class_004,41.11,45.58,39.56,34.29,36.67,15.76,27.42,5.0,1017.0,5.0,2.0,13.0,2.0,high
stu_08779,class_024,33.58,69.59,78.49,86.06,62.29,90.48,17.83,9.0,1585.0,7.0,3.0,11.0,2.0,low
stu_08780,class_039,36.42,56.9,80.77,83.5,58.92,72.61,30.36,3.0,1048.0,5.0,3.0,4.0,0.0,medium
stu_08781,class_005,0.8,15.33,58.09,65.28,26.34,28.17,33.96,4.0,347.0,2.0,1.0,1.0,3.0,high
stu_08782,class_014,16.57,32.98,31.83,35.72,25.78,9.02,61.11,5.0,720.0,3.0,1.0,6.0,3.0,high
stu_08783,class_029,46.42,45.24,72.25,78.25,47.53,22.03,34.14,3.0,961.0,4.0,1.0,5.0,4.0,medium
stu_08784,class_006,72.62,8.69,24.88,26.64,38.99,52.0,46.71,3.0,461.0,2.0,1.0,7.0,1.0,high
stu_08785,class_007,70.52,47.96,100.0,100.0,73.16,83.21,89.39,3.0,967.0,4.0,3.0,5.0,3.0,medium
stu_08786,class_025,84.76,68.31,53.91,51.54,71.39,63.12,62.44,7.0,1616.0,7.0,3.0,11.0,1.0,medium
stu_08787,class_034,67.37,58.52,84.19,84.62,64.71,40.75,71.6,2.0,1124.0,5.0,2.0,3.0,1.0,medium
stu_08788,class_039,76.3,95.72,100.0,86.24,89.53,65.63,22.18,18.0,2171.0,9.0,4.0,17.0,0.0,low
stu_08789,class_032,56.26,100.0,82.85,90.88,76.85,80.59,14.35,10.0,2185.0,9.0,4.0,12.0,0.0,low
stu_08790,class_023,88.56,85.52,97.26,90.03,93.07,99.1,16.7,16.0,2059.0,9.0,5.0,11.0,0.0,low
stu_08791,class_029,49.15,99.58,74.72,64.18,66.84,36.95,21.05,9.0,2017.0,9.0,4.0,13.0,3.0,medium
stu_08792,class_002,86.19,100.0,80.65,98.08,92.13,88.32,24.73,18.0,2048.0,9.0,6.0,26.0,0.0,low
stu_08793,class_007,86.62,75.65,74.36,88.53,80.69,91.96,26.66,16.0,1760.0,8.0,4.0,27.0,0.0,low
stu_08794,class_029,84.45,56.28,59.69,65.09,67.23,62.65,28.54,1.0,1159.0,5.0,2.0,6.0,1.0,medium
stu_08795,class_025,29.73,35.33,48.33,32.43,33.29,32.64,64.83,3.0,0.0,3.0,1.0,1.0,1.0,high
stu_08796,class_029,89.04,87.23,91.55,90.09,89.75,100.0,48.75,13.0,1684.0,7.0,4.0,15.0,0.0,low
stu_08797,class_039,42.81,67.25,74.52,75.36,59.56,68.96,33.9,2.0,1122.0,5.0,1.0,2.0,3.0,medium
stu_08798,class_003,54.25,78.6,57.34,52.48,60.74,61.97,24.93,7.0,1600.0,7.0,3.0,13.0,1.0,medium
stu_08799,class_027,50.61,85.7,71.77,65.07,64.09,76.74,17.64,1.0,1808.0,8.0,2.0,0.0,0.0,medium
stu_08800,class_006,94.95,71.39,82.33,99.0,88.51,89.67,15.69,15.0,1698.0,7.0,5.0,28.0,1.0,low
stu_08801,class_038,94.76,85.67,75.65,66.57,86.26,83.96,,12.0,1888.0,8.0,4.0,18.0,1.0,low
stu_08802,class_021,55.98,77.08,48.33,50.01,60.16,60.15,62.34,4.0,1312.0,6.0,3.0,3.0,3.0,medium
stu_08803,class_023,29.79,31.69,30.69,49.85,26.71,28.28,67.2,0.0,611.0,3.0,0.0,0.0,5.0,high
stu_08804,class_011,11.88,28.68,11.64,9.74,15.24,51.04,70.5,1.0,600.0,3.0,0.0,0.0,3.0,high
stu_08805,class_015,97.67,65.5,84.32,85.91,86.28,77.6,24.38,8.0,1701.0,7.0,4.0,10.0,0.0,low
stu_08806,class_022,81.59,85.42,95.45,95.58,84.55,85.24,22.58,8.0,1626.0,7.0,4.0,9.0,1.0,low
stu_08807,class_015,67.23,20.56,13.24,5.1,30.15,26.3,72.99,2.0,468.0,2.0,0.0,3.0,6.0,high
stu_08808,class_004,67.24,40.28,72.45,64.55,58.9,47.21,43.15,9.0,1087.0,5.0,2.0,8.0,3.0,medium
stu_08809,class_010,83.36,88.55,83.14,73.34,83.78,80.36,11.39,15.0,2226.0,9.0,6.0,16.0,0.0,low
stu_08810,class_015,15.43,26.43,47.3,49.09,31.14,55.36,63.97,0.0,465.0,2.0,0.0,5.0,2.0,high
stu_08811,class_009,35.83,37.61,47.4,59.8,36.41,18.58,50.7,5.0,969.0,4.0,1.0,3.0,1.0,medium
stu_08812,class_015,61.98,59.17,63.26,59.68,61.77,46.89,,7.0,1159.0,5.0,1.0,11.0,0.0,medium
stu_08813,class_001,57.08,66.38,85.43,92.22,68.67,78.76,35.54,4.0,1450.0,,0.0,4.0,0.0,medium
stu_08814,class_034,83.92,76.5,73.59,75.85,77.98,63.81,18.83,5.0,1547.0,7.0,3.0,8.0,0.0,low
stu_08815,class_019,100.0,,78.69,,90.33,87.37,23.29,18.0,2031.0,9.0,5.0,17.0,1.0,low
stu_08816,class_027,36.05,42.76,26.34,28.22,34.67,42.01,87.39,2.0,736.0,3.0,1.0,3.0,2.0,high
stu_08817,class_007,58.83,61.57,73.75,79.59,60.82,49.89,23.89,5.0,1164.0,5.0,1.0,7.0,3.0,medium
stu_08818,class_026,80.22,72.63,77.15,70.47,73.21,54.1,24.68,7.0,1432.0,6.0,3.0,3.0,0.0,low
stu_08819,class_037,88.64,83.66,83.96,73.63,80.14,71.53,16.54,14.0,1939.0,8.0,4.0,25.0,0.0,low
stu_08820,class_019,83.9,85.99,84.85,70.25,83.72,82.13,28.69,5.0,1763.0,8.0,4.0,0.0,0.0,low
stu_08821,class_007,71.87,92.28,86.38,84.69,86.75,49.87,16.71,12.0,2080.0,9.0,4.0,7.0,0.0,low
stu_08822,class_014,94.11,100.0,97.47,100.0,94.51,84.53,18.37,16.0,2117.0,9.0,5.0,19.0,0.0,low
stu_08823,class_001,99.71,67.48,61.82,48.3,69.27,22.81,12.24,0.0,1418.0,6.0,3.0,0.0,0.0,medium
stu_08824,class_006,97.38,69.69,84.06,85.56,89.18,90.99,18.07,16.0,1838.0,8.0,5.0,22.0,1.0,low
stu_08825,class_029,83.62,50.54,62.39,61.51,68.38,46.99,29.38,7.0,1086.0,5.0,2.0,7.0,0.0,medium
stu_08826,class_021,89.14,100.0,69.01,70.03,81.32,88.14,25.8,9.0,1906.0,8.0,3.0,12.0,2.0,low
stu_08827,class_023,83.83,68.79,33.39,35.69,64.21,85.25,26.07,5.0,2122.0,9.0,5.0,7.0,5.0,low
stu_08828,class_014,69.62,98.31,77.65,75.05,77.15,85.51,34.11,8.0,1930.0,8.0,2.0,7.0,0.0,low
stu_08829,class_003,90.69,87.57,85.5,98.69,89.72,97.8,64.24,11.0,1919.0,8.0,5.0,12.0,0.0,low
stu_08830,class_028,100.0,81.82,65.98,75.66,85.77,92.06,28.17,16.0,1853.0,8.0,3.0,19.0,0.0,low
stu_08831,class_027,37.43,35.66,10.81,8.54,31.13,29.5,52.25,1.0,487.0,2.0,1.0,2.0,4.0,high
stu_08832,class_033,84.67,78.86,87.13,83.75,81.79,68.26,48.57,18.0,0.0,9.0,6.0,32.0,0.0,low
stu_08833,class_007,86.13,68.91,81.74,84.22,78.85,76.08,24.51,17.0,1700.0,7.0,5.0,12.0,0.0,low
stu_08834,class_002,65.13,54.58,56.27,47.09,61.69,62.93,57.03,6.0,1177.0,5.0,1.0,5.0,4.0,medium
stu_08835,class_017,87.28,89.38,93.4,100.0,91.41,79.85,32.01,6.0,1897.0,8.0,4.0,10.0,1.0,low
stu_08836,class_024,36.6,35.71,21.59,15.72,33.92,25.23,52.26,1.0,608.0,3.0,1.0,3.0,5.0,high
stu_08837,class_023,43.26,34.3,13.44,7.39,31.02,0.0,63.29,1.0,686.0,3.0,1.0,1.0,5.0,high
stu_08838,class_031,69.07,92.67,78.62,75.35,81.19,84.37,34.52,16.0,1892.0,8.0,3.0,10.0,0.0,low
stu_08839,class_007,91.06,65.1,81.31,69.48,80.64,81.18,22.95,0.0,1544.0,7.0,5.0,23.0,0.0,low
stu_08840,class_004,79.56,73.47,83.11,77.23,73.97,40.37,22.56,0.0,1568.0,7.0,4.0,0.0,0.0,low
stu_08841,class_034,21.85,14.62,47.46,46.35,30.04,51.98,44.98,5.0,389.0,2.0,0.0,7.0,4.0,high
stu_08842,class_014,84.85,85.59,77.36,65.98,82.98,85.77,18.5,7.0,1645.0,7.0,4.0,16.0,0.0,low
stu_08843,class_035,92.74,93.7,80.88,87.03,94.42,89.46,23.59,12.0,2116.0,9.0,5.0,9.0,0.0,low
stu_08844,class_019,89.81,57.27,92.54,100.0,82.61,83.13,15.53,17.0,1470.0,6.0,4.0,27.0,0.0,low
stu_08845,class_012,49.0,62.63,26.57,35.89,44.71,24.1,23.78,4.0,1209.0,5.0,1.0,5.0,1.0,high
stu_08846,class_013,40.68,16.7,2.63,0.0,24.16,0.0,74.22,3.0,464.0,2.0,0.0,4.0,5.0,high
stu_08847,class_009,81.66,78.78,78.03,87.41,77.69,75.76,22.63,7.0,1437.0,6.0,3.0,4.0,0.0,low
stu_08848,class_027,46.44,30.11,50.69,43.02,43.48,45.24,19.9,2.0,457.0,2.0,0.0,2.0,3.0,high
stu_08849,class_026,92.38,95.78,87.4,91.55,89.67,95.71,14.4,6.0,2114.0,9.0,6.0,7.0,0.0,low
stu_08850,class_012,32.64,79.07,91.91,100.0,57.51,23.47,19.01,9.0,1531.0,7.0,3.0,10.0,2.0,medium
stu_08851,class_017,92.58,88.34,98.29,100.0,96.23,100.0,33.65,5.0,1618.0,7.0,5.0,4.0,0.0,low
stu_08852,class_034,79.28,86.02,,99.18,85.29,91.81,19.64,18.0,2087.0,9.0,4.0,15.0,0.0,low
stu_08853,class_012,15.0,66.56,53.52,44.21,45.56,63.01,70.3,3.0,1427.0,6.0,3.0,4.0,2.0,medium
stu_08854,class_031,82.53,77.17,36.95,30.57,69.63,66.32,28.08,8.0,0.0,8.0,2.0,8.0,3.0,medium
stu_08855,class_004,92.37,86.23,87.42,90.92,82.49,69.29,18.25,14.0,1769.0,8.0,4.0,26.0,1.0,low
stu_08856,class_008,83.02,69.98,61.91,65.88,68.52,33.33,22.12,10.0,1447.0,6.0,3.0,16.0,0.0,medium
stu_08857,class_039,19.86,64.15,63.45,54.54,48.43,67.02,26.67,9.0,1506.0,7.0,3.0,5.0,2.0,medium
stu_08858,class_016,39.81,38.74,77.26,95.86,52.69,72.62,17.01,14.0,1789.0,8.0,3.0,24.0,1.0,low
stu_08859,class_023,81.56,42.88,85.62,84.07,68.45,67.35,58.8,1.0,837.0,4.0,4.0,1.0,0.0,medium
stu_08860,class_018,87.85,95.97,77.74,69.9,86.89,84.65,17.73,12.0,2067.0,9.0,5.0,11.0,0.0,low
stu_08861,class_010,62.19,85.97,52.15,43.02,65.05,46.95,59.75,5.0,1762.0,8.0,3.0,5.0,0.0,medium
stu_08862,class_036,50.01,54.79,76.59,79.98,56.56,41.9,72.39,3.0,855.0,4.0,2.0,2.0,0.0,medium
stu_08863,class_034,84.4,82.24,94.7,100.0,87.51,76.82,17.12,6.0,1575.0,7.0,4.0,6.0,0.0,low
stu_08864,class_037,61.82,60.14,100.0,100.0,68.85,65.65,52.19,1.0,1073.0,5.0,3.0,0.0,2.0,medium
stu_08865,class_037,72.37,92.4,88.65,87.12,80.96,81.04,24.77,5.0,1785.0,8.0,3.0,8.0,0.0,low
stu_08866,class_019,39.14,57.2,82.39,81.71,61.53,100.0,25.54,7.0,1209.0,5.0,2.0,4.0,0.0,medium
stu_08867,class_027,70.48,74.07,35.58,36.94,61.98,69.7,22.54,4.0,1465.0,6.0,2.0,7.0,1.0,medium
stu_08868,class_039,88.16,72.85,36.57,31.67,60.77,29.7,72.92,0.0,646.0,3.0,1.0,1.0,4.0,high
stu_08869,class_034,62.05,84.92,89.03,82.58,80.16,100.0,17.36,6.0,1665.0,7.0,3.0,12.0,0.0,low
stu_08870,class_038,39.89,17.4,33.02,38.61,30.08,18.15,51.53,0.0,524.0,3.0,0.0,0.0,4.0,high
stu_08871,class_034,81.49,90.59,88.09,85.98,86.99,98.15,25.87,14.0,2188.0,9.0,6.0,16.0,1.0,low
stu_08872,class_040,54.75,65.7,34.91,30.4,52.81,75.02,22.17,2.0,1351.0,6.0,3.0,2.0,2.0,medium
stu_08873,class_031,22.83,28.16,27.41,29.7,27.46,36.79,82.65,0.0,552.0,3.0,0.0,0.0,6.0,high
stu_08874,class_028,45.92,50.57,82.99,92.72,55.0,38.17,19.41,5.0,1060.0,5.0,2.0,8.0,0.0,medium
stu_08875,class_010,38.71,42.78,73.91,79.03,47.71,24.98,70.54,6.0,1257.0,6.0,2.0,11.0,2.0,medium
stu_08876,class_035,44.86,55.56,91.41,85.34,52.7,49.41,36.43,2.0,962.0,4.0,2.0,3.0,1.0,medium
stu_08877,class_011,85.85,75.75,94.88,90.7,86.72,69.7,19.34,16.0,1833.0,8.0,4.0,29.0,0.0,low
stu_08878,class_020,24.77,46.13,56.34,54.18,42.21,18.68,36.01,4.0,768.0,4.0,1.0,6.0,3.0,high
stu_08879,class_001,0.0,14.54,45.95,41.38,22.93,34.07,24.64,5.0,339.0,2.0,0.0,0.0,7.0,high
stu_08880,class_034,81.11,86.9,35.05,54.68,72.1,68.05,22.55,8.0,1525.0,7.0,3.0,8.0,4.0,low
stu_08881,class_029,94.91,94.74,80.1,72.8,86.64,74.31,9.55,18.0,2358.0,10.0,6.0,32.0,0.0,low
stu_08882,class_017,45.55,53.82,79.24,80.42,51.22,30.09,123.98,2.0,1027.0,5.0,2.0,1.0,3.0,high
stu_08883,class_017,46.89,39.32,86.53,81.95,54.49,64.48,33.0,5.0,1017.0,5.0,3.0,0.0,4.0,medium
stu_08884,class_010,79.39,84.59,79.68,,82.25,79.64,15.73,0.0,1933.0,8.0,2.0,28.0,0.0,low
stu_08885,class_008,87.19,91.98,98.62,97.29,91.51,94.37,21.79,6.0,1976.0,8.0,5.0,6.0,0.0,low
stu_08886,class_015,88.91,70.37,81.0,64.9,84.13,74.25,30.04,13.0,1613.0,7.0,4.0,19.0,0.0,low
stu_08887,class_011,71.87,76.58,69.73,75.54,76.79,95.15,14.9,8.0,1684.0,7.0,3.0,13.0,0.0,low
stu_08888,class_004,68.27,89.5,75.84,83.25,78.23,44.73,34.62,3.0,1845.0,8.0,3.0,3.0,1.0,medium
stu_08889,class_011,46.72,75.71,67.82,73.59,60.64,28.24,27.67,7.0,1604.0,7.0,2.0,9.0,4.0,medium
stu_08890,class_021,67.38,23.81,45.25,47.44,51.3,33.38,77.52,7.0,592.0,3.0,0.0,10.0,2.0,medium
stu_08891,class_007,75.29,83.54,87.52,82.23,81.01,88.76,18.32,18.0,2258.0,10.0,4.0,19.0,0.0,low
stu_08892,class_026,84.36,80.69,84.82,91.78,87.91,82.01,31.24,17.0,1909.0,8.0,4.0,31.0,0.0,low
stu_08893,class_020,68.75,57.39,53.87,52.45,64.13,72.06,37.42,8.0,1299.0,6.0,2.0,14.0,3.0,medium
stu_08894,class_012,100.0,68.28,90.65,74.2,88.98,83.08,12.17,13.0,1533.0,7.0,4.0,20.0,0.0,low
stu_08895,class_016,76.31,76.66,52.68,35.93,61.7,52.35,30.88,1.0,1325.0,6.0,3.0,0.0,3.0,medium
stu_08896,class_030,91.58,71.72,38.57,27.32,71.14,71.24,14.14,15.0,1935.0,8.0,4.0,21.0,3.0,low
stu_08897,class_024,71.84,79.13,70.19,76.52,70.36,66.38,18.09,7.0,1661.0,7.0,2.0,4.0,0.0,low
stu_08898,class_035,96.49,89.85,55.33,46.26,78.83,73.91,48.48,4.0,1858.0,8.0,3.0,4.0,5.0,medium
stu_08899,class_028,43.28,24.87,100.0,85.23,55.44,,79.88,10.0,1683.0,7.0,3.0,8.0,0.0,medium
stu_08900,class_014,80.44,95.91,71.74,55.52,80.31,64.17,42.0,15.0,2373.0,10.0,5.0,28.0,1.0,low
stu_08901,class_015,70.97,72.33,54.11,50.1,66.91,41.17,37.98,10.0,,8.0,3.0,15.0,2.0,medium
stu_08902,class_036,13.31,23.52,32.13,31.0,24.65,24.92,88.86,5.0,727.0,3.0,2.0,5.0,4.0,high
stu_08903,class_037,97.09,77.38,95.7,97.48,82.93,53.97,28.22,0.0,1505.0,7.0,4.0,0.0,0.0,low
stu_08904,class_037,63.78,36.87,23.76,10.93,41.7,19.67,42.07,4.0,747.0,3.0,2.0,5.0,5.0,high
stu_08905,class_023,66.44,82.93,84.61,84.71,77.6,76.93,20.55,9.0,1605.0,7.0,4.0,10.0,0.0,low
stu_08906,class_037,89.92,84.35,90.99,83.59,86.14,80.89,23.66,5.0,1854.0,8.0,5.0,7.0,0.0,low
stu_08907,class_022,85.95,74.81,44.51,49.29,69.16,84.12,14.01,9.0,1517.0,7.0,3.0,13.0,1.0,medium
stu_08908,class_031,100.0,96.83,82.07,91.5,88.66,82.42,19.34,5.0,1921.0,8.0,4.0,8.0,0.0,low
stu_08909,class_039,44.5,56.23,68.56,49.57,55.43,51.3,19.13,9.0,5020.0,20.0,14.0,17.0,2.0,medium
stu_08910,class_013,81.53,38.78,82.04,71.52,67.25,61.55,34.18,4.0,677.0,3.0,4.0,4.0,4.0,medium
stu_08911,class_029,81.92,84.19,84.43,94.35,82.51,74.77,16.51,9.0,0.0,8.0,4.0,9.0,0.0,low
stu_08912,class_011,82.88,100.0,82.48,81.38,84.24,77.32,9.73,16.0,2090.0,9.0,5.0,16.0,0.0,low
stu_08913,class_031,86.95,76.45,74.17,61.9,82.93,86.84,22.68,15.0,1779.0,8.0,3.0,14.0,0.0,low
stu_08914,class_029,64.66,63.26,91.45,99.83,69.66,82.28,37.19,4.0,1058.0,5.0,2.0,5.0,2.0,medium
stu_08915,class_027,90.67,74.99,94.72,82.05,88.5,76.71,22.26,15.0,1793.0,8.0,4.0,10.0,0.0,low
stu_08916,class_004,61.06,26.97,69.08,75.63,59.0,65.33,42.79,10.0,730.0,3.0,2.0,6.0,2.0,medium
stu_08917,class_029,31.17,38.61,22.69,18.64,35.07,63.78,28.64,2.0,757.0,4.0,2.0,2.0,1.0,high
stu_08918,class_037,35.68,43.78,75.25,74.96,50.42,60.32,99.99,3.0,950.0,4.0,1.0,5.0,0.0,medium
stu_08919,class_032,88.52,79.25,76.45,96.19,85.62,100.0,21.21,15.0,1938.0,8.0,4.0,13.0,0.0,low
stu_08920,class_008,75.96,95.72,68.93,69.52,80.55,90.96,40.1,15.0,2159.0,9.0,3.0,25.0,0.0,low
stu_08921,class_016,92.03,92.06,86.08,87.51,96.06,89.31,24.67,15.0,2013.0,9.0,6.0,20.0,0.0,low
stu_08922,class_017,31.34,10.1,24.85,24.93,18.6,11.5,54.4,0.0,267.0,2.0,0.0,0.0,1.0,high
stu_08923,class_040,53.92,9.76,32.46,29.66,30.97,46.59,26.96,1.0,537.0,3.0,0.0,0.0,3.0,high
stu_08924,class_037,32.88,60.61,65.49,52.53,53.58,65.41,53.61,7.0,1569.0,7.0,2.0,0.0,2.0,medium
stu_08925,class_018,25.76,35.13,34.03,32.14,32.53,48.98,104.81,3.0,597.0,3.0,1.0,5.0,4.0,high
stu_08926,class_036,100.0,95.17,77.08,90.05,90.02,59.93,18.22,17.0,2352.0,10.0,4.0,26.0,1.0,low
stu_08927,class_020,100.0,75.95,93.12,92.05,92.23,87.32,20.19,16.0,1789.0,8.0,,12.0,0.0,low
stu_08928,class_034,88.03,79.72,92.2,97.63,91.25,77.36,34.84,14.0,1780.0,8.0,5.0,17.0,0.0,low
stu_08929,class_027,52.59,39.58,51.19,54.23,39.13,11.0,61.68,0.0,628.0,3.0,0.0,0.0,3.0,high
stu_08930,class_008,83.71,33.85,74.92,85.56,62.44,19.79,23.97,8.0,636.0,3.0,1.0,7.0,2.0,medium
stu_08931,class_034,66.76,56.12,40.44,79.47,57.75,74.09,60.29,4.0,3450.0,13.0,7.0,24.0,5.0,medium
stu_08932,class_021,76.77,78.86,100.0,93.25,83.32,76.19,20.96,7.0,1551.0,7.0,3.0,7.0,0.0,low
stu_08933,class_037,21.56,22.86,76.57,92.48,44.84,93.94,46.8,16.0,2265.0,10.0,4.0,15.0,2.0,low
stu_08934,class_023,12.51,43.54,34.78,38.37,26.91,18.68,82.05,0.0,974.0,4.0,2.0,0.0,3.0,high
stu_08935,class_002,91.49,100.0,89.1,86.58,94.98,62.73,34.78,10.0,2269.0,10.0,6.0,11.0,0.0,low
stu_08936,class_028,60.25,77.78,83.25,85.37,66.84,40.18,20.12,5.0,1464.0,6.0,3.0,9.0,0.0,medium
stu_08937,class_009,60.07,52.63,18.41,28.05,52.05,68.89,25.92,9.0,1108.0,5.0,1.0,10.0,4.0,medium
stu_08938,class_021,79.35,69.86,76.96,85.06,77.52,70.82,22.87,17.0,1774.0,8.0,3.0,18.0,0.0,low
stu_08939,class_036,91.26,70.27,92.89,94.23,82.73,67.57,15.56,15.0,1633.0,7.0,5.0,21.0,0.0,low
stu_08940,class_039,92.34,92.45,89.94,91.67,84.42,51.07,13.99,0.0,1989.0,8.0,5.0,0.0,0.0,low
stu_08941,class_018,95.34,77.7,92.48,100.0,85.54,89.03,28.04,15.0,1929.0,8.0,5.0,18.0,0.0,low
stu_08942,class_007,89.76,90.45,100.0,96.67,89.41,73.4,33.01,9.0,1918.0,8.0,,0.0,0.0,low
stu_08943,class_036,86.02,80.55,85.56,89.84,87.6,84.94,15.72,10.0,1591.0,7.0,5.0,9.0,2.0,low
stu_08944,class_034,97.55,79.53,50.17,64.23,74.01,59.18,48.25,9.0,1186.0,5.0,2.0,17.0,4.0,medium
stu_08945,class_002,51.43,9.83,20.54,23.59,33.85,37.99,40.02,0.0,272.0,2.0,0.0,0.0,6.0,high
stu_08946,class_025,72.56,62.6,78.28,87.83,68.71,52.97,31.29,10.0,1518.0,7.0,3.0,17.0,3.0,medium
stu_08947,class_018,21.11,8.58,12.52,7.94,17.12,12.71,22.78,0.0,0.0,1.0,0.0,0.0,6.0,high
stu_08948,class_019,89.45,93.37,87.68,98.33,88.53,88.78,28.38,18.0,2126.0,9.0,5.0,21.0,0.0,low
stu_08949,class_037,92.95,79.9,91.97,84.22,85.71,78.54,14.98,10.0,1849.0,8.0,4.0,17.0,0.0,low
stu_08950,class_013,98.16,80.95,56.8,73.44,75.98,67.61,17.94,,1736.0,7.0,3.0,8.0,1.0,low
stu_08951,class_010,48.02,33.97,43.06,34.44,40.78,17.25,72.17,4.0,722.0,3.0,1.0,5.0,3.0,high
stu_08952,class_004,82.98,77.15,94.89,100.0,83.64,90.6,23.46,16.0,1662.0,7.0,4.0,18.0,1.0,low
stu_08953,class_010,28.14,47.16,73.6,65.23,45.73,60.03,46.03,7.0,1062.0,5.0,1.0,12.0,2.0,medium
stu_08954,class_027,39.36,75.42,69.15,66.72,63.91,49.3,44.72,1.0,1547.0,7.0,3.0,2.0,2.0,medium
stu_08955,class_014,41.55,27.12,62.16,48.29,37.59,18.86,46.77,2.0,497.0,2.0,1.0,1.0,4.0,high
stu_08956,class_010,75.79,60.26,61.32,63.72,66.55,82.65,31.91,2.0,1343.0,6.0,2.0,5.0,0.0,medium
stu_08957,class_012,89.65,79.57,100.0,100.0,88.56,78.4,17.33,11.0,1761.0,8.0,4.0,14.0,0.0,low
stu_08958,class_016,76.3,75.27,71.85,78.71,75.85,81.45,16.79,5.0,0.0,7.0,2.0,4.0,0.0,low
stu_08959,class_007,67.7,64.49,54.13,44.97,57.71,23.43,32.09,4.0,1228.0,5.0,2.0,3.0,2.0,medium
stu_08960,class_007,53.93,80.98,51.48,52.0,59.33,41.38,24.41,1.0,1309.0,6.0,2.0,3.0,2.0,medium
stu_08961,class_006,73.92,94.33,74.64,90.54,77.08,67.98,37.97,5.0,1833.0,8.0,2.0,3.0,0.0,low
stu_08962,class_005,99.37,50.17,49.76,58.03,63.01,41.44,37.09,0.0,820.0,4.0,3.0,0.0,1.0,medium
stu_08963,class_004,70.68,61.41,33.46,36.1,56.62,65.13,32.54,2.0,1084.0,5.0,2.0,3.0,0.0,medium
stu_08964,class_040,99.89,72.19,97.08,90.49,92.46,69.88,15.52,9.0,1648.0,7.0,4.0,17.0,1.0,low
stu_08965,class_003,100.0,85.26,64.92,62.1,80.74,54.57,60.68,,1821.0,8.0,3.0,3.0,1.0,medium
stu_08966,class_009,87.07,82.11,51.48,39.05,74.67,73.99,54.49,7.0,612.0,3.0,1.0,3.0,3.0,medium
stu_08967,class_020,67.39,28.93,82.15,98.13,57.63,49.43,27.49,3.0,683.0,3.0,2.0,0.0,1.0,medium
stu_08968,class_001,79.61,,57.08,57.92,57.53,23.97,85.82,2.0,631.0,3.0,1.0,3.0,2.0,medium
stu_08969,class_013,90.64,80.57,91.45,89.97,88.83,79.95,18.17,6.0,1856.0,8.0,5.0,7.0,1.0,low
stu_08970,class_017,75.51,76.33,79.7,84.06,80.64,69.35,16.26,12.0,1615.0,7.0,2.0,15.0,0.0,low
stu_08971,class_008,26.34,37.16,19.96,18.46,27.16,15.88,345.79,4.0,0.0,4.0,2.0,7.0,3.0,high
stu_08972,class_022,58.88,67.47,61.94,70.26,58.42,34.84,66.65,1.0,1134.0,5.0,1.0,1.0,0.0,medium
stu_08973,class_039,36.12,54.57,19.68,23.25,42.75,82.3,48.51,7.0,992.0,4.0,1.0,11.0,2.0,medium
stu_08974,class_028,80.4,80.29,100.0,100.0,85.74,82.67,38.5,6.0,1627.0,7.0,5.0,11.0,0.0,low
stu_08975,class_032,87.54,80.97,69.52,70.15,81.36,81.34,21.94,9.0,1643.0,7.0,3.0,10.0,1.0,low
stu_08976,class_017,,,61.19,48.99,54.06,20.58,35.28,10.0,1159.0,5.0,2.0,16.0,1.0,medium
stu_08977,class_003,,88.76,69.59,86.73,78.67,78.36,13.7,9.0,1886.0,8.0,2.0,10.0,1.0,low
stu_08978,class_011,32.54,51.09,82.86,89.56,55.19,65.26,56.18,6.0,1250.0,6.0,2.0,11.0,0.0,medium
stu_08979,class_019,78.19,80.97,82.76,78.96,77.47,63.44,25.03,0.0,1493.0,6.0,3.0,0.0,0.0,low
stu_08980,class_027,78.68,89.38,86.03,72.43,85.73,80.39,20.21,12.0,1976.0,8.0,4.0,12.0,0.0,low
stu_08981,class_020,31.77,62.69,62.91,55.95,42.38,23.05,32.77,0.0,1111.0,5.0,1.0,0.0,4.0,high
stu_08982,class_033,92.08,57.1,92.28,100.0,77.82,84.59,73.66,9.0,1184.0,5.0,3.0,10.0,0.0,low
stu_08983,class_034,29.34,44.67,78.81,67.69,49.56,58.85,40.2,1.0,768.0,4.0,1.0,1.0,4.0,high
stu_08984,class_031,80.46,80.89,90.51,70.03,84.36,85.85,32.99,8.0,1631.0,7.0,4.0,12.0,0.0,low
stu_08985,class_032,85.82,78.26,98.79,93.44,87.68,86.99,28.86,18.0,1777.0,8.0,4.0,25.0,0.0,low
stu_08986,class_001,95.11,95.4,86.95,87.56,84.24,43.61,15.12,0.0,1971.0,8.0,5.0,0.0,0.0,low
stu_08987,class_016,88.27,87.23,100.0,100.0,90.81,86.86,14.42,15.0,2047.0,9.0,5.0,18.0,1.0,low
stu_08988,class_028,72.08,52.56,54.66,53.84,58.09,33.17,19.11,7.0,1229.0,5.0,2.0,15.0,2.0,medium
stu_08989,class_001,42.81,73.99,16.12,34.39,40.06,18.97,103.28,3.0,1459.0,6.0,2.0,6.0,3.0,high
stu_08990,class_011,85.32,77.97,93.09,79.46,88.8,91.94,29.05,15.0,1589.0,7.0,5.0,21.0,1.0,low
stu_08991,class_031,87.77,81.31,91.2,96.15,89.86,79.65,19.23,10.0,1778.0,8.0,4.0,14.0,1.0,low
stu_08992,class_034,80.72,44.27,85.48,98.13,72.14,70.74,27.32,10.0,1089.0,5.0,3.0,16.0,2.0,medium
stu_08993,class_022,47.59,33.87,33.54,38.64,39.12,57.51,17.17,1.0,657.0,3.0,1.0,0.0,1.0,medium
stu_08994,class_038,56.11,61.88,75.68,68.4,61.16,90.5,48.66,1.0,1339.0,6.0,2.0,0.0,2.0,medium
stu_08995,class_017,70.11,85.8,73.49,61.4,67.43,35.5,45.21,1.0,6281.0,25.0,12.0,20.0,3.0,medium
stu_08996,class_012,72.36,72.74,92.15,93.57,76.27,57.12,18.61,6.0,1191.0,5.0,3.0,14.0,0.0,low
stu_08997,class_023,38.09,68.69,91.3,88.75,66.47,54.96,32.12,5.0,1333.0,6.0,3.0,5.0,2.0,medium
stu_08998,class_029,98.53,81.98,70.29,80.51,79.39,79.84,21.01,6.0,1622.0,7.0,3.0,7.0,0.0,low
stu_08999,class_027,77.56,77.98,81.58,58.14,81.14,76.82,26.91,13.0,1837.0,8.0,4.0,14.0,0.0,low
stu_09000,class_031,58.14,65.39,54.52,62.8,56.15,52.12,72.08,5.0,1415.0,6.0,3.0,8.0,4.0,medium
stu_09001,class_011,84.43,90.21,83.86,85.58,90.42,99.94,16.15,5.0,1740.0,7.0,5.0,10.0,0.0,low
stu_09002,class_038,49.22,62.99,58.03,58.71,56.79,38.56,57.77,2.0,1083.0,5.0,1.0,1.0,1.0,medium
stu_09003,class_020,97.79,100.0,76.73,71.97,92.22,84.08,27.14,12.0,2300.0,10.0,4.0,12.0,0.0,low
stu_09004,class_025,28.81,16.73,24.99,32.26,29.48,40.25,97.8,3.0,489.0,2.0,0.0,4.0,6.0,high
stu_09005,class_018,78.06,16.11,36.0,35.88,44.68,38.56,58.65,8.0,621.0,3.0,0.0,13.0,1.0,medium
stu_09006,class_032,76.94,87.19,97.34,96.0,83.24,92.72,18.58,6.0,1936.0,8.0,4.0,9.0,1.0,low
stu_09007,class_012,24.65,24.82,36.66,38.75,27.55,44.19,42.5,0.0,393.0,2.0,0.0,4.0,4.0,high
stu_09008,class_026,76.35,41.25,71.46,61.65,62.11,38.15,24.51,9.0,1029.0,5.0,2.0,6.0,1.0,medium
stu_09009,class_022,85.76,87.08,73.31,81.24,85.56,74.68,21.6,18.0,2261.0,10.0,4.0,15.0,0.0,low
stu_09010,class_003,78.63,59.75,86.63,91.45,75.78,62.1,26.47,15.0,1469.0,6.0,4.0,24.0,1.0,low
stu_09011,class_002,90.99,83.09,100.0,88.72,91.12,80.18,27.76,10.0,1606.0,7.0,4.0,11.0,0.0,low
stu_09012,class_023,32.18,21.22,26.54,10.25,26.96,28.18,51.26,4.0,484.0,2.0,1.0,7.0,2.0,high
stu_09013,class_007,60.32,52.95,58.27,42.52,57.45,61.41,42.89,5.0,1163.0,5.0,1.0,5.0,0.0,medium
stu_09014,class_019,75.06,68.68,66.14,62.49,69.37,50.88,90.93,1.0,1127.0,5.0,2.0,0.0,1.0,medium
stu_09015,class_017,36.75,42.65,89.37,82.07,50.52,55.31,23.06,4.0,1025.0,5.0,2.0,6.0,2.0,medium
stu_09016,class_036,30.65,11.38,27.2,35.01,24.8,34.39,85.18,4.0,313.0,2.0,1.0,7.0,3.0,high
stu_09017,class_012,54.84,61.9,,67.75,63.15,62.56,60.01,7.0,1288.0,6.0,3.0,9.0,3.0,medium
stu_09018,class_022,25.48,39.04,82.52,88.99,53.93,95.68,19.24,15.0,1590.0,7.0,4.0,13.0,0.0,low
stu_09019,class_028,93.13,54.78,56.15,65.64,67.12,21.75,38.59,10.0,1286.0,6.0,2.0,18.0,2.0,medium
stu_09020,class_026,27.45,50.13,77.69,81.32,59.26,67.91,43.09,7.0,1660.0,7.0,2.0,10.0,0.0,medium
stu_09021,class_011,47.27,36.15,31.63,39.75,35.16,24.61,188.35,2.0,657.0,3.0,2.0,3.0,7.0,high
stu_09022,class_032,79.61,71.45,63.61,61.48,67.03,50.45,61.77,4.0,1502.0,7.0,2.0,0.0,2.0,medium
stu_09023,class_037,84.49,84.1,93.7,90.35,88.38,75.07,15.66,17.0,2094.0,9.0,6.0,11.0,2.0,low
stu_09024,class_030,100.0,89.45,73.01,84.39,86.52,77.75,21.11,14.0,1985.0,8.0,4.0,21.0,0.0,low
stu_09025,class_007,73.35,56.45,67.22,42.0,65.58,69.32,18.05,1.0,1005.0,5.0,1.0,1.0,2.0,medium
stu_09026,class_040,87.15,64.17,50.55,58.12,73.38,84.88,29.11,17.0,1790.0,8.0,4.0,25.0,7.0,low
stu_09027,class_011,81.95,81.17,71.47,57.57,74.24,71.72,20.36,6.0,1626.0,7.0,3.0,8.0,1.0,low
stu_09028,class_023,49.34,35.32,64.31,66.34,54.7,58.04,41.03,7.0,1074.0,5.0,1.0,8.0,1.0,medium
stu_09029,class_012,28.71,42.15,27.7,24.0,28.74,32.96,67.16,3.0,914.0,4.0,1.0,4.0,5.0,high
stu_09030,class_003,100.0,83.96,71.94,65.67,87.49,77.28,15.75,16.0,2148.0,9.0,4.0,29.0,0.0,low
stu_09031,class_030,29.79,44.68,63.78,55.7,43.62,49.83,38.98,5.0,1100.0,,1.0,7.0,3.0,medium
stu_09032,class_027,76.53,79.39,84.71,81.02,78.28,68.77,29.08,6.0,1648.0,7.0,4.0,9.0,0.0,low
stu_09033,class_015,56.2,59.89,55.07,58.05,56.06,57.28,45.81,4.0,1088.0,5.0,1.0,0.0,3.0,medium
stu_09034,class_025,72.29,41.58,0.0,0.0,35.53,23.59,97.29,2.0,962.0,4.0,1.0,5.0,4.0,high
stu_09035,class_036,49.24,34.47,3.22,12.23,32.86,33.96,97.33,3.0,739.0,3.0,1.0,6.0,3.0,high
stu_09036,class_027,80.77,86.41,76.69,76.56,84.23,87.42,47.17,0.0,1922.0,8.0,4.0,17.0,1.0,low
stu_09037,class_004,14.87,18.12,34.64,43.19,19.76,27.72,27.91,5.0,472.0,2.0,1.0,7.0,3.0,high
stu_09038,class_038,89.97,88.65,84.16,76.99,85.98,75.31,40.99,9.0,1851.0,8.0,5.0,8.0,,low
stu_09039,class_026,60.83,28.13,61.79,55.0,57.54,63.19,36.56,10.0,4235.0,16.0,12.0,15.0,2.0,medium
stu_09040,class_001,59.79,59.16,36.08,37.87,59.35,64.81,36.05,5.0,1192.0,5.0,1.0,5.0,5.0,medium
stu_09041,class_034,14.54,68.85,57.8,70.94,38.67,16.53,38.82,0.0,1121.0,5.0,2.0,0.0,6.0,high
stu_09042,class_020,70.15,67.91,21.46,24.88,53.42,64.25,33.44,2.0,1108.0,5.0,2.0,2.0,1.0,medium
stu_09043,class_035,89.85,68.49,97.66,87.49,77.52,22.79,19.99,0.0,1716.0,7.0,4.0,0.0,1.0,low
stu_09044,class_019,47.58,32.54,45.01,38.34,44.57,44.93,42.71,8.0,743.0,3.0,1.0,0.0,1.0,medium
stu_09045,class_009,78.93,85.27,84.27,92.27,84.63,92.98,23.52,7.0,1842.0,8.0,3.0,10.0,0.0,low
stu_09046,class_008,49.71,60.62,56.33,56.87,57.26,81.31,21.72,1.0,5615.0,22.0,7.0,18.0,4.0,medium
stu_09047,class_004,85.47,90.74,100.0,100.0,83.96,74.72,29.98,11.0,1797.0,8.0,5.0,7.0,0.0,low
stu_09048,class_017,100.0,85.64,100.0,91.45,98.2,94.58,12.66,18.0,2170.0,9.0,5.0,27.0,0.0,low
stu_09049,class_010,29.68,39.71,91.05,99.01,52.19,48.34,24.65,10.0,776.0,4.0,3.0,6.0,1.0,medium
stu_09050,class_030,65.63,45.42,31.37,16.9,50.19,41.91,40.02,9.0,1064.0,5.0,2.0,15.0,3.0,medium
stu_09051,class_025,59.18,44.03,41.75,41.31,48.88,55.23,62.38,2.0,767.0,4.0,1.0,4.0,2.0,medium
stu_09052,class_038,33.75,31.13,48.72,56.99,31.65,35.71,87.44,0.0,489.0,2.0,1.0,0.0,5.0,high
stu_09053,class_029,25.93,54.71,77.21,94.89,46.55,23.01,109.85,4.0,845.0,4.0,1.0,8.0,1.0,high
stu_09054,class_013,44.98,51.82,47.79,31.19,57.38,89.44,24.86,,1237.0,5.0,2.0,6.0,3.0,medium
stu_09055,class_003,58.56,30.2,46.44,43.78,50.64,52.32,47.87,9.0,909.0,4.0,1.0,13.0,0.0,medium
stu_09056,class_022,43.13,71.82,98.21,92.15,73.04,83.29,37.27,8.0,1668.0,7.0,3.0,9.0,3.0,medium
stu_09057,class_040,15.57,38.19,25.07,28.57,25.3,23.4,34.28,5.0,905.0,4.0,1.0,12.0,3.0,high
stu_09058,class_037,86.7,34.24,61.75,59.06,55.85,13.97,39.92,1.0,690.0,3.0,2.0,5.0,2.0,medium
stu_09059,class_023,85.02,95.2,86.33,92.63,83.82,71.34,34.93,5.0,1928.0,8.0,4.0,9.0,0.0,low
stu_09060,class_006,9.07,22.13,29.9,8.76,15.07,32.36,71.92,0.0,318.0,2.0,0.0,0.0,3.0,high
stu_09061,class_006,29.37,59.01,46.7,33.99,42.76,39.95,32.33,6.0,1173.0,5.0,2.0,8.0,2.0,medium
stu_09062,class_005,48.67,67.95,28.71,33.08,53.7,62.56,18.2,7.0,1730.0,7.0,2.0,11.0,3.0,medium
stu_09063,class_004,77.5,65.93,89.53,99.44,76.98,93.73,29.17,13.0,1648.0,7.0,4.0,19.0,0.0,low
stu_09064,class_011,77.77,69.83,73.92,75.34,75.92,74.18,20.0,12.0,1730.0,7.0,2.0,24.0,1.0,low
stu_09065,class_012,29.43,54.99,37.53,43.21,31.15,8.03,190.76,1.0,920.0,4.0,2.0,1.0,3.0,high
stu_09066,class_003,75.09,47.31,46.76,53.97,57.34,33.01,27.45,9.0,1087.0,5.0,1.0,8.0,4.0,medium
stu_09067,class_003,80.0,59.8,63.28,62.53,69.89,75.54,78.47,9.0,1492.0,6.0,3.0,15.0,0.0,medium
stu_09068,class_030,27.54,0.01,52.15,60.16,23.46,14.18,38.5,2.0,112.0,1.0,1.0,1.0,1.0,high
stu_09069,class_003,94.55,87.34,80.67,75.95,85.02,73.42,19.26,12.0,1803.0,8.0,4.0,23.0,0.0,low
stu_09070,class_015,78.21,73.43,79.26,74.81,77.65,78.65,15.54,11.0,1617.0,7.0,2.0,,0.0,low
stu_09071,class_026,25.71,78.4,35.67,28.44,44.0,19.37,41.21,5.0,1431.0,6.0,2.0,11.0,3.0,high
stu_09072,class_007,90.99,59.2,97.99,90.35,81.19,85.05,23.14,11.0,1296.0,6.0,4.0,12.0,0.0,low
stu_09073,class_005,42.13,73.25,67.19,64.19,54.03,31.8,41.91,0.0,0.0,6.0,2.0,0.0,3.0,medium
stu_09074,class_022,77.3,88.35,83.68,89.08,76.85,76.6,30.49,13.0,1902.0,8.0,3.0,10.0,0.0,low
stu_09075,class_021,30.31,49.7,56.3,60.8,36.3,20.5,61.9,0.0,875.0,4.0,1.0,0.0,1.0,high
stu_09076,class_038,60.15,71.52,64.37,76.67,65.76,60.51,34.29,9.0,1357.0,6.0,3.0,16.0,2.0,medium
stu_09077,class_004,79.58,79.41,100.0,,86.28,83.28,25.12,10.0,1761.0,8.0,3.0,17.0,0.0,low
stu_09078,class_018,47.57,50.58,56.3,68.82,51.79,38.05,36.2,8.0,1300.0,6.0,0.0,10.0,1.0,medium
stu_09079,class_033,61.21,70.63,35.5,34.2,57.53,52.39,15.96,4.0,1371.0,6.0,2.0,2.0,0.0,medium
stu_09080,class_017,51.79,64.64,72.28,61.93,55.8,71.17,41.88,2.0,1229.0,5.0,1.0,2.0,0.0,medium
stu_09081,class_001,90.53,85.17,87.24,92.06,85.36,73.23,38.25,9.0,1679.0,7.0,4.0,16.0,0.0,low
stu_09082,class_020,14.31,11.59,70.91,65.03,29.85,10.64,80.14,4.0,357.0,2.0,0.0,3.0,4.0,high
stu_09083,class_006,58.25,70.74,57.38,51.99,61.45,36.67,69.86,7.0,1322.0,6.0,2.0,11.0,3.0,medium
stu_09084,class_009,54.89,19.36,43.51,51.07,40.08,14.26,166.24,5.0,473.0,2.0,1.0,10.0,2.0,high
stu_09085,class_032,100.0,82.15,78.11,79.23,95.21,83.18,20.85,15.0,1744.0,7.0,3.0,29.0,0.0,low
stu_09086,class_003,83.94,75.63,80.92,76.41,83.04,86.15,27.76,13.0,1607.0,7.0,4.0,0.0,0.0,low
stu_09087,class_018,63.37,40.11,62.19,59.46,49.9,34.54,61.95,1.0,764.0,4.0,1.0,3.0,0.0,medium
stu_09088,class_028,82.87,73.39,99.53,86.05,77.83,43.17,12.46,0.0,1880.0,8.0,4.0,0.0,0.0,low
stu_09089,class_027,16.91,0.0,72.19,66.02,23.83,34.65,61.94,0.0,69.0,1.0,0.0,0.0,3.0,high
stu_09090,class_011,77.45,91.8,73.15,78.74,84.27,88.54,24.03,18.0,1980.0,8.0,3.0,25.0,0.0,low
stu_09091,class_014,81.52,47.31,77.63,72.6,68.63,83.96,55.03,,967.0,4.0,3.0,12.0,2.0,medium
stu_09092,class_029,6.53,29.87,42.28,43.3,29.25,50.21,66.54,1.0,472.0,2.0,0.0,1.0,8.0,high
stu_09093,class_030,79.5,86.0,70.46,81.09,81.0,70.71,,8.0,1779.0,8.0,3.0,11.0,0.0,low
stu_09094,class_019,38.42,15.57,50.43,48.21,27.77,17.12,53.32,0.0,297.0,2.0,1.0,6.0,6.0,high
stu_09095,class_035,75.65,20.18,79.32,76.18,58.92,93.98,37.1,5.0,566.0,3.0,1.0,6.0,0.0,medium
stu_09096,class_038,94.72,95.07,81.32,80.5,90.71,78.46,16.37,9.0,2004.0,9.0,5.0,17.0,0.0,low
stu_09097,class_018,88.39,79.51,99.88,98.62,87.64,82.38,20.26,6.0,1488.0,6.0,,12.0,0.0,low
stu_09098,class_012,83.91,70.05,88.4,93.5,72.36,43.44,38.64,0.0,1444.0,6.0,5.0,0.0,0.0,low
stu_09099,class_033,99.61,71.59,76.32,88.69,85.52,88.92,20.32,14.0,1841.0,8.0,3.0,20.0,2.0,low
stu_09100,class_037,66.44,69.15,62.79,63.34,63.41,51.22,52.24,6.0,1154.0,5.0,1.0,12.0,3.0,medium
stu_09101,class_011,32.01,34.23,75.95,75.72,45.35,30.99,44.12,2.0,935.0,4.0,1.0,4.0,2.0,medium
stu_09102,class_033,65.34,49.72,67.95,66.27,62.25,40.45,23.08,10.0,1145.0,5.0,1.0,8.0,1.0,medium
stu_09103,class_002,91.03,84.55,79.01,63.74,82.04,96.51,27.99,14.0,2142.0,9.0,5.0,10.0,0.0,low
stu_09104,class_005,36.95,69.72,29.33,26.92,41.6,37.09,143.22,0.0,1469.0,6.0,2.0,4.0,1.0,high
stu_09105,class_033,75.54,80.46,76.35,87.58,73.84,60.75,16.51,5.0,1626.0,7.0,2.0,9.0,0.0,low
stu_09106,class_027,26.19,23.52,48.5,45.94,31.92,47.0,132.26,2.0,475.0,2.0,0.0,6.0,4.0,high
stu_09107,class_029,78.52,80.35,81.88,85.09,85.91,97.4,30.9,17.0,1996.0,8.0,4.0,19.0,0.0,low
stu_09108,class_036,42.12,71.05,50.42,52.63,56.71,77.64,28.93,8.0,1561.0,7.0,3.0,13.0,3.0,medium
stu_09109,class_015,30.8,29.35,19.82,21.98,35.65,62.0,55.71,5.0,545.0,3.0,0.0,8.0,1.0,high
stu_09110,class_012,56.12,55.16,78.68,75.9,65.83,55.24,18.69,8.0,1355.0,6.0,3.0,9.0,1.0,medium
stu_09111,class_029,66.74,33.25,12.41,8.36,38.09,13.19,61.21,5.0,620.0,3.0,1.0,11.0,1.0,high
stu_09112,class_026,75.73,69.75,72.01,65.69,62.08,40.48,15.54,0.0,1574.0,7.0,3.0,,0.0,low
stu_09113,class_005,96.67,94.6,88.27,66.74,87.41,67.3,35.99,7.0,1838.0,8.0,4.0,7.0,1.0,low
stu_09114,class_008,77.83,47.92,72.87,68.35,68.02,52.06,20.14,3.0,1037.0,5.0,2.0,6.0,2.0,medium
stu_09115,class_022,51.58,60.21,95.68,86.44,63.89,39.37,72.84,4.0,1359.0,6.0,3.0,0.0,2.0,medium
stu_09116,class_022,20.81,46.28,43.72,47.64,35.02,32.26,46.33,,825.0,4.0,1.0,7.0,1.0,high
stu_09117,class_019,77.88,77.53,83.85,82.45,82.11,69.88,28.57,8.0,1579.0,7.0,4.0,15.0,0.0,low
stu_09118,class_010,36.53,19.67,90.0,92.39,44.34,29.86,29.42,0.0,364.0,2.0,1.0,2.0,5.0,high
stu_09119,class_022,54.33,39.93,59.42,61.19,54.81,70.41,22.28,4.0,831.0,4.0,1.0,3.0,3.0,medium
stu_09120,class_040,92.06,100.0,80.32,66.31,88.04,76.91,15.13,15.0,2196.0,9.0,5.0,17.0,1.0,low
stu_09121,class_024,65.88,35.63,55.3,52.23,54.78,49.26,52.73,2.0,595.0,3.0,0.0,5.0,3.0,medium
stu_09122,class_014,78.92,80.5,79.68,65.48,73.26,33.81,33.37,0.0,1780.0,8.0,2.0,0.0,0.0,low
stu_09123,class_004,51.6,55.47,57.13,52.08,55.66,43.33,48.52,8.0,1480.0,6.0,2.0,3.0,1.0,medium
stu_09124,class_035,100.0,99.03,71.18,67.98,91.72,83.14,24.51,10.0,2119.0,9.0,5.0,11.0,0.0,low
stu_09125,class_027,81.92,46.46,50.75,51.65,55.42,18.9,14.73,3.0,688.0,3.0,2.0,4.0,3.0,medium
stu_09126,class_030,84.15,81.58,76.52,73.29,75.14,43.22,17.79,10.0,1619.0,7.0,,14.0,1.0,low
stu_09127,class_018,20.67,15.5,39.98,36.82,28.06,49.6,40.78,5.0,341.0,,0.0,6.0,6.0,high
stu_09128,class_021,49.14,40.3,51.52,48.73,44.96,48.33,46.36,1.0,788.0,4.0,2.0,1.0,2.0,medium
stu_09129,class_014,68.33,38.49,80.03,78.04,61.33,18.15,23.37,4.0,580.0,3.0,2.0,6.0,1.0,medium
stu_09130,class_014,16.77,41.4,86.01,86.82,41.95,13.43,105.15,3.0,951.0,4.0,2.0,5.0,4.0,high
stu_09131,class_035,49.27,54.63,39.59,39.22,54.17,57.86,67.02,9.0,1294.0,6.0,2.0,16.0,2.0,medium
stu_09132,class_012,85.82,52.29,59.14,50.05,72.81,47.46,31.0,8.0,1369.0,6.0,3.0,5.0,1.0,medium
stu_09133,class_028,77.43,77.28,84.76,77.06,78.15,54.56,20.31,8.0,1690.0,7.0,3.0,13.0,0.0,low
stu_09134,class_031,83.33,86.43,98.93,99.15,80.46,36.29,12.49,0.0,1948.0,8.0,4.0,0.0,1.0,low
stu_09135,class_025,54.7,49.62,31.88,20.82,41.75,56.26,42.65,3.0,930.0,4.0,1.0,6.0,3.0,medium
stu_09136,class_034,59.31,55.58,64.45,61.47,60.67,79.58,30.49,5.0,1069.0,5.0,2.0,12.0,2.0,medium
stu_09137,class_035,72.99,67.75,62.35,66.1,71.43,75.47,69.64,9.0,1342.0,6.0,3.0,14.0,3.0,medium
stu_09138,class_001,87.71,68.75,,44.41,67.73,72.67,68.26,9.0,1662.0,7.0,3.0,15.0,2.0,medium
stu_09139,class_023,79.19,60.13,58.39,65.89,66.03,38.51,75.09,8.0,1681.0,7.0,3.0,8.0,3.0,medium
stu_09140,class_026,90.95,75.34,98.75,97.32,90.05,71.85,45.43,13.0,1645.0,7.0,4.0,8.0,1.0,low
stu_09141,class_035,54.7,28.64,54.32,57.12,46.04,31.39,42.57,2.0,763.0,4.0,2.0,2.0,5.0,high
stu_09142,class_021,47.09,68.94,37.81,19.47,51.92,58.83,64.05,8.0,1418.0,6.0,2.0,6.0,1.0,medium
stu_09143,class_003,30.46,40.67,87.74,78.72,57.3,72.34,24.43,11.0,1282.0,6.0,2.0,18.0,2.0,low
stu_09144,class_040,9.35,41.48,38.68,40.73,29.48,54.98,39.81,2.0,853.0,4.0,1.0,4.0,1.0,high
stu_09145,class_007,100.0,58.43,84.63,89.82,76.27,56.4,31.0,1.0,1009.0,5.0,3.0,0.0,3.0,medium
stu_09146,class_008,96.54,48.87,23.86,20.29,60.35,17.43,39.01,5.0,499.0,2.0,1.0,9.0,7.0,high
stu_09147,class_026,97.34,67.13,29.05,36.91,73.23,84.0,33.67,7.0,1140.0,5.0,2.0,13.0,1.0,medium
stu_09148,class_003,100.0,70.98,96.66,100.0,89.73,76.84,8.79,18.0,1877.0,8.0,4.0,21.0,1.0,low
stu_09149,class_021,0.0,31.52,55.29,60.48,30.48,37.45,110.38,4.0,881.0,4.0,1.0,0.0,3.0,high
stu_09150,class_022,82.08,99.16,85.87,69.14,83.67,65.29,29.3,6.0,1891.0,8.0,4.0,4.0,1.0,low
stu_09151,class_003,88.66,80.11,84.17,79.59,83.9,82.71,13.69,14.0,2168.0,9.0,5.0,14.0,0.0,low
stu_09152,class_016,67.53,19.06,49.6,54.41,46.1,30.46,77.55,1.0,199.0,1.0,0.0,1.0,4.0,high
stu_09153,class_006,81.05,65.91,89.36,85.86,80.54,78.01,17.92,9.0,1470.0,6.0,5.0,15.0,1.0,low
stu_09154,class_033,88.04,71.92,72.8,69.94,82.0,59.36,34.58,9.0,1496.0,6.0,3.0,15.0,0.0,low
stu_09155,class_008,85.0,90.61,86.13,96.04,84.64,93.15,12.05,15.0,2043.0,9.0,5.0,22.0,0.0,low
stu_09156,class_033,59.17,26.73,10.73,5.37,35.7,53.67,59.89,4.0,563.0,3.0,0.0,0.0,2.0,high
stu_09157,class_012,60.42,87.91,61.52,69.44,63.08,26.44,26.95,5.0,1712.0,7.0,2.0,7.0,4.0,medium
stu_09158,class_033,54.09,17.2,61.98,46.19,43.74,11.8,166.47,1.0,449.0,2.0,1.0,1.0,2.0,high
stu_09159,class_032,92.33,92.25,89.34,91.9,90.01,97.7,27.67,6.0,1850.0,8.0,4.0,3.0,2.0,low
stu_09160,class_004,64.14,68.02,51.76,53.79,66.78,55.44,38.47,9.0,1453.0,6.0,2.0,6.0,1.0,medium
stu_09161,class_027,25.3,47.98,52.81,59.68,40.85,38.3,96.54,0.0,942.0,4.0,2.0,5.0,2.0,high
stu_09162,class_035,,57.63,40.61,54.59,46.71,43.45,27.41,2.0,1252.0,6.0,2.0,2.0,3.0,high
stu_09163,class_019,22.83,41.65,87.18,87.62,39.51,38.12,38.2,3.0,179.0,1.0,0.0,5.0,0.0,high
stu_09164,class_022,83.5,100.0,86.21,83.1,85.56,75.95,30.81,9.0,1846.0,8.0,4.0,15.0,0.0,low
stu_09165,class_017,65.06,81.12,57.46,69.6,57.73,21.8,35.04,2.0,1413.0,6.0,3.0,1.0,1.0,medium
stu_09166,class_035,60.22,47.07,69.26,59.79,55.81,56.01,52.88,4.0,0.0,4.0,1.0,6.0,4.0,medium
stu_09167,class_004,62.14,60.21,92.34,84.52,65.5,37.56,70.36,1.0,1073.0,5.0,2.0,0.0,2.0,medium
stu_09168,class_019,79.62,78.05,80.46,66.17,80.03,77.29,18.78,14.0,1850.0,8.0,4.0,21.0,0.0,low
stu_09169,class_013,45.1,84.82,66.88,81.22,68.5,64.55,47.1,5.0,1770.0,8.0,2.0,7.0,0.0,medium
stu_09170,class_017,66.82,35.19,58.26,55.84,56.12,55.58,16.5,3.0,759.0,4.0,1.0,3.0,2.0,medium
stu_09171,class_030,33.51,52.6,93.49,100.0,52.15,63.51,59.77,5.0,1124.0,5.0,2.0,6.0,0.0,medium
stu_09172,class_017,30.53,26.12,90.41,86.54,51.72,76.31,19.7,11.0,1669.0,7.0,5.0,15.0,1.0,low
stu_09173,class_009,100.0,70.08,42.08,47.39,69.44,78.85,30.68,5.0,1551.0,7.0,4.0,6.0,6.0,low
stu_09174,class_024,52.08,17.98,61.62,50.55,38.33,39.82,98.95,0.0,555.0,3.0,0.0,0.0,4.0,high
stu_09175,class_038,100.0,79.5,100.0,100.0,93.58,76.83,18.72,16.0,1687.0,7.0,5.0,15.0,0.0,low
stu_09176,class_022,65.25,80.71,80.57,88.7,78.38,78.78,26.4,15.0,1822.0,8.0,3.0,18.0,0.0,low
stu_09177,class_025,100.0,82.27,89.45,91.21,89.65,82.07,19.7,6.0,1643.0,7.0,4.0,7.0,0.0,low
stu_09178,class_003,72.99,84.63,83.78,92.07,78.75,60.41,20.13,9.0,1894.0,8.0,3.0,6.0,0.0,low
stu_09179,class_020,44.84,33.95,55.99,61.04,47.53,34.42,27.62,2.0,715.0,3.0,1.0,1.0,4.0,high
stu_09180,class_027,86.43,68.56,74.36,70.66,83.63,75.79,19.78,14.0,1800.0,8.0,3.0,16.0,1.0,low
stu_09181,class_013,45.68,47.86,23.78,23.14,37.79,17.67,65.12,3.0,947.0,4.0,1.0,4.0,7.0,high
stu_09182,class_032,81.55,73.83,84.61,81.32,74.77,79.43,8.48,10.0,1471.0,6.0,4.0,12.0,0.0,low
stu_09183,class_014,81.79,83.26,78.57,89.76,78.97,76.73,12.2,9.0,1675.0,7.0,3.0,9.0,0.0,low
stu_09184,class_019,68.81,89.65,100.0,94.6,81.27,73.27,25.24,12.0,1957.0,8.0,4.0,11.0,0.0,low
stu_09185,class_012,92.05,93.85,85.37,82.59,84.59,80.81,31.5,12.0,2062.0,9.0,6.0,9.0,0.0,low
stu_09186,class_013,48.7,49.43,61.08,45.27,57.09,82.35,20.24,10.0,1314.0,6.0,3.0,7.0,1.0,medium
stu_09187,class_032,78.64,77.18,58.69,63.8,68.53,39.03,34.68,6.0,1458.0,6.0,2.0,9.0,2.0,medium
stu_09188,class_015,83.92,29.93,87.49,100.0,65.46,29.56,57.96,10.0,800.0,4.0,3.0,13.0,3.0,medium
stu_09189,class_032,85.66,85.74,89.97,99.65,84.47,95.17,28.17,5.0,1677.0,7.0,4.0,8.0,,low
stu_09190,class_021,78.61,100.0,87.87,83.12,83.53,83.67,26.14,5.0,1960.0,8.0,4.0,4.0,1.0,low
stu_09191,class_018,29.39,44.96,54.84,54.43,41.86,68.58,47.34,7.0,956.0,4.0,2.0,11.0,0.0,medium
stu_09192,class_025,64.09,47.61,55.0,60.56,54.11,55.73,10.08,2.0,2810.0,11.0,8.0,12.0,5.0,medium
stu_09193,class_007,38.46,24.13,23.04,25.05,29.3,24.46,58.55,5.0,591.0,3.0,0.0,4.0,3.0,high
stu_09194,class_011,69.7,59.53,66.0,67.79,57.25,40.78,31.53,5.0,1270.0,6.0,2.0,5.0,3.0,medium
stu_09195,class_026,83.33,76.74,85.7,81.4,79.21,99.12,15.67,11.0,0.0,7.0,5.0,11.0,0.0,low
stu_09196,class_009,82.91,93.16,89.56,75.8,84.27,83.6,22.25,7.0,2044.0,9.0,5.0,12.0,0.0,low
stu_09197,class_018,78.63,67.46,99.65,91.77,84.21,88.21,24.76,13.0,1424.0,6.0,3.0,13.0,0.0,low
stu_09198,class_028,24.61,35.45,13.25,12.72,18.79,9.48,69.33,0.0,592.0,3.0,0.0,0.0,3.0,high
stu_09199,class_036,51.98,90.65,83.99,79.07,68.3,71.26,21.26,6.0,1707.0,7.0,4.0,10.0,1.0,low
stu_09200,class_024,91.21,82.4,85.52,75.79,87.75,100.0,29.05,5.0,1738.0,7.0,5.0,9.0,0.0,low
stu_09201,class_034,93.45,68.8,89.93,87.73,79.55,79.0,39.74,5.0,1359.0,6.0,4.0,5.0,0.0,low
stu_09202,class_002,95.51,76.75,95.51,100.0,89.27,87.94,15.62,5.0,1612.0,7.0,4.0,10.0,0.0,low
stu_09203,class_004,95.1,72.94,88.82,86.63,80.22,63.37,32.66,12.0,1719.0,7.0,5.0,9.0,0.0,low
stu_09204,class_039,92.72,88.41,79.41,73.1,86.63,66.38,27.43,11.0,2036.0,9.0,5.0,12.0,1.0,low
stu_09205,class_024,84.84,69.95,73.37,78.61,77.17,100.0,27.33,13.0,1587.0,7.0,3.0,7.0,0.0,low
stu_09206,class_004,84.75,73.97,87.44,96.93,85.87,85.42,12.68,7.0,1478.0,6.0,4.0,8.0,0.0,low
stu_09207,class_022,85.36,85.53,89.71,100.0,89.34,88.76,41.99,15.0,1943.0,8.0,4.0,17.0,0.0,low
stu_09208,class_007,56.89,43.79,31.79,24.34,46.41,65.24,23.73,2.0,915.0,4.0,2.0,3.0,1.0,medium
stu_09209,class_035,90.23,64.58,47.17,31.84,70.29,,43.15,9.0,1596.0,7.0,4.0,8.0,1.0,medium
stu_09210,class_020,74.81,36.96,64.99,62.27,68.76,71.64,36.18,2.0,896.0,4.0,1.0,1.0,3.0,medium
stu_09211,class_005,62.18,48.14,89.67,79.12,64.92,34.4,36.73,10.0,1112.0,5.0,2.0,18.0,2.0,medium
stu_09212,class_009,72.12,67.6,86.49,99.04,65.66,30.18,46.48,4.0,1388.0,6.0,3.0,2.0,0.0,medium
stu_09213,class_031,40.64,10.01,54.35,52.53,32.69,20.73,103.04,2.0,314.0,2.0,0.0,6.0,5.0,high
stu_09214,class_008,30.19,3.07,53.4,49.28,32.71,38.52,52.08,0.0,37.0,1.0,1.0,0.0,4.0,high
stu_09215,class_009,84.36,80.26,86.39,98.05,81.85,100.0,18.44,9.0,1719.0,7.0,5.0,10.0,0.0,low
stu_09216,class_024,61.72,36.87,74.27,53.15,54.84,30.05,49.41,8.0,812.0,4.0,1.0,6.0,1.0,medium
stu_09217,class_007,67.47,27.76,39.14,46.29,41.99,9.77,70.05,5.0,843.0,4.0,2.0,7.0,6.0,high
stu_09218,class_037,92.55,83.5,100.0,89.94,88.53,65.8,36.8,13.0,1867.0,8.0,4.0,14.0,2.0,low
stu_09219,class_030,84.01,84.98,94.93,88.55,84.36,73.41,19.05,5.0,1574.0,7.0,4.0,5.0,0.0,low
stu_09220,class_013,85.74,78.9,94.81,91.62,73.89,7.03,28.84,0.0,1557.0,7.0,5.0,0.0,1.0,low
stu_09221,class_019,22.18,65.05,41.06,49.2,32.22,0.0,31.75,0.0,1165.0,5.0,1.0,0.0,4.0,high
stu_09222,class_010,54.37,36.79,46.64,45.95,46.76,56.51,18.59,0.0,701.0,3.0,1.0,1.0,4.0,high
stu_09223,class_031,100.0,85.33,78.6,71.23,91.42,91.21,18.67,15.0,2072.0,9.0,5.0,11.0,0.0,low
stu_09224,class_031,94.05,99.53,91.84,91.82,94.46,85.52,13.09,12.0,2228.0,9.0,6.0,14.0,1.0,low
stu_09225,class_039,36.15,46.8,86.48,82.86,57.28,62.95,23.46,18.0,2364.0,10.0,5.0,29.0,0.0,low
stu_09226,class_016,86.5,78.24,95.82,81.21,85.82,71.78,28.33,5.0,1468.0,6.0,5.0,4.0,0.0,low
stu_09227,class_039,0.0,48.99,51.31,55.81,26.42,0.0,42.42,1.0,1048.0,5.0,2.0,5.0,4.0,high
stu_09228,class_017,100.0,80.18,52.03,43.83,71.72,55.94,67.87,4.0,1669.0,7.0,3.0,7.0,1.0,medium
stu_09229,class_028,77.64,71.56,89.06,81.02,80.63,76.94,25.44,14.0,1570.0,7.0,4.0,20.0,0.0,low
stu_09230,class_031,74.95,96.7,100.0,100.0,82.39,43.14,22.62,0.0,1940.0,8.0,3.0,0.0,0.0,low
stu_09231,class_038,68.92,30.56,36.52,37.29,52.74,59.55,31.91,0.0,685.0,3.0,1.0,4.0,1.0,medium
stu_09232,class_035,98.44,70.63,83.11,76.31,84.86,83.37,21.79,11.0,1571.0,7.0,5.0,20.0,0.0,low
stu_09233,class_030,87.25,88.52,84.9,79.59,85.97,99.93,26.63,5.0,1569.0,7.0,5.0,6.0,1.0,low
stu_09234,class_010,73.99,72.89,85.39,97.98,79.45,81.61,15.43,18.0,1805.0,8.0,4.0,28.0,0.0,low
stu_09235,class_037,54.73,46.68,57.5,49.88,52.15,48.84,36.32,10.0,937.0,4.0,2.0,12.0,1.0,medium
stu_09236,class_016,82.75,63.88,59.3,66.44,65.11,61.39,108.55,1.0,859.0,4.0,2.0,1.0,2.0,medium
stu_09237,class_020,57.0,48.84,46.73,56.09,51.18,51.24,24.71,8.0,1159.0,5.0,1.0,8.0,3.0,medium
stu_09238,class_008,35.61,71.03,64.38,64.38,55.83,48.13,41.46,9.0,1435.0,6.0,3.0,13.0,2.0,medium
stu_09239,class_024,40.7,33.16,56.5,52.71,50.28,83.18,38.41,9.0,1076.0,5.0,2.0,12.0,2.0,medium
stu_09240,class_023,88.7,96.45,87.53,86.66,86.32,83.79,26.07,5.0,1721.0,7.0,4.0,10.0,1.0,low
stu_09241,class_015,86.29,78.44,74.69,82.88,76.63,61.28,25.04,0.0,1608.0,7.0,3.0,0.0,0.0,low
stu_09242,class_005,39.58,12.25,38.73,41.47,30.37,15.67,43.0,2.0,405.0,2.0,1.0,0.0,5.0,high
stu_09243,class_039,67.13,40.37,7.09,0.0,36.13,7.24,62.95,2.0,506.0,3.0,1.0,1.0,3.0,high
stu_09244,class_029,69.2,73.56,90.3,91.72,73.24,38.62,60.72,10.0,1536.0,7.0,3.0,13.0,1.0,medium
stu_09245,class_017,,62.61,41.53,41.47,41.97,52.89,56.99,5.0,1226.0,5.0,2.0,5.0,7.0,high
stu_09246,class_010,84.03,95.87,58.34,62.79,81.31,84.43,42.6,0.0,1983.0,8.0,4.0,7.0,1.0,low
stu_09247,class_023,86.39,88.89,77.88,87.4,86.98,59.03,23.97,12.0,2110.0,9.0,4.0,10.0,0.0,low
stu_09248,class_003,17.54,34.52,73.5,92.22,47.37,95.83,26.68,17.0,2318.0,10.0,3.0,15.0,0.0,low
stu_09249,class_028,90.0,74.42,76.44,83.44,81.44,85.27,35.19,5.0,1370.0,6.0,4.0,6.0,1.0,low
stu_09250,class_036,21.15,2.89,67.19,77.73,29.03,34.48,86.47,2.0,0.0,1.0,0.0,2.0,5.0,high
stu_09251,class_016,81.98,94.49,85.27,,87.22,76.61,31.18,15.0,2130.0,9.0,5.0,25.0,0.0,low
stu_09252,class_014,82.17,72.56,100.0,100.0,74.41,31.43,25.4,3.0,1389.0,6.0,4.0,1.0,2.0,medium
stu_09253,class_007,83.99,86.16,94.34,91.63,87.42,90.42,23.66,17.0,1942.0,8.0,5.0,18.0,0.0,low
stu_09254,class_036,48.51,56.71,47.73,36.19,57.34,94.57,43.67,1.0,0.0,5.0,1.0,0.0,2.0,medium
stu_09255,class_013,75.89,87.67,,89.6,82.29,100.0,23.0,10.0,1922.0,8.0,3.0,9.0,0.0,low
stu_09256,class_016,24.86,76.75,76.99,79.72,61.67,83.75,25.71,9.0,1274.0,6.0,2.0,9.0,0.0,medium
stu_09257,class_029,100.0,70.15,100.0,100.0,88.57,61.75,26.51,18.0,1558.0,7.0,4.0,18.0,0.0,low
stu_09258,class_025,84.45,78.91,62.12,55.46,67.06,14.19,26.28,0.0,1460.0,6.0,3.0,0.0,1.0,low
stu_09259,class_028,85.48,76.62,38.73,44.21,65.55,49.67,37.85,5.0,1241.0,5.0,2.0,0.0,7.0,medium
stu_09260,class_023,32.17,14.7,49.94,43.17,34.39,34.21,322.61,2.0,389.0,2.0,0.0,2.0,4.0,high
stu_09261,class_029,77.05,89.01,64.78,61.43,74.4,78.63,16.65,1.0,1752.0,8.0,2.0,0.0,1.0,medium
stu_09262,class_009,64.59,66.32,70.25,79.7,62.26,23.3,50.65,8.0,1459.0,6.0,2.0,10.0,2.0,medium
stu_09263,class_024,78.73,82.04,82.77,87.66,81.7,71.95,16.63,12.0,0.0,8.0,4.0,18.0,0.0,low
stu_09264,class_031,32.61,,88.48,71.04,62.65,100.0,50.53,15.0,2065.0,9.0,4.0,19.0,0.0,low
stu_09265,class_021,82.46,73.24,83.38,79.53,83.13,82.67,14.63,14.0,1504.0,7.0,4.0,15.0,0.0,low
stu_09266,class_015,49.11,40.92,33.21,25.16,43.87,48.98,78.16,1.0,842.0,4.0,1.0,0.0,5.0,high
stu_09267,class_040,97.52,76.8,71.63,78.8,87.0,64.7,,10.0,1869.0,8.0,3.0,11.0,0.0,low
stu_09268,class_024,100.0,100.0,71.97,64.22,84.95,58.89,19.92,1.0,1852.0,8.0,3.0,1.0,1.0,medium
stu_09269,class_001,83.82,89.58,96.67,99.47,86.39,66.94,18.02,12.0,1971.0,8.0,6.0,13.0,0.0,low
stu_09270,class_006,82.85,100.0,86.86,85.41,88.36,89.83,24.77,18.0,2351.0,10.0,5.0,14.0,1.0,low
stu_09271,class_035,74.71,98.76,81.41,76.96,83.3,73.73,24.51,13.0,2207.0,9.0,4.0,9.0,0.0,low
stu_09272,class_005,100.0,85.71,97.21,98.01,93.53,78.73,16.56,17.0,1922.0,8.0,4.0,18.0,0.0,low
stu_09273,class_036,37.4,99.95,84.2,76.81,67.9,58.96,52.11,7.0,2232.0,9.0,5.0,6.0,0.0,medium
stu_09274,class_015,92.79,77.01,86.95,68.9,84.33,79.38,13.03,17.0,1823.0,8.0,4.0,21.0,1.0,low
stu_09275,class_013,58.88,51.4,70.27,67.32,60.33,50.52,59.68,5.0,1178.0,5.0,1.0,6.0,0.0,medium
stu_09276,class_012,81.91,67.45,41.36,40.97,66.54,45.95,40.71,9.0,1543.0,7.0,3.0,8.0,1.0,medium
stu_09277,class_015,57.92,48.26,28.61,26.79,45.19,50.41,60.14,5.0,1143.0,5.0,1.0,6.0,4.0,medium
stu_09278,class_039,21.77,14.36,52.56,62.93,27.16,37.37,55.92,2.0,261.0,2.0,0.0,0.0,3.0,high
stu_09279,class_035,61.0,94.4,47.06,51.55,69.36,50.5,18.98,7.0,1782.0,8.0,2.0,4.0,0.0,medium
stu_09280,class_038,46.55,33.33,55.76,62.3,49.79,56.01,32.5,8.0,880.0,4.0,1.0,7.0,2.0,medium
stu_09281,class_035,24.62,35.89,28.14,41.97,28.12,33.42,69.22,4.0,858.0,4.0,1.0,2.0,3.0,high
stu_09282,class_022,48.21,29.5,31.64,31.28,35.95,13.57,27.07,1.0,638.0,3.0,1.0,1.0,6.0,high
stu_09283,class_037,95.5,12.39,60.96,76.7,58.99,61.96,47.72,3.0,289.0,2.0,1.0,6.0,3.0,medium
stu_09284,class_002,49.04,56.37,88.09,86.48,58.35,34.96,34.05,1.0,894.0,4.0,3.0,0.0,3.0,medium
stu_09285,class_008,63.51,70.43,28.16,26.71,52.38,70.33,26.86,8.0,1554.0,7.0,3.0,14.0,4.0,medium
stu_09286,class_039,78.44,92.92,94.63,85.99,89.08,81.37,31.09,14.0,1960.0,8.0,4.0,20.0,2.0,low
stu_09287,class_010,70.1,52.15,46.4,44.12,61.42,53.49,49.19,7.0,1088.0,5.0,1.0,6.0,3.0,medium
stu_09288,class_037,81.44,89.53,83.7,63.95,83.7,88.79,60.03,10.0,1985.0,8.0,5.0,19.0,0.0,low
stu_09289,class_034,92.67,34.4,53.67,56.39,63.0,10.65,53.12,9.0,802.0,4.0,2.0,11.0,2.0,medium
stu_09290,class_029,100.0,75.67,88.12,93.12,89.18,82.39,13.8,15.0,1825.0,8.0,0.0,13.0,0.0,low
stu_09291,class_024,72.9,75.19,84.24,84.7,78.78,75.82,23.03,8.0,1758.0,8.0,4.0,15.0,0.0,low
stu_09292,class_008,76.24,64.17,60.77,61.89,66.57,62.76,50.51,10.0,1594.0,7.0,2.0,10.0,1.0,medium
stu_09293,class_009,0.0,20.52,33.18,34.83,16.54,18.3,28.33,1.0,443.0,2.0,0.0,0.0,5.0,high
stu_09294,class_007,81.63,50.72,29.53,18.92,61.17,71.53,37.13,6.0,1217.0,5.0,2.0,5.0,4.0,medium
stu_09295,class_039,81.93,73.71,97.6,100.0,82.85,83.92,26.3,6.0,1471.0,6.0,4.0,3.0,1.0,low
stu_09296,class_022,21.67,42.88,,25.71,33.18,39.94,35.99,2.0,700.0,3.0,2.0,0.0,3.0,high
stu_09297,class_031,56.69,24.07,60.72,63.91,44.5,27.14,46.3,4.0,601.0,3.0,0.0,3.0,2.0,high
stu_09298,class_011,34.26,25.1,90.0,81.31,44.67,33.26,51.62,1.0,651.0,3.0,2.0,1.0,3.0,high
stu_09299,class_033,87.99,80.57,80.87,80.96,87.2,96.2,25.04,13.0,1682.0,7.0,4.0,15.0,0.0,low
stu_09300,class_038,99.62,84.87,92.29,92.68,95.56,77.68,17.01,7.0,1782.0,8.0,5.0,12.0,0.0,low
stu_09301,class_037,39.04,46.38,72.81,68.85,60.04,72.98,15.9,14.0,1881.0,8.0,3.0,23.0,0.0,low
stu_09302,class_019,35.69,29.42,77.62,71.33,39.6,27.15,29.4,2.0,570.0,3.0,0.0,0.0,2.0,high
stu_09303,class_004,94.12,93.25,88.45,86.84,78.79,30.48,18.56,0.0,2132.0,9.0,6.0,0.0,0.0,low
stu_09304,class_038,61.11,30.59,31.97,30.74,37.59,0.0,26.0,3.0,455.0,2.0,1.0,3.0,4.0,high
stu_09305,class_006,59.1,90.77,54.44,61.14,65.72,50.8,52.43,3.0,1679.0,7.0,3.0,3.0,3.0,medium
stu_09306,class_032,50.72,58.51,52.22,53.2,54.28,64.02,54.48,1.0,1251.0,6.0,2.0,1.0,2.0,medium
stu_09307,class_002,62.45,23.52,85.25,92.36,49.68,32.1,35.59,,521.0,3.0,1.0,2.0,0.0,medium
stu_09308,class_004,82.51,93.92,98.71,100.0,92.26,87.35,14.65,12.0,1975.0,8.0,5.0,15.0,0.0,low
stu_09309,class_012,51.95,84.09,53.42,47.5,55.43,19.75,28.94,5.0,1578.0,7.0,3.0,5.0,0.0,medium
stu_09310,class_008,27.37,55.87,93.4,79.64,57.52,67.8,31.27,13.0,1916.0,8.0,5.0,19.0,0.0,low
stu_09311,class_017,49.98,48.6,52.81,45.21,48.73,42.29,27.19,1.0,860.0,4.0,1.0,1.0,0.0,medium
stu_09312,class_018,73.93,58.29,93.78,88.8,74.81,81.72,13.59,11.0,1558.0,7.0,4.0,12.0,1.0,low
stu_09313,class_036,65.98,24.69,92.09,89.94,58.42,46.04,57.47,8.0,390.0,2.0,1.0,8.0,3.0,medium
stu_09314,class_024,22.52,12.68,28.5,19.78,25.06,59.57,51.4,1.0,393.0,2.0,1.0,0.0,6.0,high
stu_09315,class_021,83.66,81.57,82.63,81.7,79.05,78.34,20.33,6.0,1411.0,6.0,5.0,8.0,0.0,low
stu_09316,class_004,65.36,44.28,79.25,98.03,62.45,63.76,36.65,7.0,1190.0,5.0,2.0,4.0,3.0,medium
stu_09317,class_006,37.05,39.0,27.67,41.26,29.48,22.31,35.41,0.0,712.0,3.0,1.0,0.0,1.0,high
stu_09318,class_026,95.99,36.64,54.69,55.6,55.85,28.45,39.91,0.0,803.0,4.0,2.0,0.0,2.0,medium
stu_09319,class_038,90.83,60.3,84.69,82.25,76.41,77.67,36.45,11.0,1439.0,6.0,5.0,14.0,0.0,low
stu_09320,class_037,63.75,83.69,91.72,90.05,76.83,53.88,62.22,8.0,1794.0,8.0,3.0,10.0,3.0,medium
stu_09321,class_021,60.54,52.92,67.02,69.1,65.07,58.88,26.44,9.0,884.0,4.0,1.0,18.0,3.0,medium
stu_09322,class_018,100.0,64.51,93.19,97.98,85.16,68.71,24.53,9.0,1587.0,7.0,4.0,7.0,0.0,low
stu_09323,class_040,86.11,79.62,82.9,94.63,85.43,73.75,17.36,15.0,1620.0,7.0,4.0,26.0,0.0,low
stu_09324,class_026,38.09,77.17,48.47,53.15,55.94,62.86,72.67,7.0,1615.0,7.0,2.0,12.0,2.0,medium
stu_09325,class_039,71.57,84.14,67.01,52.93,72.42,74.7,46.02,14.0,1976.0,8.0,3.0,14.0,0.0,low
stu_09326,class_021,62.75,60.75,23.19,19.47,50.51,74.07,45.2,6.0,1312.0,6.0,2.0,3.0,1.0,medium
stu_09327,class_005,61.77,34.19,62.26,59.07,61.0,99.27,38.27,7.0,714.0,3.0,1.0,9.0,2.0,medium
stu_09328,class_011,46.58,28.34,69.23,70.6,55.73,89.51,34.58,7.0,697.0,3.0,2.0,7.0,0.0,medium
stu_09329,class_031,37.1,0.0,56.5,57.97,35.2,43.31,54.05,4.0,186.0,1.0,0.0,0.0,5.0,high
stu_09330,class_025,78.49,95.09,78.08,84.23,82.41,83.69,19.1,17.0,2032.0,9.0,3.0,15.0,1.0,low
stu_09331,class_036,21.24,51.15,33.56,34.66,31.95,45.13,135.88,4.0,1184.0,5.0,2.0,6.0,7.0,high
stu_09332,class_003,98.33,85.71,71.4,88.57,88.3,75.26,,14.0,1819.0,8.0,3.0,16.0,2.0,low
stu_09333,class_021,66.67,39.99,53.32,48.4,50.87,30.7,50.83,6.0,854.0,4.0,1.0,5.0,1.0,medium
stu_09334,class_015,91.25,71.55,94.13,99.41,86.37,82.07,25.25,17.0,0.0,8.0,4.0,15.0,0.0,low
stu_09335,class_020,63.34,89.37,51.24,45.84,66.78,38.36,46.44,2.0,1751.0,8.0,3.0,1.0,4.0,medium
stu_09336,class_019,44.17,51.9,36.3,38.5,40.99,16.73,54.01,1.0,1117.0,5.0,,4.0,2.0,medium
stu_09337,class_005,79.94,57.29,94.25,100.0,70.75,60.94,31.47,3.0,1270.0,6.0,2.0,3.0,1.0,medium
stu_09338,class_028,89.35,69.33,78.89,85.67,83.72,82.11,19.42,15.0,1563.0,7.0,3.0,21.0,1.0,low
stu_09339,class_036,63.94,23.6,32.56,28.83,34.52,8.35,36.8,2.0,423.0,2.0,1.0,0.0,5.0,high
stu_09340,class_013,72.02,60.86,67.32,65.67,62.46,48.93,36.37,1.0,1183.0,5.0,1.0,1.0,2.0,medium
stu_09341,class_036,90.43,76.77,86.15,81.33,86.96,95.41,24.38,13.0,1740.0,7.0,4.0,20.0,2.0,low
stu_09342,class_011,46.84,18.44,54.17,54.45,49.81,72.73,57.78,10.0,821.0,4.0,1.0,16.0,2.0,medium
stu_09343,class_019,20.6,70.45,42.69,32.67,39.04,16.99,40.33,5.0,1342.0,6.0,2.0,7.0,3.0,high
stu_09344,class_002,89.41,63.41,96.52,100.0,70.16,36.4,12.27,0.0,1808.0,8.0,4.0,0.0,0.0,low
stu_09345,class_032,24.2,25.83,77.13,91.65,41.23,93.3,27.74,4.0,1422.0,6.0,2.0,4.0,0.0,medium
stu_09346,class_017,32.08,43.57,58.33,69.4,47.83,61.89,65.2,1.0,897.0,4.0,2.0,0.0,0.0,medium
stu_09347,class_009,57.86,27.55,63.88,74.89,47.78,39.58,109.44,3.0,663.0,3.0,1.0,6.0,7.0,high
stu_09348,class_007,72.06,53.94,53.12,75.75,59.07,59.14,18.28,1.0,5528.0,22.0,13.0,21.0,4.0,medium
stu_09349,class_003,83.18,75.01,97.82,95.8,86.87,79.98,23.33,12.0,1369.0,6.0,4.0,19.0,0.0,low
stu_09350,class_001,27.02,69.98,26.96,25.41,33.82,15.03,56.2,0.0,1192.0,5.0,2.0,2.0,3.0,high
stu_09351,class_004,77.86,80.21,87.57,82.66,84.79,78.81,29.59,10.0,1616.0,7.0,3.0,12.0,0.0,low
stu_09352,class_001,72.36,59.13,64.35,61.35,63.92,38.18,48.89,0.0,1104.0,5.0,1.0,0.0,1.0,medium
stu_09353,class_034,90.64,63.32,82.89,95.76,78.65,79.06,23.28,8.0,1328.0,6.0,4.0,13.0,0.0,low
stu_09354,class_021,89.63,88.29,88.6,92.91,84.14,76.83,12.01,8.0,1726.0,7.0,4.0,9.0,0.0,low
stu_09355,class_004,92.26,68.13,80.69,80.58,81.55,60.69,29.64,13.0,1586.0,7.0,4.0,18.0,0.0,low
stu_09356,class_034,80.45,85.23,99.66,96.93,87.23,68.48,23.05,16.0,2173.0,9.0,5.0,29.0,1.0,low
stu_09357,class_014,54.9,19.41,69.7,70.37,50.27,56.22,59.8,10.0,549.0,3.0,0.0,9.0,2.0,medium
stu_09358,class_007,58.08,81.4,17.66,10.05,45.07,11.24,43.33,5.0,1508.0,7.0,2.0,9.0,4.0,medium
stu_09359,class_037,60.51,58.7,55.87,66.19,55.72,42.16,33.18,0.0,1183.0,5.0,2.0,0.0,2.0,medium
stu_09360,class_013,94.84,65.31,74.61,91.5,81.46,93.73,13.34,8.0,1305.0,6.0,4.0,15.0,0.0,low
stu_09361,class_031,25.87,53.85,65.69,62.31,44.42,30.08,71.26,0.0,1099.0,5.0,1.0,0.0,1.0,high
stu_09362,class_007,83.81,,61.89,62.05,61.8,17.72,39.22,0.0,1047.0,5.0,2.0,0.0,2.0,medium
stu_09363,class_006,87.52,83.39,78.6,84.3,81.37,78.23,30.52,9.0,1816.0,8.0,3.0,9.0,0.0,low
stu_09364,class_001,25.86,25.7,8.4,1.05,24.01,43.89,98.83,0.0,390.0,2.0,0.0,0.0,3.0,high
stu_09365,class_031,81.63,88.94,74.71,83.96,80.71,84.15,22.35,16.0,2112.0,9.0,5.0,15.0,0.0,low
stu_09366,class_002,97.51,58.8,81.16,78.35,74.29,56.48,80.38,1.0,1138.0,5.0,3.0,0.0,2.0,medium
stu_09367,class_040,90.74,93.75,76.05,80.77,91.55,74.73,17.31,8.0,2109.0,9.0,4.0,11.0,1.0,low
stu_09368,class_002,57.58,70.02,50.71,52.98,61.51,59.17,40.42,8.0,1333.0,6.0,2.0,5.0,4.0,medium
stu_09369,class_007,88.83,70.48,83.81,84.95,82.74,83.67,26.62,7.0,1389.0,6.0,4.0,3.0,0.0,low
stu_09370,class_007,5.59,26.43,43.3,42.82,18.94,26.11,65.53,3.0,585.0,3.0,1.0,5.0,2.0,high
stu_09371,class_040,81.33,81.61,78.55,80.69,80.48,76.3,29.1,12.0,1695.0,7.0,3.0,19.0,0.0,low
stu_09372,class_015,96.03,92.12,50.99,48.1,75.18,48.16,55.15,5.0,1864.0,8.0,3.0,3.0,0.0,medium
stu_09373,class_006,19.81,58.91,86.45,76.49,51.03,74.58,26.32,6.0,1891.0,8.0,,7.0,1.0,low
stu_09374,class_017,99.58,85.64,94.14,93.82,91.49,61.36,31.53,5.0,1426.0,6.0,4.0,9.0,1.0,low
stu_09375,class_008,83.44,80.98,82.58,78.06,76.94,80.08,20.55,13.0,1750.0,8.0,4.0,23.0,0.0,low
stu_09376,class_015,92.14,91.17,77.62,84.69,87.12,77.32,20.84,18.0,2219.0,9.0,4.0,25.0,1.0,low
stu_09377,class_037,100.0,72.12,81.53,82.0,83.1,71.65,14.34,15.0,1788.0,8.0,5.0,12.0,0.0,low
stu_09378,class_036,93.63,89.89,69.31,58.69,90.96,100.0,15.15,11.0,1916.0,8.0,4.0,10.0,0.0,low
stu_09379,class_026,80.09,95.83,80.32,76.33,82.37,85.69,35.08,8.0,2003.0,9.0,5.0,8.0,0.0,low
stu_09380,class_035,86.19,83.15,99.18,100.0,89.4,79.15,19.99,18.0,2018.0,9.0,5.0,32.0,1.0,low
stu_09381,class_015,89.93,91.13,84.5,79.02,93.2,67.75,24.18,17.0,,9.0,5.0,28.0,0.0,low
stu_09382,class_007,100.0,85.72,94.98,100.0,97.04,95.6,16.19,13.0,1852.0,8.0,4.0,13.0,0.0,low
stu_09383,class_004,50.25,40.89,65.46,59.14,56.57,47.49,51.29,9.0,755.0,4.0,1.0,11.0,2.0,medium
stu_09384,class_003,90.71,100.0,84.38,82.29,91.04,92.55,29.61,5.0,1770.0,8.0,0.0,10.0,0.0,low
stu_09385,class_027,39.5,17.88,64.0,60.91,41.43,42.42,52.54,3.0,432.0,2.0,1.0,0.0,1.0,high
stu_09386,class_036,87.0,86.12,72.92,66.61,74.28,24.95,15.7,0.0,2111.0,9.0,5.0,,0.0,low
stu_09387,class_005,62.41,30.95,48.99,60.59,54.26,84.08,35.7,6.0,973.0,4.0,1.0,8.0,3.0,medium
stu_09388,class_040,82.94,100.0,92.11,97.92,89.58,72.65,35.73,7.0,1916.0,8.0,4.0,5.0,0.0,low
stu_09389,class_028,92.29,100.0,95.44,98.93,97.44,75.33,19.99,14.0,2225.0,9.0,5.0,25.0,0.0,low
stu_09390,class_037,67.12,79.02,85.31,82.91,71.18,51.47,39.36,8.0,1593.0,7.0,3.0,18.0,1.0,medium
stu_09391,class_024,82.64,60.26,51.35,79.32,72.17,78.61,28.79,9.0,4535.0,18.0,13.0,14.0,5.0,medium
stu_09392,class_032,35.42,10.45,62.32,53.16,29.77,15.73,45.11,0.0,262.0,2.0,0.0,0.0,5.0,high
stu_09393,class_025,56.56,84.6,46.97,57.08,60.18,24.73,65.93,3.0,1691.0,7.0,,1.0,1.0,medium
stu_09394,class_022,32.29,34.98,42.79,38.84,41.6,88.36,32.67,4.0,686.0,3.0,1.0,6.0,1.0,medium
stu_09395,class_021,52.07,50.31,67.32,71.25,56.42,42.36,24.23,9.0,1173.0,5.0,2.0,8.0,2.0,medium
stu_09396,class_008,95.45,66.05,81.46,78.17,80.53,50.13,30.46,13.0,1728.0,7.0,5.0,11.0,0.0,low
stu_09397,class_030,87.41,39.44,70.68,57.44,69.42,50.21,75.51,10.0,979.0,4.0,2.0,14.0,2.0,medium
stu_09398,class_028,33.74,25.47,44.51,45.51,32.55,18.32,121.33,3.0,702.0,3.0,2.0,5.0,3.0,high
stu_09399,class_039,85.61,66.98,97.12,92.73,83.97,100.0,37.72,14.0,1639.0,7.0,5.0,6.0,1.0,low
stu_09400,class_030,90.12,90.52,90.56,100.0,91.41,100.0,17.84,14.0,2021.0,9.0,5.0,27.0,0.0,low
stu_09401,class_032,83.81,71.89,87.17,93.17,81.3,87.82,14.61,7.0,1634.0,7.0,4.0,7.0,0.0,low
stu_09402,class_033,53.5,62.62,55.85,46.82,57.38,45.11,35.47,9.0,1114.0,5.0,1.0,17.0,0.0,medium
stu_09403,class_037,72.52,64.66,,100.0,76.43,78.18,19.98,6.0,1380.0,6.0,4.0,10.0,2.0,low
stu_09404,class_036,100.0,71.22,64.26,63.59,79.99,42.19,36.76,6.0,1487.0,6.0,4.0,7.0,2.0,medium
stu_09405,class_022,76.38,66.79,90.41,100.0,81.58,100.0,13.79,9.0,1395.0,6.0,4.0,11.0,0.0,low
stu_09406,class_025,88.55,76.04,98.58,96.87,87.48,77.12,13.42,14.0,1828.0,8.0,5.0,22.0,0.0,low
stu_09407,class_015,22.33,7.35,26.27,26.01,17.19,3.34,68.69,3.0,277.0,2.0,0.0,5.0,2.0,high
stu_09408,class_029,48.65,24.27,65.68,55.46,48.14,62.49,45.03,8.0,716.0,3.0,1.0,13.0,0.0,medium
stu_09409,class_034,100.0,92.05,77.65,84.14,86.97,60.15,32.01,5.0,1862.0,8.0,4.0,5.0,0.0,low
stu_09410,class_030,40.25,8.68,41.39,41.49,30.91,11.73,116.79,4.0,292.0,2.0,1.0,0.0,3.0,high
stu_09411,class_011,86.46,96.83,97.87,100.0,89.49,74.35,24.07,18.0,2124.0,9.0,5.0,25.0,0.0,low
stu_09412,class_014,66.77,41.01,86.36,76.5,68.57,67.55,48.86,10.0,968.0,4.0,2.0,12.0,4.0,medium
stu_09413,class_009,100.0,78.34,87.31,79.9,85.79,66.04,25.29,12.0,1822.0,8.0,4.0,20.0,0.0,low
stu_09414,class_020,84.57,48.26,49.33,51.64,62.24,53.71,43.03,2.0,1298.0,6.0,2.0,3.0,2.0,medium
stu_09415,class_008,50.81,70.28,78.52,92.89,65.35,45.79,19.39,6.0,1370.0,6.0,3.0,11.0,0.0,medium
stu_09416,class_024,52.56,71.36,54.45,53.09,59.51,57.63,27.89,6.0,1347.0,6.0,2.0,10.0,2.0,medium
stu_09417,class_010,94.07,75.15,78.36,82.63,84.34,63.5,38.53,7.0,1670.0,7.0,3.0,5.0,0.0,low
stu_09418,class_029,25.41,45.61,62.43,61.31,38.71,25.84,56.75,0.0,637.0,3.0,0.0,0.0,6.0,high
stu_09419,class_009,36.5,48.86,53.5,56.9,51.46,61.6,34.93,0.0,1024.0,5.0,2.0,3.0,1.0,medium
stu_09420,class_012,84.35,83.51,86.15,96.24,85.24,76.15,,8.0,1641.0,7.0,5.0,8.0,1.0,low
stu_09421,class_021,86.98,82.66,100.0,100.0,84.01,73.34,21.22,17.0,0.0,8.0,,25.0,0.0,low
stu_09422,class_023,76.58,59.21,86.54,76.26,66.78,11.7,39.3,6.0,1138.0,5.0,3.0,10.0,2.0,medium
stu_09423,class_017,84.65,84.65,79.25,87.4,85.73,86.73,20.87,16.0,1876.0,8.0,3.0,23.0,0.0,low
stu_09424,class_017,56.28,17.96,4.32,10.2,33.05,34.85,62.23,4.0,346.0,2.0,0.0,7.0,4.0,high
stu_09425,class_020,27.21,17.84,55.73,55.79,29.27,25.8,41.24,2.0,329.0,2.0,1.0,8.0,2.0,high
stu_09426,class_006,45.16,52.45,56.72,64.09,49.92,66.49,41.79,2.0,843.0,4.0,1.0,2.0,0.0,medium
stu_09427,class_027,80.52,62.71,66.42,54.38,69.44,58.89,34.38,10.0,1412.0,6.0,4.0,10.0,2.0,medium
stu_09428,class_026,64.34,69.71,39.22,29.74,57.38,54.29,65.68,1.0,1272.0,6.0,2.0,3.0,3.0,medium
stu_09429,class_029,66.09,34.19,55.3,51.96,53.12,30.64,54.35,9.0,824.0,4.0,2.0,6.0,1.0,medium
stu_09430,class_034,88.62,74.56,85.95,90.53,82.46,71.02,17.3,6.0,1433.0,6.0,5.0,8.0,0.0,low
stu_09431,class_014,87.01,88.07,32.35,29.98,72.42,74.8,43.9,5.0,1139.0,5.0,1.0,1.0,7.0,medium
stu_09432,class_010,41.2,19.72,85.16,82.57,43.79,23.72,45.83,1.0,310.0,2.0,1.0,0.0,2.0,medium
stu_09433,class_008,96.23,80.97,98.55,98.05,86.57,70.84,22.59,15.0,1847.0,8.0,4.0,16.0,1.0,low
stu_09434,class_016,55.63,51.46,69.9,72.66,54.02,53.14,68.17,2.0,1123.0,5.0,1.0,0.0,2.0,medium
stu_09435,class_002,64.18,50.72,74.68,81.76,60.04,52.05,41.05,5.0,1057.0,5.0,1.0,3.0,3.0,medium
stu_09436,class_009,93.62,74.43,84.19,85.81,86.28,82.75,33.59,9.0,1709.0,7.0,4.0,9.0,0.0,low
stu_09437,class_014,82.0,100.0,73.35,71.68,84.18,78.71,17.21,16.0,2176.0,9.0,4.0,17.0,0.0,low
stu_09438,class_003,43.66,58.24,60.91,63.93,55.8,32.79,47.76,6.0,1348.0,6.0,2.0,4.0,0.0,medium
stu_09439,class_026,59.97,50.08,76.24,81.21,54.72,10.79,39.14,5.0,1325.0,6.0,3.0,13.0,0.0,medium
stu_09440,class_040,27.02,28.13,9.37,7.15,16.59,14.22,32.76,2.0,578.0,3.0,1.0,1.0,3.0,high
stu_09441,class_034,58.59,52.69,72.54,71.19,63.07,83.55,18.68,8.0,1301.0,6.0,2.0,7.0,2.0,medium
stu_09442,class_014,58.1,60.98,70.97,82.85,60.65,60.88,51.62,5.0,1274.0,6.0,2.0,9.0,3.0,medium
stu_09443,class_008,45.49,95.0,44.58,43.06,53.21,5.0,45.02,2.0,1733.0,7.0,2.0,5.0,0.0,medium
stu_09444,class_014,82.14,85.18,74.03,67.16,82.25,88.47,18.26,8.0,1782.0,8.0,4.0,13.0,0.0,low
stu_09445,class_031,94.95,85.06,97.81,100.0,91.23,60.31,28.5,8.0,1925.0,8.0,5.0,16.0,1.0,low
stu_09446,class_020,90.62,83.99,84.47,89.06,87.15,78.08,25.85,12.0,1789.0,8.0,4.0,19.0,0.0,low
stu_09447,class_039,23.36,53.76,60.02,54.35,49.47,80.91,45.11,5.0,1201.0,5.0,1.0,6.0,1.0,medium
stu_09448,class_029,,87.43,91.6,94.12,92.6,88.75,22.09,17.0,2145.0,9.0,5.0,19.0,0.0,low
stu_09449,class_010,100.0,81.53,84.88,98.84,90.98,78.59,17.0,18.0,1806.0,8.0,4.0,34.0,0.0,low
stu_09450,class_009,90.85,75.43,82.9,85.88,82.69,75.27,21.37,16.0,1862.0,8.0,4.0,26.0,0.0,low
stu_09451,class_020,88.04,86.54,93.5,84.6,86.76,68.94,30.1,18.0,2046.0,9.0,5.0,27.0,2.0,low
stu_09452,class_035,32.89,69.06,77.03,73.71,55.83,26.79,43.04,3.0,687.0,3.0,2.0,3.0,1.0,high
stu_09453,class_037,75.83,60.17,49.92,52.34,67.27,85.61,47.19,8.0,1263.0,6.0,1.0,4.0,4.0,medium
stu_09454,class_039,42.92,49.36,23.9,20.65,42.11,,39.25,2.0,942.0,4.0,2.0,5.0,5.0,medium
stu_09455,class_001,85.76,96.95,38.05,41.4,74.65,67.61,23.68,16.0,2124.0,9.0,5.0,25.0,7.0,low
stu_09456,class_039,92.97,80.04,88.11,91.16,78.22,7.11,24.13,0.0,1552.0,7.0,5.0,0.0,0.0,low
stu_09457,class_027,59.53,64.43,53.55,60.31,59.91,61.49,28.65,1.0,1217.0,5.0,2.0,2.0,2.0,medium
stu_09458,class_037,82.93,96.05,85.19,91.11,86.58,63.88,18.03,13.0,2027.0,9.0,5.0,16.0,0.0,low
stu_09459,class_040,48.43,62.63,49.0,56.71,58.67,78.99,22.09,9.0,1366.0,6.0,2.0,10.0,1.0,medium
stu_09460,class_005,77.88,69.7,85.27,88.79,80.15,70.43,26.96,16.0,1689.0,7.0,4.0,,1.0,low
stu_09461,class_009,88.34,51.31,83.14,74.08,80.29,62.86,11.58,10.0,1044.0,5.0,3.0,11.0,0.0,low
stu_09462,class_022,71.5,38.47,80.69,70.82,63.73,38.79,107.34,6.0,1020.0,5.0,3.0,6.0,2.0,medium
stu_09463,class_033,60.93,42.97,14.13,21.4,41.18,,69.28,2.0,697.0,3.0,1.0,7.0,1.0,high
stu_09464,class_021,51.59,65.11,55.15,53.02,53.79,46.79,26.7,9.0,1384.0,6.0,2.0,6.0,1.0,medium
stu_09465,class_028,76.5,59.84,66.75,64.79,64.65,79.58,30.72,12.0,1341.0,6.0,3.0,13.0,0.0,low
stu_09466,class_011,73.69,67.33,85.62,90.39,76.77,61.24,27.46,15.0,1557.0,7.0,4.0,23.0,0.0,low
stu_09467,class_016,22.6,52.43,77.88,94.62,49.81,52.13,41.0,9.0,1364.0,6.0,3.0,15.0,1.0,medium
stu_09468,class_017,85.75,47.21,66.7,69.1,63.74,41.56,14.06,7.0,979.0,4.0,2.0,9.0,3.0,medium
stu_09469,class_016,83.5,67.09,71.16,75.64,66.03,26.06,20.83,0.0,1440.0,6.0,4.0,0.0,1.0,low
stu_09470,class_012,76.85,25.53,47.67,66.71,53.11,68.69,23.78,4.0,831.0,4.0,2.0,3.0,0.0,medium
stu_09471,class_030,33.26,35.76,82.01,70.26,41.3,23.06,30.5,1.0,678.0,3.0,2.0,0.0,6.0,high
stu_09472,class_037,80.99,66.72,49.03,52.14,69.21,75.53,45.08,6.0,1514.0,7.0,3.0,6.0,0.0,medium
stu_09473,class_011,62.99,52.46,63.47,68.38,56.42,65.86,54.79,0.0,850.0,4.0,2.0,0.0,2.0,high
stu_09474,class_018,86.02,52.72,36.64,32.6,65.47,85.1,33.78,9.0,1280.0,6.0,3.0,8.0,0.0,medium
stu_09475,class_031,52.79,76.71,74.07,39.23,68.33,89.75,70.71,3.0,5069.0,20.0,7.0,14.0,3.0,medium
stu_09476,class_005,25.07,20.88,29.77,35.43,29.39,31.55,87.33,4.0,463.0,2.0,0.0,7.0,3.0,high
stu_09477,class_022,29.79,16.7,75.68,82.76,37.4,29.87,97.08,0.0,706.0,3.0,1.0,0.0,,high
stu_09478,class_020,79.43,45.23,62.92,47.4,61.14,44.33,30.25,8.0,704.0,3.0,1.0,12.0,1.0,medium
stu_09479,class_005,93.73,94.36,88.15,92.83,95.85,74.33,44.72,10.0,0.0,9.0,5.0,11.0,1.0,low
stu_09480,class_037,69.42,75.31,49.72,57.11,64.5,30.23,140.57,8.0,1742.0,7.0,2.0,15.0,0.0,medium
stu_09481,class_005,91.08,100.0,88.71,87.68,98.93,99.07,28.77,18.0,2513.0,11.0,5.0,18.0,0.0,low
stu_09482,class_032,,79.44,65.47,68.45,81.43,71.71,21.49,6.0,1635.0,7.0,4.0,7.0,0.0,low
stu_09483,class_010,42.62,0.0,72.21,77.4,34.53,21.96,47.79,3.0,122.0,1.0,0.0,6.0,2.0,high
stu_09484,class_002,78.28,87.58,90.2,77.96,83.73,79.03,20.15,9.0,1757.0,8.0,3.0,12.0,1.0,low
stu_09485,class_006,77.93,42.14,50.51,39.17,59.07,44.85,24.04,2.0,752.0,4.0,1.0,1.0,,medium
stu_09486,class_020,84.6,32.32,48.1,57.11,55.19,35.19,73.75,4.0,564.0,3.0,1.0,6.0,3.0,high
stu_09487,class_038,23.02,33.4,80.08,82.59,48.49,84.51,17.25,5.0,1483.0,6.0,5.0,2.0,0.0,low
stu_09488,class_018,91.98,86.54,100.0,100.0,88.91,70.89,48.07,0.0,1681.0,7.0,4.0,4.0,0.0,low
stu_09489,class_019,79.7,66.94,56.22,50.0,69.76,58.74,26.73,4.0,1213.0,5.0,1.0,2.0,0.0,medium
stu_09490,class_023,99.52,71.23,85.59,87.43,86.16,87.13,16.58,14.0,1711.0,7.0,5.0,13.0,0.0,low
stu_09491,class_006,73.29,70.13,76.93,77.25,77.12,,22.98,10.0,1400.0,6.0,2.0,14.0,0.0,low
stu_09492,class_037,87.75,75.06,79.1,77.31,85.0,89.04,14.9,13.0,1687.0,7.0,3.0,23.0,0.0,low
stu_09493,class_007,88.69,79.79,100.0,96.5,88.78,81.92,15.52,14.0,1935.0,8.0,4.0,25.0,1.0,low
stu_09494,class_015,68.45,39.69,58.76,65.48,58.59,89.72,60.11,9.0,1037.0,5.0,1.0,8.0,1.0,medium
stu_09495,class_008,36.02,53.21,22.68,19.28,35.2,31.54,53.27,5.0,1128.0,5.0,1.0,10.0,3.0,high
stu_09496,class_035,72.1,48.75,60.52,72.82,63.91,74.14,28.83,0.0,1001.0,5.0,1.0,4.0,3.0,medium
stu_09497,class_012,44.19,57.93,87.97,89.17,63.43,82.47,20.98,15.0,2202.0,9.0,6.0,11.0,1.0,low
stu_09498,class_024,39.24,24.38,62.12,75.96,43.62,35.93,57.8,3.0,566.0,3.0,0.0,3.0,5.0,high
stu_09499,class_015,55.21,62.87,37.94,40.51,47.9,66.9,42.76,3.0,1167.0,5.0,1.0,4.0,3.0,medium
stu_09500,class_014,58.52,66.83,45.89,53.71,61.14,63.76,34.79,9.0,1537.0,7.0,2.0,14.0,2.0,medium
stu_09501,class_039,78.77,86.83,78.76,84.96,81.41,77.61,29.77,9.0,1572.0,7.0,2.0,14.0,0.0,low
stu_09502,class_005,53.48,100.0,47.43,55.18,60.75,39.09,40.57,8.0,1773.0,8.0,3.0,7.0,1.0,medium
stu_09503,class_033,75.52,93.4,66.33,64.09,79.01,58.26,30.56,16.0,2180.0,9.0,3.0,11.0,0.0,low
stu_09504,class_005,100.0,99.7,81.45,75.58,92.22,63.77,30.94,9.0,2016.0,9.0,6.0,6.0,1.0,low
stu_09505,class_021,94.9,70.18,,66.95,82.71,66.02,16.15,17.0,1881.0,8.0,4.0,20.0,0.0,low
stu_09506,class_029,23.56,55.52,74.71,78.26,55.35,93.66,23.96,14.0,2096.0,9.0,4.0,,2.0,low
stu_09507,class_011,91.07,76.16,65.45,65.26,72.76,59.51,26.58,0.0,1819.0,8.0,3.0,0.0,0.0,low
stu_09508,class_014,84.64,66.27,97.81,91.93,81.37,76.28,15.1,18.0,1739.0,7.0,4.0,23.0,0.0,low
stu_09509,class_002,53.44,77.2,72.66,78.02,63.33,74.04,58.98,2.0,1685.0,7.0,3.0,2.0,3.0,medium
stu_09510,class_025,93.84,71.99,80.3,73.95,80.42,75.37,20.41,16.0,1901.0,8.0,5.0,12.0,1.0,low
stu_09511,class_036,77.27,84.71,88.79,94.66,80.47,69.77,16.58,5.0,1688.0,7.0,3.0,2.0,0.0,low
stu_09512,class_022,100.0,64.22,68.6,59.9,76.62,70.76,59.58,10.0,1434.0,6.0,4.0,18.0,3.0,medium
stu_09513,class_009,37.22,41.8,40.84,41.8,36.89,27.5,45.55,0.0,1024.0,5.0,1.0,0.0,6.0,high
stu_09514,class_010,49.53,63.91,49.73,46.44,58.18,63.24,,7.0,1489.0,6.0,2.0,8.0,3.0,medium
stu_09515,class_039,86.09,70.78,90.29,91.41,83.0,71.13,31.27,18.0,1704.0,7.0,4.0,36.0,,low
stu_09516,class_004,65.98,64.96,100.0,100.0,74.16,62.92,19.85,11.0,1465.0,6.0,4.0,15.0,1.0,low
stu_09517,class_015,58.63,60.1,32.53,30.7,53.8,71.38,55.78,8.0,1462.0,6.0,2.0,8.0,1.0,medium
stu_09518,class_004,83.83,79.56,43.24,40.18,61.88,45.65,83.55,3.0,1703.0,7.0,3.0,0.0,5.0,high
stu_09519,class_040,85.91,80.49,98.49,100.0,88.69,76.71,36.64,10.0,1890.0,8.0,4.0,12.0,1.0,low
stu_09520,class_025,25.93,100.0,45.75,75.01,52.53,68.74,28.5,3.0,4861.0,19.0,7.0,30.0,2.0,medium
stu_09521,class_006,77.23,58.0,67.63,68.33,68.15,46.19,54.69,8.0,1227.0,5.0,1.0,13.0,1.0,medium
stu_09522,class_038,91.58,42.33,63.2,61.42,69.26,69.83,59.68,6.0,1054.0,5.0,3.0,0.0,1.0,medium
stu_09523,class_001,98.36,20.53,61.16,53.51,63.32,61.84,77.77,9.0,588.0,3.0,,12.0,0.0,medium
stu_09524,class_009,0.0,32.44,43.51,59.12,19.31,9.9,22.04,1.0,561.0,3.0,0.0,0.0,3.0,high
stu_09525,class_039,62.22,85.06,60.04,67.65,59.73,31.68,22.62,1.0,1594.0,7.0,3.0,1.0,1.0,medium
stu_09526,class_015,79.12,65.85,71.9,76.47,75.18,72.29,18.77,12.0,1658.0,7.0,3.0,13.0,0.0,low
stu_09527,class_001,71.77,67.13,,82.7,65.11,42.83,37.85,9.0,1623.0,7.0,2.0,6.0,1.0,medium
stu_09528,class_026,33.34,72.85,46.48,50.53,46.0,44.33,22.27,4.0,1271.0,6.0,1.0,5.0,0.0,medium
stu_09529,class_009,91.82,94.49,96.25,85.59,93.4,84.07,19.86,8.0,1986.0,8.0,6.0,7.0,0.0,low
stu_09530,class_029,29.53,55.67,89.76,81.36,51.58,23.47,109.6,2.0,799.0,4.0,1.0,4.0,0.0,high
stu_09531,class_002,78.04,72.88,44.12,81.12,61.44,26.21,25.73,3.0,5574.0,22.0,11.0,21.0,2.0,medium
stu_09532,class_015,84.35,67.73,82.35,74.18,73.72,46.41,45.35,7.0,1363.0,6.0,5.0,5.0,0.0,medium
stu_09533,class_006,18.61,34.82,69.63,65.09,40.18,46.88,40.4,1.0,592.0,3.0,1.0,1.0,3.0,high
stu_09534,class_027,87.25,70.17,80.19,77.28,78.23,71.41,20.47,18.0,1950.0,8.0,5.0,30.0,0.0,low
stu_09535,class_034,67.49,23.48,40.56,33.1,47.45,27.14,29.41,7.0,680.0,3.0,1.0,8.0,4.0,medium
stu_09536,class_035,62.59,68.6,52.52,48.81,56.35,36.77,58.65,6.0,1498.0,6.0,2.0,5.0,1.0,medium
stu_09537,class_039,78.54,85.58,85.52,89.11,82.04,65.52,23.01,7.0,1721.0,7.0,3.0,12.0,0.0,low
stu_09538,class_002,15.56,52.07,88.06,84.19,51.7,87.17,31.95,9.0,1705.0,7.0,5.0,13.0,1.0,low
stu_09539,class_014,27.62,51.41,44.15,39.22,37.78,32.44,32.16,4.0,999.0,4.0,1.0,2.0,3.0,high
stu_09540,class_026,47.03,52.98,50.76,43.97,49.14,28.07,11.83,3.0,1136.0,5.0,1.0,6.0,1.0,medium
stu_09541,class_013,41.5,26.88,59.85,64.89,51.18,70.98,31.13,10.0,793.0,4.0,1.0,8.0,0.0,medium
stu_09542,class_006,80.63,66.43,39.47,29.1,57.34,37.24,39.09,2.0,1209.0,5.0,3.0,0.0,2.0,medium
stu_09543,class_005,53.26,59.77,75.54,82.01,60.15,40.83,60.46,10.0,1447.0,6.0,2.0,15.0,0.0,medium
stu_09544,class_027,81.1,38.26,76.91,71.6,63.14,49.01,34.36,2.0,937.0,4.0,2.0,5.0,3.0,medium
stu_09545,class_006,39.08,32.34,19.48,23.71,33.73,32.75,118.4,5.0,659.0,3.0,2.0,5.0,5.0,high
stu_09546,class_024,58.03,62.93,73.41,79.14,67.72,58.22,35.86,9.0,1060.0,5.0,2.0,15.0,0.0,medium
stu_09547,class_005,90.43,82.16,88.97,85.65,82.87,98.67,8.7,18.0,2083.0,9.0,5.0,17.0,0.0,low
stu_09548,class_038,90.81,65.2,46.94,50.03,63.68,33.26,111.25,2.0,1068.0,5.0,1.0,0.0,6.0,medium
stu_09549,class_031,64.04,62.48,67.45,65.49,61.63,42.33,55.67,5.0,1230.0,5.0,1.0,,1.0,medium
stu_09550,class_021,73.91,85.7,75.56,71.14,79.53,70.15,25.42,6.0,1579.0,7.0,2.0,8.0,0.0,low
stu_09551,class_013,71.58,29.85,66.06,56.32,53.56,51.1,54.22,4.0,674.0,3.0,2.0,6.0,1.0,medium
stu_09552,class_005,70.12,30.2,39.16,41.96,48.46,61.49,13.21,4.0,602.0,3.0,1.0,0.0,2.0,medium
stu_09553,class_011,89.33,97.29,77.43,86.24,83.19,74.07,14.85,6.0,2095.0,9.0,5.0,7.0,0.0,low
stu_09554,class_032,22.91,45.52,65.68,68.62,40.7,29.81,29.43,1.0,1081.0,5.0,1.0,0.0,3.0,high
stu_09555,class_016,41.03,14.71,22.75,32.37,27.96,11.31,37.65,0.0,238.0,1.0,1.0,3.0,2.0,high
stu_09556,class_018,66.43,91.61,84.27,81.94,76.16,64.9,40.72,10.0,1849.0,8.0,3.0,9.0,0.0,low
stu_09557,class_032,72.64,24.78,43.22,40.16,56.28,78.41,29.16,5.0,545.0,3.0,0.0,2.0,3.0,medium
stu_09558,class_014,76.94,58.14,85.45,90.94,77.02,100.0,17.16,17.0,1483.0,6.0,4.0,32.0,0.0,low
stu_09559,class_022,80.56,71.05,83.26,72.96,78.53,84.45,35.5,15.0,1758.0,8.0,4.0,24.0,0.0,low
stu_09560,class_010,72.24,75.91,83.82,87.78,77.21,68.48,37.12,18.0,1891.0,8.0,3.0,25.0,0.0,low
stu_09561,class_008,7.18,43.14,36.59,28.42,25.57,52.82,42.04,1.0,744.0,3.0,1.0,0.0,5.0,high
stu_09562,class_024,59.42,61.59,70.72,80.54,61.67,43.2,25.26,2.0,1128.0,5.0,1.0,6.0,3.0,medium
stu_09563,class_004,77.83,77.14,76.12,64.77,78.11,62.79,37.24,9.0,1495.0,6.0,0.0,10.0,0.0,low
stu_09564,class_003,25.23,24.34,66.61,65.86,35.97,27.42,64.49,1.0,512.0,3.0,0.0,0.0,2.0,high
stu_09565,class_002,72.52,69.15,49.89,45.69,68.77,70.77,10.37,10.0,1649.0,7.0,2.0,10.0,1.0,medium
stu_09566,class_021,62.34,29.02,75.63,72.06,54.47,72.74,61.19,6.0,743.0,3.0,1.0,9.0,2.0,medium
stu_09567,class_013,84.54,29.94,49.61,49.74,58.48,59.98,45.4,7.0,661.0,3.0,2.0,11.0,3.0,medium
stu_09568,class_038,73.59,25.08,40.64,38.15,48.8,56.58,71.88,3.0,237.0,1.0,1.0,5.0,3.0,medium
stu_09569,class_029,73.76,78.99,87.23,88.47,76.33,99.61,29.57,5.0,1758.0,8.0,4.0,7.0,1.0,low
stu_09570,class_029,82.96,66.0,88.39,92.63,76.4,77.65,24.89,6.0,1300.0,6.0,4.0,9.0,0.0,low
stu_09571,class_001,70.99,76.91,93.7,100.0,78.27,71.24,20.06,10.0,1447.0,6.0,3.0,17.0,0.0,low
stu_09572,class_023,52.85,18.42,47.92,56.66,40.96,26.33,73.05,0.0,531.0,3.0,0.0,3.0,1.0,high
stu_09573,class_034,92.8,69.38,79.39,76.18,73.33,50.7,31.09,0.0,1514.0,7.0,4.0,0.0,0.0,low
stu_09574,class_020,81.79,81.21,94.74,93.54,74.96,40.46,20.68,0.0,1844.0,8.0,5.0,0.0,1.0,low
stu_09575,class_008,95.47,76.0,99.18,96.56,84.6,65.7,19.36,15.0,1945.0,8.0,4.0,15.0,0.0,low
stu_09576,class_030,81.56,52.99,74.25,88.62,71.34,82.37,20.44,8.0,997.0,4.0,2.0,12.0,0.0,low
stu_09577,class_034,36.31,24.85,92.57,80.56,49.55,67.74,31.01,10.0,,5.0,1.0,9.0,0.0,medium
stu_09578,class_006,34.1,40.74,39.9,49.75,39.35,56.15,41.35,2.0,990.0,4.0,1.0,0.0,3.0,high
stu_09579,class_013,23.82,54.5,64.96,60.42,46.97,52.68,46.03,10.0,1329.0,6.0,2.0,12.0,2.0,medium
stu_09580,class_019,53.26,17.84,9.43,10.53,31.65,42.35,99.77,1.0,138.0,1.0,0.0,0.0,3.0,high
stu_09581,class_010,80.51,45.01,48.29,46.48,60.83,57.7,38.75,5.0,946.0,4.0,3.0,4.0,3.0,medium
stu_09582,class_007,51.55,71.28,84.87,80.36,63.7,28.84,32.48,7.0,1409.0,6.0,3.0,7.0,1.0,medium
stu_09583,class_026,90.78,85.28,88.74,75.74,90.24,80.63,25.03,14.0,2078.0,9.0,5.0,11.0,1.0,low
stu_09584,class_009,38.89,63.78,15.0,14.24,45.04,60.34,31.8,9.0,1319.0,6.0,2.0,14.0,2.0,medium
stu_09585,class_004,70.91,83.29,21.97,17.98,65.2,84.27,32.59,5.0,1511.0,7.0,2.0,5.0,1.0,medium
stu_09586,class_027,52.17,74.3,29.38,23.85,52.74,42.69,52.17,4.0,1389.0,6.0,3.0,5.0,2.0,medium
stu_09587,class_012,84.18,93.37,37.92,34.76,69.8,83.19,24.57,5.0,1754.0,8.0,5.0,5.0,6.0,low
stu_09588,class_039,85.02,93.62,77.54,69.88,79.69,65.76,15.4,5.0,1762.0,8.0,3.0,12.0,1.0,low
stu_09589,class_027,82.2,60.7,81.43,76.93,73.37,63.25,27.67,0.0,1506.0,7.0,5.0,18.0,1.0,low
stu_09590,class_036,83.28,78.29,84.25,76.63,75.18,34.9,22.28,0.0,1839.0,8.0,5.0,0.0,0.0,low
stu_09591,class_021,35.74,38.51,59.99,61.58,48.39,74.02,33.49,1.0,701.0,3.0,1.0,3.0,2.0,medium
stu_09592,class_037,77.93,97.6,62.88,66.82,82.81,98.89,28.65,,1975.0,8.0,3.0,12.0,4.0,medium
stu_09593,class_026,66.94,71.63,63.14,55.27,65.78,56.92,47.55,5.0,1354.0,6.0,2.0,7.0,2.0,medium
stu_09594,class_017,87.66,81.36,82.18,96.91,82.53,66.27,24.97,16.0,1826.0,8.0,5.0,16.0,2.0,low
stu_09595,class_027,90.41,60.13,26.89,24.51,68.03,91.73,33.0,16.0,1858.0,8.0,5.0,14.0,6.0,low
stu_09596,class_018,85.92,61.46,50.14,46.44,66.51,60.31,32.22,5.0,1170.0,5.0,3.0,2.0,0.0,medium
stu_09597,class_013,78.18,82.05,93.6,83.76,83.56,84.77,46.78,7.0,1623.0,7.0,3.0,11.0,0.0,low
stu_09598,class_021,53.44,48.24,65.16,70.12,56.62,37.33,32.72,,1009.0,5.0,1.0,11.0,2.0,medium
stu_09599,class_030,74.16,100.0,72.17,61.0,83.42,72.59,42.87,11.0,1978.0,8.0,4.0,13.0,0.0,low
stu_09600,class_037,82.66,65.31,95.05,86.12,87.92,94.56,13.12,13.0,1528.0,7.0,4.0,10.0,1.0,low
stu_09601,class_031,62.8,0.0,33.43,34.64,38.4,45.28,35.24,5.0,204.0,1.0,1.0,9.0,1.0,high
stu_09602,class_009,88.01,95.34,70.46,75.12,87.13,88.98,19.55,6.0,1900.0,8.0,3.0,6.0,1.0,low
stu_09603,class_016,34.83,61.75,46.09,38.46,49.29,72.19,39.01,1.0,1184.0,5.0,1.0,1.0,2.0,medium
stu_09604,class_018,26.8,55.11,25.68,33.74,38.52,73.63,63.03,6.0,1095.0,5.0,1.0,8.0,3.0,medium
stu_09605,class_005,100.0,79.69,94.27,100.0,80.68,60.92,23.09,0.0,1804.0,8.0,5.0,0.0,0.0,low
stu_09606,class_007,85.59,85.0,69.49,67.21,86.22,76.33,23.66,15.0,2105.0,9.0,4.0,16.0,0.0,low
stu_09607,class_011,38.7,10.0,69.34,63.44,41.26,47.67,41.32,6.0,443.0,2.0,0.0,4.0,0.0,medium
stu_09608,class_025,,68.54,93.85,100.0,89.96,87.49,22.67,10.0,1538.0,7.0,4.0,11.0,1.0,low
stu_09609,class_034,89.89,83.1,74.91,79.32,85.96,71.26,18.23,15.0,1906.0,8.0,4.0,26.0,0.0,low
stu_09610,class_017,75.64,77.29,82.42,85.96,76.76,76.22,19.51,13.0,1779.0,8.0,4.0,21.0,0.0,low
stu_09611,class_013,66.3,92.08,100.0,100.0,87.17,90.0,20.57,11.0,2030.0,9.0,4.0,15.0,0.0,low
stu_09612,class_009,38.11,19.7,41.66,50.98,32.22,,59.12,2.0,458.0,2.0,0.0,2.0,4.0,high
stu_09613,class_023,47.2,14.52,33.3,21.65,32.69,37.82,40.71,5.0,525.0,3.0,0.0,3.0,2.0,high
stu_09614,class_002,52.24,35.76,73.38,73.13,54.75,62.43,24.04,1.0,723.0,3.0,1.0,2.0,2.0,medium
stu_09615,class_037,76.41,79.64,92.44,88.56,79.74,71.94,,14.0,1510.0,7.0,3.0,22.0,1.0,low
stu_09616,class_014,80.41,63.31,85.58,92.48,79.63,84.38,24.27,9.0,1611.0,7.0,0.0,10.0,0.0,low
stu_09617,class_009,87.22,65.61,84.53,79.8,81.42,76.51,19.25,8.0,1481.0,6.0,4.0,13.0,1.0,low
stu_09618,class_008,60.47,41.37,65.96,59.7,58.11,79.19,23.15,9.0,1157.0,5.0,2.0,8.0,3.0,medium
stu_09619,class_025,71.58,90.82,33.26,39.07,70.93,68.1,18.95,13.0,1387.0,6.0,3.0,19.0,5.0,low
stu_09620,class_014,52.75,66.24,86.42,88.08,69.99,85.74,27.81,2.0,1076.0,5.0,3.0,0.0,1.0,medium
stu_09621,class_039,76.31,77.41,58.62,43.84,65.21,40.8,58.03,4.0,1351.0,6.0,2.0,7.0,2.0,medium
stu_09622,class_023,77.55,88.34,78.53,72.54,71.12,28.83,27.97,0.0,1909.0,8.0,3.0,0.0,0.0,low
stu_09623,class_014,81.56,63.46,97.57,99.37,83.14,93.1,13.46,18.0,1701.0,7.0,4.0,27.0,0.0,low
stu_09624,class_033,47.23,31.38,65.93,59.58,47.1,38.87,83.71,0.0,825.0,4.0,2.0,0.0,2.0,medium
stu_09625,class_011,80.29,92.99,78.97,47.0,88.74,76.48,33.55,10.0,1927.0,8.0,3.0,16.0,1.0,low
stu_09626,class_031,54.81,25.08,47.9,44.72,42.5,46.48,40.18,5.0,410.0,2.0,0.0,5.0,,high
stu_09627,class_012,50.67,49.03,18.68,9.16,32.75,4.87,27.7,3.0,960.0,,2.0,3.0,3.0,high
stu_09628,class_003,32.33,53.42,63.04,69.22,50.29,66.59,30.59,2.0,920.0,4.0,1.0,3.0,0.0,medium
stu_09629,class_017,78.74,80.17,79.93,69.72,84.09,49.78,19.61,10.0,1670.0,,2.0,15.0,1.0,low
stu_09630,class_019,37.01,,27.23,28.11,29.96,14.4,89.98,2.0,566.0,3.0,0.0,3.0,1.0,high
stu_09631,class_022,84.46,90.14,88.52,87.12,87.12,98.2,31.65,12.0,1826.0,8.0,4.0,14.0,1.0,low
stu_09632,class_024,84.99,88.02,68.57,66.63,84.01,95.1,16.4,5.0,1639.0,7.0,3.0,7.0,1.0,low
stu_09633,class_039,43.79,41.98,23.32,27.49,33.91,21.04,44.14,4.0,863.0,4.0,1.0,3.0,5.0,high
stu_09634,class_016,81.02,100.0,90.29,89.63,86.6,83.65,23.19,7.0,2111.0,9.0,5.0,6.0,1.0,low
stu_09635,class_026,28.22,29.23,72.24,79.12,39.56,25.94,73.41,3.0,573.0,3.0,1.0,5.0,5.0,high
stu_09636,class_027,81.34,78.09,20.0,71.27,57.57,44.04,61.2,2.0,2967.0,11.0,9.0,30.0,4.0,medium
stu_09637,class_031,31.0,33.43,36.04,36.27,27.44,2.98,35.3,1.0,715.0,3.0,1.0,3.0,1.0,high
stu_09638,class_015,66.03,95.51,55.63,53.13,73.28,71.98,39.11,7.0,1880.0,8.0,2.0,6.0,2.0,medium
stu_09639,class_028,87.72,80.69,84.87,87.38,86.28,77.09,20.44,15.0,1748.0,7.0,5.0,13.0,2.0,low
stu_09640,class_029,32.33,48.9,90.89,92.55,59.35,83.32,15.67,6.0,1594.0,7.0,4.0,8.0,0.0,low
stu_09641,class_026,86.77,79.99,24.98,23.03,65.06,67.84,17.55,7.0,1818.0,8.0,5.0,8.0,6.0,low
stu_09642,class_026,39.15,35.21,70.56,71.01,49.11,54.18,92.08,3.0,0.0,3.0,0.0,0.0,2.0,medium
stu_09643,class_040,94.46,83.41,96.53,84.82,93.5,78.65,23.83,11.0,1867.0,8.0,4.0,10.0,0.0,low
stu_09644,class_020,39.05,17.48,77.65,87.24,51.28,83.05,30.81,17.0,2216.0,9.0,5.0,22.0,0.0,low
stu_09645,class_034,80.44,40.97,100.0,100.0,73.38,62.63,55.0,10.0,973.0,4.0,4.0,4.0,1.0,medium
stu_09646,class_036,42.53,29.45,38.58,40.09,41.92,47.81,110.42,3.0,524.0,3.0,1.0,0.0,2.0,high
stu_09647,class_037,84.19,81.11,71.72,84.69,76.19,76.69,19.22,12.0,1845.0,8.0,4.0,9.0,0.0,low
stu_09648,class_015,88.85,82.23,79.83,86.25,81.93,83.18,27.01,16.0,2061.0,,4.0,32.0,0.0,low
stu_09649,class_012,85.44,84.16,73.67,74.56,82.82,67.34,16.36,18.0,1875.0,8.0,4.0,25.0,1.0,low
stu_09650,class_030,45.12,17.48,24.86,28.92,32.17,26.64,60.75,0.0,409.0,2.0,0.0,0.0,5.0,high
stu_09651,class_033,0.0,0.0,9.93,0.0,9.44,57.64,29.68,5.0,0.0,1.0,0.0,6.0,2.0,high
stu_09652,class_011,84.07,70.44,78.16,76.95,78.54,72.14,17.79,7.0,1445.0,6.0,3.0,9.0,1.0,low
stu_09653,class_018,83.66,91.1,89.42,85.08,93.16,84.68,28.65,10.0,2008.0,9.0,5.0,12.0,0.0,low
stu_09654,class_013,69.42,71.24,45.43,31.15,57.42,68.97,46.81,3.0,1274.0,6.0,1.0,3.0,3.0,medium
stu_09655,class_004,94.05,83.8,94.47,100.0,77.09,13.02,14.78,0.0,2091.0,9.0,5.0,0.0,1.0,low
stu_09656,class_039,36.6,67.34,57.29,52.87,50.8,59.77,88.82,4.0,1314.0,6.0,2.0,7.0,3.0,medium
stu_09657,class_021,82.72,52.87,43.28,35.75,63.87,53.51,12.7,17.0,1647.0,7.0,5.0,16.0,5.0,low
stu_09658,class_021,89.35,64.2,84.59,68.05,83.83,,14.06,8.0,1519.0,7.0,4.0,9.0,1.0,low
stu_09659,class_006,22.25,24.45,16.18,23.49,21.0,39.07,129.12,4.0,712.0,3.0,0.0,3.0,3.0,high
stu_09660,class_025,80.48,91.09,78.89,88.2,74.39,34.27,31.26,0.0,1947.0,8.0,3.0,0.0,0.0,low
stu_09661,class_002,86.65,79.44,80.59,82.27,84.78,93.76,18.8,13.0,1679.0,7.0,4.0,27.0,1.0,low
stu_09662,class_008,33.63,57.57,34.29,37.33,36.13,11.76,64.17,2.0,904.0,4.0,1.0,0.0,6.0,high
stu_09663,class_019,100.0,82.86,87.75,85.67,89.48,80.65,24.1,13.0,1808.0,8.0,4.0,23.0,2.0,low
stu_09664,class_022,90.63,89.54,86.06,83.47,86.4,64.75,41.6,10.0,1924.0,8.0,4.0,15.0,0.0,low
stu_09665,class_008,45.08,40.4,62.84,63.6,48.92,63.38,66.8,4.0,925.0,4.0,1.0,0.0,0.0,medium
stu_09666,class_029,0.8,29.44,67.31,68.89,26.38,39.98,63.73,0.0,533.0,3.0,0.0,0.0,4.0,high
stu_09667,class_018,75.11,79.81,91.51,100.0,80.75,91.45,14.59,8.0,1674.0,7.0,4.0,11.0,,low
stu_09668,class_032,37.83,13.69,40.39,30.78,25.94,0.0,63.38,2.0,260.0,2.0,0.0,0.0,4.0,high
stu_09669,class_033,49.97,66.58,44.89,53.37,51.33,43.32,51.87,1.0,1272.0,6.0,2.0,0.0,0.0,medium
stu_09670,class_001,36.97,10.23,30.4,27.48,29.39,38.84,59.68,2.0,217.0,1.0,0.0,0.0,4.0,high
stu_09671,class_020,58.28,27.71,60.97,53.21,43.91,56.7,37.09,1.0,519.0,3.0,1.0,2.0,1.0,medium
stu_09672,class_007,88.88,72.89,79.9,88.57,81.16,64.42,24.82,17.0,1717.0,7.0,4.0,17.0,1.0,low
stu_09673,class_011,75.01,50.98,52.24,51.59,62.39,86.15,44.89,9.0,1174.0,5.0,1.0,12.0,2.0,medium
stu_09674,class_039,56.85,67.93,51.84,57.22,60.89,100.0,16.64,5.0,1320.0,6.0,3.0,11.0,3.0,medium
stu_09675,class_013,98.37,78.4,83.36,85.84,87.87,86.38,19.96,8.0,1389.0,6.0,5.0,14.0,2.0,low
stu_09676,class_031,90.92,85.81,,64.34,75.1,21.8,15.43,0.0,2138.0,9.0,4.0,0.0,0.0,low
stu_09677,class_001,100.0,53.91,93.24,87.32,83.68,54.14,41.33,8.0,1296.0,6.0,3.0,0.0,2.0,medium
stu_09678,class_032,79.07,73.11,77.61,82.85,78.26,91.43,15.18,18.0,1873.0,8.0,2.0,15.0,0.0,low
stu_09679,class_012,53.87,45.99,46.76,38.75,42.01,0.0,42.26,3.0,875.0,4.0,1.0,6.0,2.0,high
stu_09680,class_017,40.46,13.74,48.43,58.38,39.96,64.41,89.18,5.0,417.0,2.0,0.0,6.0,0.0,high
stu_09681,class_035,92.86,73.42,97.57,92.08,89.2,77.84,36.16,5.0,1508.0,7.0,4.0,7.0,0.0,low
stu_09682,class_032,25.7,54.88,30.76,30.06,35.22,42.28,113.24,0.0,791.0,4.0,1.0,0.0,3.0,high
stu_09683,class_014,82.08,79.66,75.1,78.09,77.54,75.61,13.37,18.0,1799.0,8.0,3.0,30.0,1.0,low
stu_09684,class_035,72.0,82.7,86.0,89.75,82.82,86.95,17.35,16.0,1763.0,8.0,4.0,24.0,1.0,low
stu_09685,class_009,34.32,0.0,22.78,21.22,19.38,14.61,128.92,1.0,59.0,1.0,0.0,0.0,6.0,high
stu_09686,class_003,64.76,80.29,62.51,65.88,61.98,26.35,17.99,6.0,1235.0,5.0,2.0,8.0,1.0,medium
stu_09687,class_006,84.79,91.89,96.6,,88.59,73.71,20.18,17.0,2161.0,9.0,6.0,26.0,1.0,low
stu_09688,class_039,100.0,59.95,81.36,87.76,80.94,87.45,16.35,17.0,1793.0,8.0,4.0,13.0,0.0,low
stu_09689,class_006,91.72,61.13,90.74,90.61,81.98,40.28,55.44,10.0,1227.0,5.0,3.0,15.0,2.0,medium
stu_09690,class_035,34.07,54.3,69.95,70.95,58.63,75.14,37.04,9.0,1044.0,5.0,2.0,14.0,3.0,medium
stu_09691,class_038,78.15,50.51,62.12,59.16,60.87,34.13,41.88,8.0,1141.0,5.0,2.0,10.0,0.0,medium
stu_09692,class_013,86.64,72.44,84.93,88.71,82.67,75.9,45.59,15.0,1655.0,7.0,4.0,26.0,0.0,low
stu_09693,class_013,59.46,63.73,15.0,16.62,46.16,50.12,32.48,0.0,1135.0,5.0,1.0,0.0,1.0,medium
stu_09694,class_035,78.04,85.95,84.26,100.0,82.56,71.33,22.11,6.0,1691.0,7.0,3.0,4.0,1.0,low
stu_09695,class_022,98.59,79.99,72.9,65.15,84.35,81.71,28.24,11.0,1734.0,7.0,3.0,19.0,0.0,low
stu_09696,class_003,57.07,70.62,52.5,52.01,56.23,45.41,40.85,2.0,1368.0,6.0,2.0,2.0,0.0,medium
stu_09697,class_025,86.99,71.58,68.86,58.42,74.91,81.65,23.76,14.0,1576.0,7.0,3.0,11.0,1.0,low
stu_09698,class_018,89.03,88.8,85.63,83.22,86.57,80.95,15.14,9.0,1883.0,8.0,5.0,10.0,0.0,low
stu_09699,class_036,64.49,63.34,78.47,85.65,66.39,42.58,13.43,10.0,1564.0,7.0,2.0,15.0,3.0,medium
stu_09700,class_013,31.72,28.48,54.9,60.58,38.0,46.0,92.8,0.0,597.0,3.0,0.0,0.0,1.0,high
stu_09701,class_004,17.66,24.4,58.71,58.91,35.71,30.65,72.75,5.0,639.0,3.0,1.0,5.0,2.0,high
stu_09702,class_024,40.29,17.77,31.64,31.94,29.2,38.41,34.68,0.0,197.0,1.0,0.0,0.0,1.0,high
stu_09703,class_026,71.68,85.3,48.69,49.03,66.39,64.78,,6.0,1690.0,7.0,3.0,7.0,1.0,medium
stu_09704,class_001,92.89,94.49,89.46,96.29,91.69,81.11,16.89,9.0,2142.0,9.0,6.0,7.0,0.0,low
stu_09705,class_032,93.83,92.2,89.45,88.96,91.96,98.39,21.6,6.0,1755.0,8.0,4.0,7.0,0.0,low
stu_09706,class_027,85.11,97.45,8.21,6.59,60.48,45.53,35.6,3.0,604.0,3.0,0.0,6.0,3.0,high
stu_09707,class_002,90.81,78.62,88.04,88.57,85.52,64.35,16.48,14.0,1790.0,8.0,0.0,15.0,0.0,low
stu_09708,class_023,82.22,79.76,19.86,36.6,61.02,55.85,70.72,5.0,678.0,3.0,1.0,5.0,7.0,high
stu_09709,class_011,69.85,96.8,65.42,75.61,82.87,74.72,23.88,11.0,1971.0,8.0,3.0,12.0,0.0,low
stu_09710,class_037,79.26,85.18,58.25,74.42,67.71,59.85,55.8,6.0,1781.0,8.0,3.0,14.0,2.0,medium
stu_09711,class_010,91.7,90.57,90.71,94.24,87.91,83.56,23.01,6.0,1770.0,8.0,4.0,9.0,0.0,low
stu_09712,class_018,90.78,97.88,77.85,74.43,86.71,68.85,20.06,7.0,2045.0,9.0,4.0,9.0,0.0,low
stu_09713,class_018,83.96,68.54,71.96,68.31,75.66,83.08,14.86,12.0,1725.0,7.0,4.0,10.0,0.0,low
stu_09714,class_007,87.57,78.02,80.53,74.44,85.14,89.18,37.77,7.0,1637.0,7.0,4.0,10.0,1.0,low
stu_09715,class_040,90.51,73.26,78.37,70.74,84.49,63.64,35.66,14.0,1682.0,7.0,3.0,17.0,0.0,low
stu_09716,class_031,71.76,5.45,0.0,0.0,26.15,0.0,69.64,1.0,388.0,2.0,1.0,0.0,3.0,high
stu_09717,class_013,83.69,88.05,78.82,72.69,82.27,76.39,17.11,15.0,1872.0,8.0,3.0,13.0,0.0,low
stu_09718,class_019,70.81,77.85,82.73,88.69,81.26,81.64,13.52,15.0,1571.0,7.0,3.0,18.0,0.0,low
stu_09719,class_022,56.39,40.43,19.13,14.06,49.34,60.04,43.78,5.0,854.0,4.0,1.0,8.0,3.0,high
stu_09720,class_026,14.67,68.02,48.81,40.9,41.67,50.51,40.47,0.0,998.0,4.0,1.0,0.0,3.0,high
stu_09721,class_035,53.75,75.6,75.15,78.11,58.89,29.49,28.43,0.0,1515.0,7.0,2.0,0.0,0.0,medium
stu_09722,class_005,47.49,69.04,78.31,90.57,57.96,38.41,35.93,1.0,854.0,4.0,1.0,3.0,0.0,high
stu_09723,class_009,65.32,100.0,79.99,74.48,85.29,99.93,21.74,,2263.0,10.0,3.0,27.0,0.0,low
stu_09724,class_025,94.24,89.4,74.23,71.76,84.85,62.99,26.43,10.0,1889.0,8.0,3.0,9.0,0.0,low
stu_09725,class_002,51.78,24.1,56.1,61.03,42.17,47.09,37.04,2.0,692.0,3.0,2.0,5.0,1.0,medium
stu_09726,class_016,100.0,75.49,91.88,77.34,81.74,45.23,26.07,0.0,1938.0,8.0,5.0,0.0,0.0,low
stu_09727,class_015,43.69,16.92,23.93,36.07,26.83,12.44,55.9,0.0,446.0,2.0,1.0,0.0,4.0,high
stu_09728,class_020,13.97,21.76,62.19,48.94,27.73,22.73,89.88,4.0,287.0,2.0,0.0,0.0,0.0,high
stu_09729,class_001,88.67,71.33,80.06,75.35,76.59,84.87,10.76,8.0,1466.0,6.0,4.0,2.0,0.0,low
stu_09730,class_016,90.04,78.13,64.46,61.75,78.39,75.84,,8.0,1460.0,6.0,3.0,6.0,0.0,low
stu_09731,class_006,100.0,47.99,70.2,54.5,68.76,28.06,57.15,1.0,1000.0,5.0,3.0,2.0,2.0,medium
stu_09732,class_019,85.11,97.61,73.6,72.86,84.57,95.38,40.86,16.0,2299.0,10.0,4.0,13.0,1.0,low
stu_09733,class_008,75.6,77.15,82.05,93.84,82.62,87.49,25.65,13.0,1677.0,7.0,4.0,18.0,0.0,low
stu_09734,class_038,64.56,71.88,79.29,95.61,71.31,40.97,69.44,5.0,1616.0,7.0,3.0,5.0,1.0,medium
stu_09735,class_009,39.45,30.97,16.05,21.66,31.56,36.51,18.23,0.0,740.0,3.0,2.0,0.0,4.0,high
stu_09736,class_005,59.63,57.64,46.92,58.64,44.79,16.42,20.11,1.0,1304.0,6.0,3.0,1.0,3.0,medium
stu_09737,class_016,62.46,63.74,43.89,58.09,54.08,77.03,34.53,6.0,1348.0,6.0,3.0,0.0,1.0,medium
stu_09738,class_033,15.0,,38.3,37.51,44.41,52.9,22.98,7.0,1627.0,7.0,3.0,9.0,1.0,medium
stu_09739,class_037,87.96,96.69,99.86,100.0,90.18,78.24,23.73,6.0,2020.0,9.0,5.0,7.0,0.0,low
stu_09740,class_024,57.39,35.52,49.62,58.66,47.11,52.29,54.1,8.0,808.0,4.0,2.0,5.0,0.0,medium
stu_09741,class_025,98.09,86.51,74.67,79.67,86.41,77.33,22.97,8.0,1901.0,8.0,4.0,8.0,0.0,low
stu_09742,class_028,61.12,43.36,45.83,48.1,49.56,44.28,39.38,7.0,781.0,4.0,1.0,7.0,2.0,medium
stu_09743,class_040,86.42,94.91,67.85,61.43,85.56,100.0,19.23,13.0,2037.0,9.0,4.0,12.0,0.0,low
stu_09744,class_012,92.44,76.16,83.89,85.94,84.43,,25.19,11.0,1907.0,8.0,4.0,10.0,0.0,low
stu_09745,class_020,57.3,83.91,38.83,56.91,57.37,40.69,65.36,3.0,3421.0,13.0,14.0,15.0,3.0,medium
stu_09746,class_005,87.53,90.67,89.93,81.27,90.92,82.43,20.68,13.0,1853.0,8.0,4.0,19.0,0.0,low
stu_09747,class_005,43.58,29.04,85.3,89.45,49.95,33.65,30.64,0.0,805.0,4.0,2.0,0.0,3.0,medium
stu_09748,class_006,65.85,29.56,91.31,100.0,61.54,67.29,61.05,5.0,653.0,3.0,2.0,11.0,4.0,medium
stu_09749,class_012,69.27,73.46,67.83,67.99,67.89,41.92,25.76,6.0,1512.0,7.0,2.0,3.0,1.0,medium
stu_09750,class_032,57.67,69.84,89.9,98.57,71.89,93.13,28.74,,1327.0,6.0,4.0,8.0,0.0,low
stu_09751,class_007,86.99,62.6,83.35,97.43,84.33,86.79,23.96,17.0,1379.0,6.0,4.0,21.0,0.0,low
stu_09752,class_037,93.1,85.53,85.78,95.52,86.65,82.55,20.05,16.0,1942.0,8.0,4.0,27.0,1.0,low
stu_09753,class_018,85.29,94.72,86.42,89.87,88.03,58.7,16.99,14.0,2226.0,9.0,5.0,12.0,0.0,low
stu_09754,class_013,54.92,32.8,37.43,47.58,39.86,11.12,42.27,4.0,671.0,3.0,2.0,9.0,6.0,high
stu_09755,class_040,99.88,47.11,79.41,83.44,82.66,92.09,27.29,8.0,986.0,4.0,2.0,12.0,0.0,low
stu_09756,class_009,79.6,69.15,82.36,78.59,80.35,100.0,39.11,7.0,1384.0,6.0,3.0,10.0,0.0,low
stu_09757,class_030,0.0,48.55,23.61,20.9,19.81,28.18,82.26,3.0,864.0,4.0,1.0,2.0,4.0,high
stu_09758,class_020,30.35,30.8,61.09,67.09,40.59,53.12,53.47,10.0,1024.0,5.0,1.0,12.0,1.0,medium
stu_09759,class_029,100.0,72.71,67.83,75.88,71.98,42.78,19.98,0.0,1487.0,6.0,3.0,0.0,0.0,low
stu_09760,class_010,82.73,75.2,81.5,80.98,78.4,66.6,39.22,14.0,1701.0,7.0,5.0,24.0,0.0,low
stu_09761,class_026,67.37,60.67,44.36,47.22,60.62,86.21,20.19,1.0,957.0,4.0,1.0,2.0,2.0,medium
stu_09762,class_018,39.78,48.49,90.38,80.84,55.39,59.53,71.1,6.0,1304.0,6.0,3.0,5.0,2.0,medium
stu_09763,class_040,90.42,76.76,81.41,71.66,81.78,74.44,11.3,10.0,1817.0,8.0,4.0,12.0,1.0,low
stu_09764,class_012,27.9,28.28,57.26,61.94,34.17,16.0,123.75,0.0,530.0,3.0,1.0,0.0,5.0,high
stu_09765,class_002,91.4,52.29,95.88,95.87,80.89,82.49,22.6,12.0,1521.0,7.0,4.0,10.0,2.0,low
stu_09766,class_010,97.13,44.98,58.65,54.34,62.84,34.82,17.75,3.0,1126.0,5.0,3.0,3.0,3.0,medium
stu_09767,class_015,28.01,14.4,43.95,42.61,30.46,40.95,125.48,2.0,365.0,2.0,0.0,2.0,4.0,high
stu_09768,class_003,71.57,94.18,73.74,64.55,79.96,72.83,66.93,13.0,1946.0,8.0,2.0,11.0,0.0,low
stu_09769,class_001,92.49,96.44,72.28,52.14,89.04,84.53,26.59,14.0,2210.0,9.0,4.0,,1.0,low
stu_09770,class_002,74.58,96.4,69.04,74.14,79.63,83.95,34.43,12.0,1960.0,8.0,3.0,13.0,1.0,low
stu_09771,class_012,100.0,100.0,63.9,62.81,89.42,70.72,26.61,15.0,2379.0,10.0,4.0,25.0,0.0,low
stu_09772,class_031,57.06,39.33,33.05,27.69,45.67,63.21,44.36,4.0,629.0,3.0,0.0,3.0,2.0,medium
stu_09773,class_009,4.94,5.0,88.73,87.04,35.07,79.56,61.58,9.0,1191.0,5.0,1.0,10.0,1.0,medium
stu_09774,class_030,65.24,70.92,85.14,78.09,63.0,44.38,36.3,0.0,1738.0,7.0,4.0,0.0,0.0,low
stu_09775,class_025,100.0,81.6,74.72,74.41,81.16,83.62,17.12,5.0,1502.0,7.0,3.0,7.0,0.0,low
stu_09776,class_031,100.0,87.95,94.36,100.0,96.38,97.14,20.92,6.0,1849.0,8.0,4.0,3.0,1.0,low
stu_09777,class_037,82.65,58.14,38.78,52.32,59.91,37.82,29.59,10.0,886.0,4.0,3.0,13.0,6.0,medium
stu_09778,class_020,70.36,36.07,89.43,98.56,63.92,67.81,21.41,1.0,663.0,3.0,3.0,0.0,2.0,medium
stu_09779,class_021,63.36,62.75,53.83,55.51,63.29,74.45,27.69,6.0,1113.0,5.0,1.0,2.0,2.0,medium
stu_09780,class_014,43.2,59.42,80.91,89.79,55.91,24.06,33.98,5.0,1235.0,5.0,2.0,5.0,2.0,medium
stu_09781,class_040,94.86,60.41,69.4,57.71,76.25,71.14,35.08,8.0,1546.0,7.0,3.0,7.0,0.0,medium
stu_09782,class_004,85.91,93.35,79.56,96.3,87.61,80.56,24.5,9.0,1838.0,8.0,3.0,9.0,0.0,low
stu_09783,class_001,77.64,73.33,90.35,86.32,80.61,66.22,40.65,14.0,1741.0,7.0,3.0,19.0,0.0,low
stu_09784,class_013,28.83,23.42,78.0,76.28,45.56,80.15,17.78,5.0,1273.0,6.0,4.0,1.0,2.0,low
stu_09785,class_007,73.5,11.7,36.24,23.32,45.34,72.15,28.65,4.0,330.0,2.0,0.0,1.0,3.0,medium
stu_09786,class_039,52.97,32.13,77.84,71.98,44.48,14.0,46.56,1.0,676.0,3.0,1.0,0.0,3.0,medium
stu_09787,class_021,83.51,88.47,61.29,66.86,80.76,89.15,11.35,14.0,2165.0,9.0,4.0,13.0,0.0,low
stu_09788,class_002,78.85,37.82,71.01,75.7,64.16,57.47,38.72,9.0,796.0,4.0,1.0,9.0,4.0,medium
stu_09789,class_030,52.46,15.56,22.01,31.49,29.44,33.32,49.98,3.0,406.0,2.0,1.0,10.0,4.0,high
stu_09790,class_020,22.7,23.68,62.25,64.18,31.93,8.68,27.75,1.0,314.0,2.0,1.0,3.0,0.0,high
stu_09791,class_030,99.59,78.74,75.72,86.96,84.37,73.84,13.61,17.0,1846.0,8.0,3.0,34.0,0.0,low
stu_09792,class_016,51.28,58.4,45.86,47.62,45.84,13.3,51.25,2.0,1172.0,5.0,2.0,1.0,3.0,high
stu_09793,class_001,89.08,73.2,67.7,66.2,81.08,91.19,20.86,12.0,1521.0,7.0,4.0,19.0,0.0,low
stu_09794,class_025,71.41,33.77,24.71,13.88,47.51,64.79,50.65,4.0,706.0,3.0,1.0,5.0,2.0,medium
stu_09795,class_008,62.39,72.09,47.86,40.01,60.93,68.86,22.95,2.0,1451.0,6.0,3.0,3.0,2.0,medium
stu_09796,class_019,100.0,73.23,77.96,79.31,86.93,71.37,27.27,13.0,1560.0,7.0,3.0,24.0,0.0,low
stu_09797,class_022,59.1,54.12,39.31,40.71,48.06,11.54,44.5,4.0,1051.0,5.0,1.0,1.0,1.0,high
stu_09798,class_019,95.38,77.1,65.34,78.41,73.85,26.46,46.18,0.0,1560.0,7.0,3.0,0.0,0.0,low
stu_09799,class_037,76.93,65.88,60.09,77.36,68.97,80.63,19.13,2.0,1289.0,6.0,1.0,4.0,2.0,medium
stu_09800,class_013,72.16,77.24,74.94,75.51,79.88,87.96,17.62,15.0,,7.0,3.0,16.0,0.0,low
stu_09801,class_023,77.77,73.41,72.85,67.02,66.54,47.77,15.69,0.0,1582.0,7.0,2.0,0.0,2.0,low
stu_09802,class_016,72.92,77.91,87.45,81.4,79.17,76.54,19.63,14.0,0.0,8.0,3.0,19.0,0.0,low
stu_09803,class_036,86.46,73.49,72.16,71.36,80.54,71.29,24.79,15.0,1521.0,7.0,3.0,12.0,1.0,low
stu_09804,class_019,85.36,74.17,85.01,80.45,80.82,80.77,28.05,5.0,1362.0,6.0,4.0,3.0,0.0,low
stu_09805,class_034,100.0,81.07,82.3,82.29,84.58,77.37,18.22,8.0,1950.0,,6.0,6.0,0.0,low
stu_09806,class_010,67.57,67.28,77.41,69.98,71.01,73.78,40.9,16.0,1636.0,7.0,2.0,28.0,1.0,low
stu_09807,class_018,89.57,91.82,35.52,33.95,68.43,23.52,154.44,3.0,631.0,3.0,0.0,3.0,4.0,high
stu_09808,class_037,87.05,92.55,80.69,75.86,92.6,69.96,41.21,17.0,2087.0,9.0,6.0,29.0,0.0,low
stu_09809,class_002,55.08,26.97,54.3,53.29,40.61,16.81,,1.0,383.0,2.0,0.0,0.0,2.0,high
stu_09810,class_030,21.4,1.66,55.75,40.45,21.21,10.74,118.84,0.0,0.0,1.0,1.0,0.0,6.0,high
stu_09811,class_037,92.91,100.0,82.7,77.2,85.95,68.22,23.52,6.0,2026.0,9.0,6.0,5.0,1.0,low
stu_09812,class_007,73.93,46.51,81.2,82.45,65.27,75.92,34.74,6.0,907.0,4.0,3.0,9.0,4.0,medium
stu_09813,class_039,83.9,91.42,89.51,81.02,87.97,88.07,29.97,14.0,2186.0,9.0,6.0,26.0,0.0,low
stu_09814,class_023,82.56,69.43,100.0,86.1,86.73,86.03,18.5,13.0,1664.0,7.0,4.0,10.0,0.0,low
stu_09815,class_007,99.42,59.95,90.76,,86.04,85.74,17.07,7.0,1320.0,6.0,4.0,8.0,1.0,low
stu_09816,class_009,74.87,72.9,85.72,92.0,81.0,85.45,14.97,14.0,1713.0,7.0,4.0,12.0,0.0,low
stu_09817,class_013,67.32,38.22,75.74,77.58,58.57,36.92,27.41,4.0,912.0,4.0,1.0,8.0,2.0,medium
stu_09818,class_001,43.83,40.1,34.52,33.92,43.96,44.44,53.18,3.0,700.0,3.0,1.0,7.0,2.0,high
stu_09819,class_021,59.23,78.4,72.88,72.16,70.24,52.58,77.64,6.0,1673.0,7.0,2.0,12.0,1.0,medium
stu_09820,class_001,69.87,47.09,58.94,72.19,58.39,42.32,42.58,3.0,856.0,4.0,1.0,8.0,4.0,medium
stu_09821,class_011,59.08,63.1,77.13,83.07,59.86,43.59,34.51,5.0,1362.0,6.0,3.0,7.0,1.0,medium
stu_09822,class_013,72.41,57.56,51.76,45.83,66.97,60.77,74.26,8.0,1108.0,5.0,2.0,8.0,3.0,medium
stu_09823,class_021,86.32,100.0,78.26,65.98,88.92,100.0,24.82,12.0,2431.0,10.0,4.0,16.0,0.0,low
stu_09824,class_011,34.39,43.47,31.48,24.92,38.0,40.08,45.45,0.0,,4.0,2.0,2.0,2.0,high
stu_09825,class_025,86.5,75.1,75.07,88.65,73.19,70.58,22.29,6.0,1580.0,7.0,3.0,9.0,0.0,low
stu_09826,class_026,59.4,44.09,70.56,61.89,57.28,54.68,23.37,3.0,790.0,4.0,1.0,2.0,0.0,medium
stu_09827,class_032,16.51,48.07,33.62,38.19,30.65,35.68,60.75,0.0,869.0,4.0,1.0,0.0,3.0,high
stu_09828,class_040,87.82,84.88,84.33,77.57,88.37,80.03,38.66,12.0,2080.0,9.0,6.0,11.0,0.0,low
stu_09829,class_034,87.36,56.9,33.62,33.18,66.97,87.84,26.77,9.0,1852.0,8.0,4.0,10.0,7.0,low
stu_09830,class_003,30.75,14.34,0.0,0.0,17.11,24.79,65.81,1.0,316.0,2.0,1.0,0.0,1.0,high
stu_09831,class_034,41.87,41.36,50.22,100.0,46.47,43.81,56.55,3.0,4704.0,18.0,7.0,29.0,2.0,medium
stu_09832,class_004,100.0,90.95,85.8,93.09,88.14,62.91,12.97,13.0,1968.0,8.0,6.0,12.0,0.0,low
stu_09833,class_028,91.34,81.37,79.42,85.63,80.78,100.0,21.44,5.0,1639.0,7.0,3.0,6.0,0.0,low
stu_09834,class_035,60.44,49.15,60.71,63.16,49.42,0.0,50.39,5.0,920.0,4.0,1.0,9.0,4.0,high
stu_09835,class_027,92.83,75.5,64.87,53.07,81.09,77.46,42.8,10.0,1671.0,7.0,3.0,17.0,0.0,low
stu_09836,class_011,94.25,59.5,50.19,53.53,62.0,16.94,16.32,5.0,1025.0,5.0,2.0,3.0,1.0,medium
stu_09837,class_022,100.0,94.63,84.66,100.0,93.3,77.63,23.2,14.0,1956.0,8.0,6.0,23.0,0.0,low
stu_09838,class_029,93.21,87.55,83.82,96.06,89.86,64.83,36.98,14.0,2036.0,9.0,5.0,18.0,1.0,low
stu_09839,class_014,12.68,31.51,27.44,44.36,30.04,22.35,140.3,5.0,814.0,4.0,2.0,4.0,3.0,high
stu_09840,class_037,69.74,100.0,97.71,98.22,87.79,,28.07,8.0,2166.0,9.0,4.0,16.0,1.0,low
stu_09841,class_030,69.82,82.2,87.83,92.81,73.69,65.54,16.25,8.0,1554.0,7.0,3.0,12.0,0.0,low
stu_09842,class_007,85.25,75.24,83.23,73.43,84.41,78.96,35.89,9.0,1621.0,7.0,4.0,15.0,0.0,low
stu_09843,class_017,37.18,58.99,59.91,55.03,55.9,61.81,35.04,4.0,955.0,4.0,1.0,5.0,1.0,medium
stu_09844,class_040,58.84,66.74,98.68,88.41,68.93,40.4,32.64,5.0,1139.0,5.0,2.0,8.0,0.0,medium
stu_09845,class_002,89.99,70.36,78.18,73.66,79.9,76.34,36.51,10.0,1742.0,7.0,4.0,15.0,2.0,low
stu_09846,class_014,90.17,75.61,95.42,86.71,87.19,100.0,15.62,16.0,1755.0,8.0,4.0,20.0,1.0,low
stu_09847,class_037,44.63,39.84,34.71,27.55,42.08,29.69,31.0,5.0,848.0,4.0,1.0,7.0,2.0,high
stu_09848,class_025,73.82,50.15,95.31,93.55,63.97,54.02,35.79,2.0,828.0,4.0,2.0,2.0,0.0,medium
stu_09849,class_015,25.98,30.83,47.75,66.45,25.35,0.0,22.79,3.0,735.0,3.0,1.0,5.0,4.0,high
stu_09850,class_036,84.16,83.11,84.55,82.61,84.4,72.49,39.71,16.0,2057.0,9.0,6.0,29.0,0.0,low
stu_09851,class_027,16.3,39.27,42.03,59.28,28.55,21.15,42.56,4.0,744.0,3.0,1.0,4.0,2.0,high
stu_09852,class_027,25.87,19.68,23.45,12.22,23.19,40.68,41.75,0.0,315.0,2.0,0.0,0.0,3.0,high
stu_09853,class_007,73.76,82.12,92.24,95.51,79.94,73.84,13.25,10.0,1666.0,7.0,4.0,6.0,0.0,low
stu_09854,class_029,89.73,44.17,59.87,50.39,62.53,29.82,30.86,3.0,1014.0,5.0,2.0,4.0,2.0,medium
stu_09855,class_040,94.31,92.9,32.22,18.83,71.62,30.82,131.36,2.0,0.0,2.0,1.0,0.0,3.0,high
stu_09856,class_012,75.29,100.0,91.05,83.78,88.04,79.5,27.98,8.0,1909.0,8.0,3.0,11.0,0.0,low
stu_09857,class_034,13.87,28.6,37.38,47.92,32.34,66.94,105.59,5.0,573.0,3.0,0.0,4.0,3.0,high
stu_09858,class_038,49.51,72.7,46.13,36.26,57.09,88.01,49.16,4.0,1463.0,6.0,3.0,0.0,0.0,medium
stu_09859,class_028,95.82,76.34,79.75,75.73,80.98,73.63,12.43,14.0,1671.0,7.0,4.0,14.0,0.0,low
stu_09860,class_012,7.2,48.0,20.78,19.34,22.58,38.14,36.14,1.0,1025.0,5.0,1.0,1.0,3.0,high
stu_09861,class_024,99.01,81.55,76.68,79.74,89.39,96.79,22.86,8.0,1566.0,7.0,3.0,8.0,1.0,low
stu_09862,class_023,43.68,5.17,48.07,40.18,36.8,52.26,44.47,5.0,282.0,2.0,0.0,9.0,7.0,high
stu_09863,class_006,88.34,91.42,76.83,81.63,81.72,57.58,40.99,8.0,,8.0,3.0,6.0,0.0,low
stu_09864,class_019,88.64,88.14,100.0,100.0,86.86,65.62,14.84,12.0,2013.0,9.0,5.0,10.0,1.0,low
stu_09865,class_015,92.4,63.54,61.2,76.08,75.6,73.54,18.8,8.0,1149.0,5.0,2.0,13.0,2.0,medium
stu_09866,class_004,89.98,72.65,82.54,86.31,81.35,89.15,49.87,17.0,1406.0,6.0,4.0,19.0,0.0,low
stu_09867,class_029,70.78,46.91,84.99,84.51,64.81,37.78,46.19,9.0,886.0,4.0,2.0,9.0,4.0,medium
stu_09868,class_034,50.35,44.12,50.32,54.72,55.16,61.61,29.66,10.0,912.0,4.0,2.0,17.0,2.0,medium
stu_09869,class_039,89.56,89.02,79.71,78.74,87.13,79.69,17.89,17.0,2151.0,9.0,4.0,31.0,0.0,low
stu_09870,class_007,79.63,78.4,58.65,70.0,68.47,28.45,20.04,,1546.0,7.0,3.0,7.0,5.0,medium
stu_09871,class_007,95.54,79.27,100.0,100.0,95.02,89.95,26.78,13.0,1869.0,8.0,5.0,15.0,0.0,low
stu_09872,class_007,14.7,0.0,58.5,59.48,24.41,61.07,52.01,2.0,186.0,1.0,0.0,0.0,3.0,high
stu_09873,class_019,98.29,94.41,72.37,82.11,84.9,87.39,17.04,6.0,1822.0,8.0,4.0,5.0,1.0,low
stu_09874,class_011,94.33,68.24,87.91,89.7,87.67,92.2,48.94,18.0,1878.0,8.0,4.0,18.0,1.0,low
stu_09875,class_001,24.04,47.2,47.24,60.09,39.72,23.45,30.67,4.0,1197.0,5.0,1.0,8.0,2.0,high
stu_09876,class_014,78.49,77.64,98.07,100.0,77.44,73.25,22.09,6.0,1604.0,7.0,3.0,11.0,0.0,low
stu_09877,class_018,84.02,87.61,58.08,57.05,74.95,60.08,84.66,2.0,717.0,3.0,2.0,4.0,6.0,high
stu_09878,class_006,58.13,55.81,76.71,72.61,63.76,51.2,19.78,0.0,1166.0,5.0,1.0,13.0,1.0,medium
stu_09879,class_002,30.91,54.74,39.76,46.21,39.38,16.79,39.35,2.0,1165.0,5.0,1.0,1.0,2.0,high
stu_09880,class_030,17.32,77.19,74.08,75.21,50.83,42.08,46.64,4.0,1691.0,7.0,3.0,9.0,2.0,medium
stu_09881,class_029,74.17,29.2,73.26,79.58,67.02,77.4,42.32,6.0,834.0,4.0,1.0,8.0,3.0,medium
stu_09882,class_017,76.25,69.04,32.59,32.74,70.89,83.53,26.73,12.0,1501.0,7.0,5.0,16.0,6.0,low
stu_09883,class_006,33.2,38.27,42.68,46.14,35.17,53.81,30.71,4.0,721.0,3.0,1.0,5.0,4.0,high
stu_09884,class_034,39.91,38.95,44.03,44.24,46.73,70.55,38.75,9.0,823.0,4.0,1.0,10.0,4.0,medium
stu_09885,class_012,79.95,94.83,85.23,88.07,89.74,79.81,35.97,15.0,2137.0,9.0,5.0,23.0,0.0,low
stu_09886,class_016,94.31,82.21,75.63,69.26,80.15,25.82,37.05,0.0,1517.0,7.0,3.0,0.0,0.0,low
stu_09887,class_034,98.32,73.93,73.4,65.52,80.7,49.94,21.17,7.0,1714.0,7.0,3.0,8.0,0.0,low
stu_09888,class_005,76.32,91.91,82.63,86.13,79.03,71.67,16.34,10.0,1890.0,8.0,4.0,0.0,2.0,low
stu_09889,class_021,79.21,73.11,96.38,100.0,82.96,74.61,30.1,18.0,1833.0,8.0,3.0,25.0,1.0,low
stu_09890,class_005,25.89,29.74,17.48,13.4,24.69,14.64,54.41,3.0,743.0,3.0,2.0,3.0,5.0,high
stu_09891,class_011,43.59,44.24,33.59,38.42,31.91,0.0,55.15,0.0,767.0,4.0,1.0,2.0,2.0,high
stu_09892,class_009,95.75,76.44,89.3,86.1,86.92,59.32,26.8,16.0,1898.0,8.0,4.0,16.0,0.0,low
stu_09893,class_025,85.2,77.7,94.42,94.81,84.68,88.58,17.39,8.0,1729.0,7.0,5.0,4.0,0.0,low
stu_09894,class_038,65.28,75.94,58.48,66.89,68.35,59.13,37.48,8.0,1770.0,8.0,3.0,9.0,0.0,medium
stu_09895,class_032,77.31,64.81,53.17,50.75,59.39,52.21,60.7,0.0,1206.0,5.0,1.0,0.0,0.0,medium
stu_09896,class_030,70.66,20.15,36.41,38.8,45.74,18.54,81.1,5.0,357.0,2.0,0.0,8.0,1.0,high
stu_09897,class_040,71.97,70.55,79.2,90.88,73.99,71.95,38.51,7.0,1534.0,7.0,2.0,11.0,2.0,medium
stu_09898,class_025,33.73,59.1,39.09,37.09,41.94,38.37,78.38,1.0,1347.0,6.0,2.0,0.0,4.0,high
stu_09899,class_001,87.77,80.72,87.3,75.67,84.9,85.31,16.94,15.0,1882.0,8.0,4.0,23.0,0.0,low
stu_09900,class_015,92.52,71.17,49.64,64.04,72.75,47.15,84.96,3.0,869.0,4.0,2.0,3.0,4.0,high
stu_09901,class_012,2.14,19.67,33.17,34.24,19.33,12.65,210.72,5.0,472.0,2.0,0.0,7.0,4.0,high
stu_09902,class_001,94.22,89.29,92.57,97.49,91.29,79.28,40.36,15.0,2164.0,9.0,5.0,9.0,0.0,low
stu_09903,class_040,85.58,72.47,46.79,67.47,74.97,96.88,33.93,10.0,1506.0,7.0,3.0,13.0,6.0,low
stu_09904,class_036,87.0,91.75,78.56,54.65,85.99,81.17,22.65,10.0,1994.0,8.0,4.0,11.0,1.0,low
stu_09905,class_037,94.32,82.78,88.4,98.63,87.5,75.64,20.71,18.0,1965.0,8.0,5.0,16.0,0.0,low
stu_09906,class_034,62.39,43.83,53.29,58.98,49.95,37.8,25.69,5.0,874.0,4.0,0.0,6.0,1.0,medium
stu_09907,class_022,45.35,68.94,86.03,81.92,63.37,37.43,30.98,7.0,1582.0,7.0,3.0,12.0,2.0,medium
stu_09908,class_001,44.55,24.7,70.03,78.75,42.62,14.38,39.4,2.0,309.0,2.0,1.0,0.0,3.0,high
stu_09909,class_034,94.07,78.32,81.93,89.93,82.56,100.0,13.61,16.0,1816.0,8.0,4.0,20.0,0.0,low
stu_09910,class_003,18.14,53.41,82.65,86.14,48.14,50.41,51.51,6.0,894.0,4.0,1.0,4.0,2.0,medium
stu_09911,class_027,2.98,33.57,1.37,10.44,9.29,4.46,72.28,5.0,701.0,3.0,2.0,7.0,5.0,high
stu_09912,class_028,95.04,67.95,83.61,83.52,81.8,83.65,35.49,18.0,1974.0,8.0,6.0,23.0,0.0,low
stu_09913,class_015,88.01,63.58,86.33,82.48,81.29,82.07,25.85,17.0,1557.0,7.0,4.0,21.0,0.0,low
stu_09914,class_024,99.55,86.19,78.27,68.38,86.52,65.11,31.88,12.0,1831.0,8.0,3.0,23.0,0.0,low
stu_09915,class_033,49.75,64.39,59.63,68.27,60.98,55.85,30.69,8.0,1433.0,6.0,2.0,6.0,1.0,medium
stu_09916,class_029,,78.02,51.88,55.63,64.49,65.36,50.53,8.0,1605.0,7.0,2.0,5.0,1.0,medium
stu_09917,class_022,100.0,73.62,87.36,100.0,86.9,92.75,40.28,5.0,1413.0,6.0,4.0,9.0,0.0,low
stu_09918,class_029,94.85,86.64,84.58,80.96,89.57,85.81,23.4,6.0,1542.0,7.0,4.0,7.0,0.0,low
stu_09919,class_032,88.41,90.57,76.82,78.75,83.82,58.97,37.4,8.0,1897.0,8.0,4.0,9.0,0.0,low
stu_09920,class_037,58.9,63.94,72.24,80.52,60.48,48.26,26.19,9.0,1577.0,7.0,2.0,6.0,2.0,medium
stu_09921,class_012,86.39,81.46,100.0,95.34,85.33,89.45,25.44,5.0,1504.0,7.0,4.0,7.0,0.0,low
stu_09922,class_001,64.51,12.29,37.29,32.96,43.11,25.81,62.38,1.0,428.0,2.0,1.0,5.0,0.0,high
stu_09923,class_026,89.11,91.28,90.22,95.67,90.56,92.67,29.81,7.0,1818.0,8.0,4.0,11.0,0.0,low
stu_09924,class_001,83.51,88.66,33.27,35.74,67.35,36.74,40.24,8.0,469.0,2.0,0.0,5.0,7.0,medium
stu_09925,class_018,91.48,79.35,42.01,35.89,65.43,45.4,9.09,2.0,1179.0,5.0,2.0,5.0,0.0,medium
stu_09926,class_034,86.41,89.59,97.75,100.0,86.24,84.76,24.78,8.0,1895.0,8.0,4.0,10.0,0.0,low
stu_09927,class_025,100.0,60.01,78.52,77.54,86.1,85.26,18.59,16.0,1522.0,7.0,4.0,25.0,2.0,low
stu_09928,class_036,29.74,31.85,14.81,12.51,22.02,48.04,29.65,2.0,674.0,3.0,2.0,3.0,2.0,high
stu_09929,class_021,83.65,83.56,100.0,100.0,86.46,77.23,25.96,0.0,1731.0,7.0,4.0,16.0,,low
stu_09930,class_012,90.24,71.83,81.18,77.18,86.29,88.41,18.89,17.0,1797.0,,4.0,22.0,0.0,low
stu_09931,class_027,75.65,64.77,98.98,96.79,81.85,94.17,40.36,18.0,0.0,7.0,4.0,17.0,0.0,low
stu_09932,class_018,81.79,100.0,85.96,83.84,90.42,81.98,15.2,6.0,0.0,9.0,6.0,12.0,1.0,low
stu_09933,class_029,73.37,65.84,36.02,41.56,56.53,43.26,79.68,6.0,1413.0,6.0,2.0,9.0,2.0,medium
stu_09934,class_040,31.3,53.12,42.75,32.15,40.75,45.9,22.88,9.0,0.0,6.0,2.0,9.0,3.0,medium
stu_09935,class_023,85.48,85.67,90.63,95.53,87.5,79.34,11.58,12.0,1688.0,7.0,4.0,13.0,1.0,low
stu_09936,class_021,60.1,56.55,59.55,65.3,57.04,25.44,108.31,10.0,1221.0,5.0,1.0,19.0,1.0,medium
stu_09937,class_035,71.22,73.35,60.51,59.65,65.63,48.16,35.16,4.0,1454.0,6.0,2.0,2.0,3.0,medium
stu_09938,class_010,40.13,58.13,43.96,45.44,46.04,72.66,43.49,3.0,1202.0,5.0,1.0,2.0,2.0,medium
stu_09939,class_004,82.47,44.92,62.21,64.2,70.99,81.6,59.61,10.0,970.0,4.0,3.0,21.0,1.0,medium
stu_09940,class_028,92.49,90.56,86.1,75.3,79.32,38.89,16.77,0.0,1911.0,8.0,4.0,0.0,1.0,low
stu_09941,class_003,85.25,73.16,38.46,31.03,75.94,91.21,26.82,13.0,1809.0,8.0,5.0,12.0,4.0,low
stu_09942,class_027,30.08,54.65,82.99,79.62,57.98,71.38,37.93,11.0,1848.0,8.0,5.0,5.0,0.0,low
stu_09943,class_021,72.82,44.59,46.26,46.0,55.52,55.74,39.61,1.0,784.0,4.0,2.0,3.0,0.0,medium
stu_09944,class_020,40.7,9.49,87.91,88.75,44.82,73.18,36.39,6.0,1430.0,6.0,5.0,10.0,0.0,low
stu_09945,class_026,64.4,88.67,95.03,98.56,80.87,76.09,25.66,5.0,1707.0,7.0,3.0,11.0,0.0,low
stu_09946,class_004,23.77,84.76,74.92,95.69,57.86,83.17,16.65,14.0,1992.0,8.0,5.0,19.0,0.0,low
stu_09947,class_016,85.11,77.46,63.54,66.63,81.56,72.08,21.6,9.0,1500.0,7.0,3.0,19.0,0.0,low
stu_09948,class_014,59.46,46.51,41.62,43.35,47.33,8.86,167.15,5.0,953.0,4.0,1.0,8.0,1.0,high
stu_09949,class_013,76.02,73.09,23.8,17.64,61.96,84.07,34.57,8.0,1473.0,6.0,2.0,9.0,4.0,medium
stu_09950,class_005,89.16,68.04,27.24,38.19,64.06,61.15,26.34,10.0,1407.0,6.0,2.0,13.0,4.0,medium
stu_09951,class_005,57.45,29.74,33.82,52.72,38.53,14.25,92.04,4.0,792.0,4.0,1.0,6.0,3.0,high
stu_09952,class_012,84.87,87.31,98.86,93.37,90.51,100.0,16.31,12.0,1810.0,8.0,4.0,17.0,0.0,low
stu_09953,class_040,67.84,84.73,56.77,59.05,67.73,63.08,42.79,3.0,1678.0,7.0,2.0,2.0,2.0,medium
stu_09954,class_004,92.52,85.07,90.63,94.66,89.5,77.38,17.57,9.0,1733.0,7.0,4.0,13.0,0.0,low
stu_09955,class_018,10.67,15.45,14.41,14.88,16.95,29.16,81.54,3.0,351.0,2.0,0.0,1.0,2.0,high
stu_09956,class_002,68.66,53.13,36.38,40.6,59.46,71.62,26.53,4.0,1099.0,5.0,1.0,2.0,2.0,medium
stu_09957,class_017,74.58,63.11,72.5,71.73,76.73,80.77,10.99,9.0,1338.0,6.0,2.0,11.0,0.0,low
stu_09958,class_033,82.87,80.61,89.7,79.43,83.33,85.18,26.74,10.0,1784.0,8.0,5.0,10.0,0.0,low
stu_09959,class_007,19.35,43.17,79.81,82.55,45.73,70.47,82.72,5.0,216.0,1.0,0.0,4.0,2.0,high
stu_09960,class_022,66.11,41.01,65.98,56.27,61.28,79.3,35.0,6.0,823.0,4.0,1.0,4.0,1.0,medium
stu_09961,class_001,83.42,67.14,68.47,59.77,73.05,70.5,39.36,8.0,1739.0,7.0,3.0,17.0,3.0,medium
stu_09962,class_012,92.44,84.46,43.98,44.52,76.74,73.19,22.8,16.0,2061.0,9.0,5.0,21.0,6.0,low
stu_09963,class_028,58.12,70.8,45.13,40.55,55.4,66.87,22.62,2.0,1125.0,5.0,1.0,1.0,0.0,medium
stu_09964,class_037,72.67,68.6,85.29,86.21,75.46,81.66,33.58,17.0,1872.0,8.0,4.0,26.0,0.0,low
stu_09965,class_007,83.84,79.18,96.37,90.06,81.19,68.89,28.81,8.0,1503.0,7.0,4.0,17.0,0.0,low
stu_09966,class_014,41.64,47.96,55.15,67.09,42.47,1.66,51.31,0.0,1047.0,5.0,1.0,0.0,0.0,medium
stu_09967,class_018,95.32,82.04,97.26,93.0,79.39,24.92,28.9,0.0,1936.0,8.0,5.0,0.0,0.0,low
stu_09968,class_007,88.54,59.94,44.02,35.41,70.17,100.0,23.82,10.0,1770.0,8.0,4.0,15.0,5.0,low
stu_09969,class_013,51.53,41.37,72.87,66.63,55.95,72.1,31.01,3.0,5328.0,21.0,9.0,0.0,5.0,medium
stu_09970,class_039,59.94,71.16,81.61,82.43,72.13,75.05,59.48,3.0,,6.0,3.0,1.0,2.0,medium
stu_09971,class_036,57.86,63.16,60.92,56.44,59.9,65.89,32.27,5.0,987.0,4.0,2.0,1.0,1.0,medium
stu_09972,class_001,69.73,100.0,93.85,95.2,84.72,94.18,40.84,16.0,2341.0,10.0,4.0,24.0,0.0,low
stu_09973,class_015,75.91,70.01,75.95,81.33,73.25,78.63,22.08,5.0,1331.0,6.0,2.0,8.0,0.0,low
stu_09974,class_022,35.67,73.81,50.42,49.26,51.05,72.72,29.44,3.0,1396.0,6.0,2.0,0.0,1.0,medium
stu_09975,class_016,44.63,18.26,32.26,20.89,26.49,5.96,104.32,0.0,523.0,3.0,1.0,0.0,3.0,high
stu_09976,class_013,61.76,81.08,81.91,83.56,70.55,77.83,24.42,5.0,1515.0,7.0,4.0,4.0,2.0,medium
stu_09977,class_034,88.13,100.0,73.36,69.86,86.71,65.52,20.87,16.0,2224.0,9.0,4.0,18.0,0.0,low
stu_09978,class_012,43.41,59.37,85.54,80.24,55.31,73.76,28.84,2.0,1114.0,5.0,3.0,1.0,0.0,medium
stu_09979,class_037,30.01,53.11,31.03,28.2,36.4,35.46,36.89,2.0,931.0,4.0,1.0,3.0,5.0,high
stu_09980,class_033,87.6,74.98,62.75,59.93,78.28,67.55,17.65,13.0,1825.0,8.0,3.0,12.0,1.0,low
stu_09981,class_033,20.29,25.41,33.14,35.1,23.85,8.88,49.15,2.0,428.0,2.0,1.0,5.0,3.0,high
stu_09982,class_015,76.3,78.98,81.19,79.02,78.64,87.51,15.03,9.0,1589.0,7.0,4.0,8.0,0.0,low
stu_09983,class_014,99.57,45.26,50.46,62.45,70.33,34.01,147.0,5.0,254.0,2.0,0.0,7.0,4.0,high
stu_09984,class_039,60.16,28.9,41.01,32.56,45.68,,85.66,0.0,381.0,2.0,0.0,0.0,1.0,high
stu_09985,class_017,72.29,76.67,88.93,100.0,77.47,100.0,34.81,0.0,1718.0,7.0,3.0,20.0,0.0,low
stu_09986,class_021,87.11,79.28,100.0,100.0,87.13,93.3,21.57,14.0,1955.0,8.0,6.0,26.0,1.0,low
stu_09987,class_018,81.94,88.51,90.47,91.88,83.24,74.58,12.08,8.0,1599.0,7.0,5.0,11.0,1.0,low
stu_09988,class_017,89.61,85.73,74.85,75.17,87.72,100.0,27.14,10.0,1686.0,7.0,4.0,7.0,0.0,low
stu_09989,class_010,80.04,69.31,95.08,82.25,81.82,64.28,33.69,9.0,1541.0,7.0,5.0,7.0,0.0,low
stu_09990,class_007,89.74,34.1,31.94,26.02,61.92,95.88,40.54,1.0,814.0,4.0,3.0,1.0,0.0,medium
stu_09991,class_022,28.88,5.13,48.64,48.96,29.99,19.54,94.22,3.0,171.0,1.0,0.0,8.0,3.0,high
stu_09992,class_002,94.9,80.91,100.0,100.0,91.67,87.85,18.42,7.0,1538.0,7.0,4.0,10.0,0.0,low
stu_09993,class_003,0.0,50.19,29.14,35.96,23.43,45.71,73.82,0.0,742.0,3.0,1.0,2.0,3.0,high
stu_09994,class_033,94.31,87.48,76.86,,84.02,88.97,21.16,13.0,2012.0,9.0,4.0,23.0,0.0,low
stu_09995,class_032,91.14,77.98,79.18,74.61,82.81,82.8,16.04,13.0,1552.0,7.0,3.0,11.0,0.0,low
stu_09996,class_005,69.23,75.66,89.52,82.81,79.26,83.49,17.05,8.0,1567.0,7.0,3.0,14.0,1.0,low
stu_09997,class_003,81.78,74.29,85.64,98.7,80.52,70.57,17.67,13.0,1786.0,,4.0,16.0,0.0,low
stu_09998,class_024,21.46,46.31,70.41,100.0,51.36,58.84,22.99,10.0,1301.0,6.0,4.0,15.0,0.0,medium
stu_09999,class_032,97.88,72.94,86.83,89.59,79.78,59.76,20.3,0.0,1604.0,7.0,4.0,0.0,0.0,low
stu_10000,class_019,72.89,82.75,79.48,68.08,82.26,96.6,20.24,12.0,1850.0,8.0,2.0,14.0,0.0,low
